
Final_project_HMI_2025.elf:     file format elf32-avr

Sections:
Idx Name          Size      VMA       LMA       File off  Algn
  0 .text         00003c70  00000000  00000000  00000094  2**1
                  CONTENTS, ALLOC, LOAD, READONLY, CODE
  1 .data         000001e6  00800060  00003c70  00003d04  2**0
                  CONTENTS, ALLOC, LOAD, DATA
  2 .bss          00000007  00800246  00800246  00003eea  2**0
                  ALLOC
  3 .stab         00003810  00000000  00000000  00003eec  2**2
                  CONTENTS, READONLY, DEBUGGING
  4 .stabstr      00001bcb  00000000  00000000  000076fc  2**0
                  CONTENTS, READONLY, DEBUGGING
  5 .debug_aranges 00000140  00000000  00000000  000092c7  2**0
                  CONTENTS, READONLY, DEBUGGING
  6 .debug_pubnames 00000170  00000000  00000000  00009407  2**0
                  CONTENTS, READONLY, DEBUGGING
  7 .debug_info   00001c49  00000000  00000000  00009577  2**0
                  CONTENTS, READONLY, DEBUGGING
  8 .debug_abbrev 00000eeb  00000000  00000000  0000b1c0  2**0
                  CONTENTS, READONLY, DEBUGGING
  9 .debug_line   00000dad  00000000  00000000  0000c0ab  2**0
                  CONTENTS, READONLY, DEBUGGING
 10 .debug_frame  00000160  00000000  00000000  0000ce58  2**2
                  CONTENTS, READONLY, DEBUGGING
 11 .debug_str    0000028d  00000000  00000000  0000cfb8  2**0
                  CONTENTS, READONLY, DEBUGGING
 12 .debug_loc    000007ce  00000000  00000000  0000d245  2**0
                  CONTENTS, READONLY, DEBUGGING
 13 .debug_ranges 00000050  00000000  00000000  0000da13  2**0
                  CONTENTS, READONLY, DEBUGGING

Disassembly of section .text:

00000000 <__vectors>:
       0:	0c 94 2a 00 	jmp	0x54	; 0x54 <__ctors_end>
       4:	0c 94 47 00 	jmp	0x8e	; 0x8e <__bad_interrupt>
       8:	0c 94 47 00 	jmp	0x8e	; 0x8e <__bad_interrupt>
       c:	0c 94 47 00 	jmp	0x8e	; 0x8e <__bad_interrupt>
      10:	0c 94 50 14 	jmp	0x28a0	; 0x28a0 <__vector_4>
      14:	0c 94 1d 14 	jmp	0x283a	; 0x283a <__vector_5>
      18:	0c 94 47 00 	jmp	0x8e	; 0x8e <__bad_interrupt>
      1c:	0c 94 ea 13 	jmp	0x27d4	; 0x27d4 <__vector_7>
      20:	0c 94 47 00 	jmp	0x8e	; 0x8e <__bad_interrupt>
      24:	0c 94 b7 13 	jmp	0x276e	; 0x276e <__vector_9>
      28:	0c 94 84 13 	jmp	0x2708	; 0x2708 <__vector_10>
      2c:	0c 94 51 13 	jmp	0x26a2	; 0x26a2 <__vector_11>
      30:	0c 94 47 00 	jmp	0x8e	; 0x8e <__bad_interrupt>
      34:	0c 94 47 00 	jmp	0x8e	; 0x8e <__bad_interrupt>
      38:	0c 94 47 00 	jmp	0x8e	; 0x8e <__bad_interrupt>
      3c:	0c 94 47 00 	jmp	0x8e	; 0x8e <__bad_interrupt>
      40:	0c 94 47 00 	jmp	0x8e	; 0x8e <__bad_interrupt>
      44:	0c 94 47 00 	jmp	0x8e	; 0x8e <__bad_interrupt>
      48:	0c 94 47 00 	jmp	0x8e	; 0x8e <__bad_interrupt>
      4c:	0c 94 47 00 	jmp	0x8e	; 0x8e <__bad_interrupt>
      50:	0c 94 47 00 	jmp	0x8e	; 0x8e <__bad_interrupt>

00000054 <__ctors_end>:
      54:	11 24       	eor	r1, r1
      56:	1f be       	out	0x3f, r1	; 63
      58:	cf e5       	ldi	r28, 0x5F	; 95
      5a:	d8 e0       	ldi	r29, 0x08	; 8
      5c:	de bf       	out	0x3e, r29	; 62
      5e:	cd bf       	out	0x3d, r28	; 61

00000060 <__do_copy_data>:
      60:	12 e0       	ldi	r17, 0x02	; 2
      62:	a0 e6       	ldi	r26, 0x60	; 96
      64:	b0 e0       	ldi	r27, 0x00	; 0
      66:	e0 e7       	ldi	r30, 0x70	; 112
      68:	fc e3       	ldi	r31, 0x3C	; 60
      6a:	02 c0       	rjmp	.+4      	; 0x70 <.do_copy_data_start>

0000006c <.do_copy_data_loop>:
      6c:	05 90       	lpm	r0, Z+
      6e:	0d 92       	st	X+, r0

00000070 <.do_copy_data_start>:
      70:	a6 34       	cpi	r26, 0x46	; 70
      72:	b1 07       	cpc	r27, r17
      74:	d9 f7       	brne	.-10     	; 0x6c <.do_copy_data_loop>

00000076 <__do_clear_bss>:
      76:	12 e0       	ldi	r17, 0x02	; 2
      78:	a6 e4       	ldi	r26, 0x46	; 70
      7a:	b2 e0       	ldi	r27, 0x02	; 2
      7c:	01 c0       	rjmp	.+2      	; 0x80 <.do_clear_bss_start>

0000007e <.do_clear_bss_loop>:
      7e:	1d 92       	st	X+, r1

00000080 <.do_clear_bss_start>:
      80:	ad 34       	cpi	r26, 0x4D	; 77
      82:	b1 07       	cpc	r27, r17
      84:	e1 f7       	brne	.-8      	; 0x7e <.do_clear_bss_loop>
      86:	0e 94 c8 0c 	call	0x1990	; 0x1990 <main>
      8a:	0c 94 36 1e 	jmp	0x3c6c	; 0x3c6c <_exit>

0000008e <__bad_interrupt>:
      8e:	0c 94 00 00 	jmp	0	; 0x0 <__vectors>

00000092 <__fixunssfsi>:
      92:	ef 92       	push	r14
      94:	ff 92       	push	r15
      96:	0f 93       	push	r16
      98:	1f 93       	push	r17
      9a:	7b 01       	movw	r14, r22
      9c:	8c 01       	movw	r16, r24
      9e:	20 e0       	ldi	r18, 0x00	; 0
      a0:	30 e0       	ldi	r19, 0x00	; 0
      a2:	40 e0       	ldi	r20, 0x00	; 0
      a4:	5f e4       	ldi	r21, 0x4F	; 79
      a6:	0e 94 49 03 	call	0x692	; 0x692 <__gesf2>
      aa:	88 23       	and	r24, r24
      ac:	8c f0       	brlt	.+34     	; 0xd0 <__fixunssfsi+0x3e>
      ae:	c8 01       	movw	r24, r16
      b0:	b7 01       	movw	r22, r14
      b2:	20 e0       	ldi	r18, 0x00	; 0
      b4:	30 e0       	ldi	r19, 0x00	; 0
      b6:	40 e0       	ldi	r20, 0x00	; 0
      b8:	5f e4       	ldi	r21, 0x4F	; 79
      ba:	0e 94 c1 01 	call	0x382	; 0x382 <__subsf3>
      be:	0e 94 a9 03 	call	0x752	; 0x752 <__fixsfsi>
      c2:	9b 01       	movw	r18, r22
      c4:	ac 01       	movw	r20, r24
      c6:	20 50       	subi	r18, 0x00	; 0
      c8:	30 40       	sbci	r19, 0x00	; 0
      ca:	40 40       	sbci	r20, 0x00	; 0
      cc:	50 48       	sbci	r21, 0x80	; 128
      ce:	06 c0       	rjmp	.+12     	; 0xdc <__fixunssfsi+0x4a>
      d0:	c8 01       	movw	r24, r16
      d2:	b7 01       	movw	r22, r14
      d4:	0e 94 a9 03 	call	0x752	; 0x752 <__fixsfsi>
      d8:	9b 01       	movw	r18, r22
      da:	ac 01       	movw	r20, r24
      dc:	b9 01       	movw	r22, r18
      de:	ca 01       	movw	r24, r20
      e0:	1f 91       	pop	r17
      e2:	0f 91       	pop	r16
      e4:	ff 90       	pop	r15
      e6:	ef 90       	pop	r14
      e8:	08 95       	ret

000000ea <_fpadd_parts>:
      ea:	a0 e0       	ldi	r26, 0x00	; 0
      ec:	b0 e0       	ldi	r27, 0x00	; 0
      ee:	eb e7       	ldi	r30, 0x7B	; 123
      f0:	f0 e0       	ldi	r31, 0x00	; 0
      f2:	0c 94 ba 1d 	jmp	0x3b74	; 0x3b74 <__prologue_saves__>
      f6:	dc 01       	movw	r26, r24
      f8:	2b 01       	movw	r4, r22
      fa:	fa 01       	movw	r30, r20
      fc:	9c 91       	ld	r25, X
      fe:	92 30       	cpi	r25, 0x02	; 2
     100:	08 f4       	brcc	.+2      	; 0x104 <_fpadd_parts+0x1a>
     102:	39 c1       	rjmp	.+626    	; 0x376 <_fpadd_parts+0x28c>
     104:	eb 01       	movw	r28, r22
     106:	88 81       	ld	r24, Y
     108:	82 30       	cpi	r24, 0x02	; 2
     10a:	08 f4       	brcc	.+2      	; 0x10e <_fpadd_parts+0x24>
     10c:	33 c1       	rjmp	.+614    	; 0x374 <_fpadd_parts+0x28a>
     10e:	94 30       	cpi	r25, 0x04	; 4
     110:	69 f4       	brne	.+26     	; 0x12c <_fpadd_parts+0x42>
     112:	84 30       	cpi	r24, 0x04	; 4
     114:	09 f0       	breq	.+2      	; 0x118 <_fpadd_parts+0x2e>
     116:	2f c1       	rjmp	.+606    	; 0x376 <_fpadd_parts+0x28c>
     118:	11 96       	adiw	r26, 0x01	; 1
     11a:	9c 91       	ld	r25, X
     11c:	11 97       	sbiw	r26, 0x01	; 1
     11e:	89 81       	ldd	r24, Y+1	; 0x01
     120:	98 17       	cp	r25, r24
     122:	09 f4       	brne	.+2      	; 0x126 <_fpadd_parts+0x3c>
     124:	28 c1       	rjmp	.+592    	; 0x376 <_fpadd_parts+0x28c>
     126:	af e2       	ldi	r26, 0x2F	; 47
     128:	b2 e0       	ldi	r27, 0x02	; 2
     12a:	25 c1       	rjmp	.+586    	; 0x376 <_fpadd_parts+0x28c>
     12c:	84 30       	cpi	r24, 0x04	; 4
     12e:	09 f4       	brne	.+2      	; 0x132 <_fpadd_parts+0x48>
     130:	21 c1       	rjmp	.+578    	; 0x374 <_fpadd_parts+0x28a>
     132:	82 30       	cpi	r24, 0x02	; 2
     134:	a9 f4       	brne	.+42     	; 0x160 <_fpadd_parts+0x76>
     136:	92 30       	cpi	r25, 0x02	; 2
     138:	09 f0       	breq	.+2      	; 0x13c <_fpadd_parts+0x52>
     13a:	1d c1       	rjmp	.+570    	; 0x376 <_fpadd_parts+0x28c>
     13c:	9a 01       	movw	r18, r20
     13e:	ad 01       	movw	r20, r26
     140:	88 e0       	ldi	r24, 0x08	; 8
     142:	ea 01       	movw	r28, r20
     144:	09 90       	ld	r0, Y+
     146:	ae 01       	movw	r20, r28
     148:	e9 01       	movw	r28, r18
     14a:	09 92       	st	Y+, r0
     14c:	9e 01       	movw	r18, r28
     14e:	81 50       	subi	r24, 0x01	; 1
     150:	c1 f7       	brne	.-16     	; 0x142 <_fpadd_parts+0x58>
     152:	e2 01       	movw	r28, r4
     154:	89 81       	ldd	r24, Y+1	; 0x01
     156:	11 96       	adiw	r26, 0x01	; 1
     158:	9c 91       	ld	r25, X
     15a:	89 23       	and	r24, r25
     15c:	81 83       	std	Z+1, r24	; 0x01
     15e:	08 c1       	rjmp	.+528    	; 0x370 <_fpadd_parts+0x286>
     160:	92 30       	cpi	r25, 0x02	; 2
     162:	09 f4       	brne	.+2      	; 0x166 <_fpadd_parts+0x7c>
     164:	07 c1       	rjmp	.+526    	; 0x374 <_fpadd_parts+0x28a>
     166:	12 96       	adiw	r26, 0x02	; 2
     168:	2d 90       	ld	r2, X+
     16a:	3c 90       	ld	r3, X
     16c:	13 97       	sbiw	r26, 0x03	; 3
     16e:	eb 01       	movw	r28, r22
     170:	8a 81       	ldd	r24, Y+2	; 0x02
     172:	9b 81       	ldd	r25, Y+3	; 0x03
     174:	14 96       	adiw	r26, 0x04	; 4
     176:	ad 90       	ld	r10, X+
     178:	bd 90       	ld	r11, X+
     17a:	cd 90       	ld	r12, X+
     17c:	dc 90       	ld	r13, X
     17e:	17 97       	sbiw	r26, 0x07	; 7
     180:	ec 80       	ldd	r14, Y+4	; 0x04
     182:	fd 80       	ldd	r15, Y+5	; 0x05
     184:	0e 81       	ldd	r16, Y+6	; 0x06
     186:	1f 81       	ldd	r17, Y+7	; 0x07
     188:	91 01       	movw	r18, r2
     18a:	28 1b       	sub	r18, r24
     18c:	39 0b       	sbc	r19, r25
     18e:	b9 01       	movw	r22, r18
     190:	37 ff       	sbrs	r19, 7
     192:	04 c0       	rjmp	.+8      	; 0x19c <_fpadd_parts+0xb2>
     194:	66 27       	eor	r22, r22
     196:	77 27       	eor	r23, r23
     198:	62 1b       	sub	r22, r18
     19a:	73 0b       	sbc	r23, r19
     19c:	60 32       	cpi	r22, 0x20	; 32
     19e:	71 05       	cpc	r23, r1
     1a0:	0c f0       	brlt	.+2      	; 0x1a4 <_fpadd_parts+0xba>
     1a2:	61 c0       	rjmp	.+194    	; 0x266 <_fpadd_parts+0x17c>
     1a4:	12 16       	cp	r1, r18
     1a6:	13 06       	cpc	r1, r19
     1a8:	6c f5       	brge	.+90     	; 0x204 <_fpadd_parts+0x11a>
     1aa:	37 01       	movw	r6, r14
     1ac:	48 01       	movw	r8, r16
     1ae:	06 2e       	mov	r0, r22
     1b0:	04 c0       	rjmp	.+8      	; 0x1ba <_fpadd_parts+0xd0>
     1b2:	96 94       	lsr	r9
     1b4:	87 94       	ror	r8
     1b6:	77 94       	ror	r7
     1b8:	67 94       	ror	r6
     1ba:	0a 94       	dec	r0
     1bc:	d2 f7       	brpl	.-12     	; 0x1b2 <_fpadd_parts+0xc8>
     1be:	21 e0       	ldi	r18, 0x01	; 1
     1c0:	30 e0       	ldi	r19, 0x00	; 0
     1c2:	40 e0       	ldi	r20, 0x00	; 0
     1c4:	50 e0       	ldi	r21, 0x00	; 0
     1c6:	04 c0       	rjmp	.+8      	; 0x1d0 <_fpadd_parts+0xe6>
     1c8:	22 0f       	add	r18, r18
     1ca:	33 1f       	adc	r19, r19
     1cc:	44 1f       	adc	r20, r20
     1ce:	55 1f       	adc	r21, r21
     1d0:	6a 95       	dec	r22
     1d2:	d2 f7       	brpl	.-12     	; 0x1c8 <_fpadd_parts+0xde>
     1d4:	21 50       	subi	r18, 0x01	; 1
     1d6:	30 40       	sbci	r19, 0x00	; 0
     1d8:	40 40       	sbci	r20, 0x00	; 0
     1da:	50 40       	sbci	r21, 0x00	; 0
     1dc:	2e 21       	and	r18, r14
     1de:	3f 21       	and	r19, r15
     1e0:	40 23       	and	r20, r16
     1e2:	51 23       	and	r21, r17
     1e4:	21 15       	cp	r18, r1
     1e6:	31 05       	cpc	r19, r1
     1e8:	41 05       	cpc	r20, r1
     1ea:	51 05       	cpc	r21, r1
     1ec:	21 f0       	breq	.+8      	; 0x1f6 <_fpadd_parts+0x10c>
     1ee:	21 e0       	ldi	r18, 0x01	; 1
     1f0:	30 e0       	ldi	r19, 0x00	; 0
     1f2:	40 e0       	ldi	r20, 0x00	; 0
     1f4:	50 e0       	ldi	r21, 0x00	; 0
     1f6:	79 01       	movw	r14, r18
     1f8:	8a 01       	movw	r16, r20
     1fa:	e6 28       	or	r14, r6
     1fc:	f7 28       	or	r15, r7
     1fe:	08 29       	or	r16, r8
     200:	19 29       	or	r17, r9
     202:	3c c0       	rjmp	.+120    	; 0x27c <_fpadd_parts+0x192>
     204:	23 2b       	or	r18, r19
     206:	d1 f1       	breq	.+116    	; 0x27c <_fpadd_parts+0x192>
     208:	26 0e       	add	r2, r22
     20a:	37 1e       	adc	r3, r23
     20c:	35 01       	movw	r6, r10
     20e:	46 01       	movw	r8, r12
     210:	06 2e       	mov	r0, r22
     212:	04 c0       	rjmp	.+8      	; 0x21c <_fpadd_parts+0x132>
     214:	96 94       	lsr	r9
     216:	87 94       	ror	r8
     218:	77 94       	ror	r7
     21a:	67 94       	ror	r6
     21c:	0a 94       	dec	r0
     21e:	d2 f7       	brpl	.-12     	; 0x214 <_fpadd_parts+0x12a>
     220:	21 e0       	ldi	r18, 0x01	; 1
     222:	30 e0       	ldi	r19, 0x00	; 0
     224:	40 e0       	ldi	r20, 0x00	; 0
     226:	50 e0       	ldi	r21, 0x00	; 0
     228:	04 c0       	rjmp	.+8      	; 0x232 <_fpadd_parts+0x148>
     22a:	22 0f       	add	r18, r18
     22c:	33 1f       	adc	r19, r19
     22e:	44 1f       	adc	r20, r20
     230:	55 1f       	adc	r21, r21
     232:	6a 95       	dec	r22
     234:	d2 f7       	brpl	.-12     	; 0x22a <_fpadd_parts+0x140>
     236:	21 50       	subi	r18, 0x01	; 1
     238:	30 40       	sbci	r19, 0x00	; 0
     23a:	40 40       	sbci	r20, 0x00	; 0
     23c:	50 40       	sbci	r21, 0x00	; 0
     23e:	2a 21       	and	r18, r10
     240:	3b 21       	and	r19, r11
     242:	4c 21       	and	r20, r12
     244:	5d 21       	and	r21, r13
     246:	21 15       	cp	r18, r1
     248:	31 05       	cpc	r19, r1
     24a:	41 05       	cpc	r20, r1
     24c:	51 05       	cpc	r21, r1
     24e:	21 f0       	breq	.+8      	; 0x258 <_fpadd_parts+0x16e>
     250:	21 e0       	ldi	r18, 0x01	; 1
     252:	30 e0       	ldi	r19, 0x00	; 0
     254:	40 e0       	ldi	r20, 0x00	; 0
     256:	50 e0       	ldi	r21, 0x00	; 0
     258:	59 01       	movw	r10, r18
     25a:	6a 01       	movw	r12, r20
     25c:	a6 28       	or	r10, r6
     25e:	b7 28       	or	r11, r7
     260:	c8 28       	or	r12, r8
     262:	d9 28       	or	r13, r9
     264:	0b c0       	rjmp	.+22     	; 0x27c <_fpadd_parts+0x192>
     266:	82 15       	cp	r24, r2
     268:	93 05       	cpc	r25, r3
     26a:	2c f0       	brlt	.+10     	; 0x276 <_fpadd_parts+0x18c>
     26c:	1c 01       	movw	r2, r24
     26e:	aa 24       	eor	r10, r10
     270:	bb 24       	eor	r11, r11
     272:	65 01       	movw	r12, r10
     274:	03 c0       	rjmp	.+6      	; 0x27c <_fpadd_parts+0x192>
     276:	ee 24       	eor	r14, r14
     278:	ff 24       	eor	r15, r15
     27a:	87 01       	movw	r16, r14
     27c:	11 96       	adiw	r26, 0x01	; 1
     27e:	9c 91       	ld	r25, X
     280:	d2 01       	movw	r26, r4
     282:	11 96       	adiw	r26, 0x01	; 1
     284:	8c 91       	ld	r24, X
     286:	98 17       	cp	r25, r24
     288:	09 f4       	brne	.+2      	; 0x28c <_fpadd_parts+0x1a2>
     28a:	45 c0       	rjmp	.+138    	; 0x316 <_fpadd_parts+0x22c>
     28c:	99 23       	and	r25, r25
     28e:	39 f0       	breq	.+14     	; 0x29e <_fpadd_parts+0x1b4>
     290:	a8 01       	movw	r20, r16
     292:	97 01       	movw	r18, r14
     294:	2a 19       	sub	r18, r10
     296:	3b 09       	sbc	r19, r11
     298:	4c 09       	sbc	r20, r12
     29a:	5d 09       	sbc	r21, r13
     29c:	06 c0       	rjmp	.+12     	; 0x2aa <_fpadd_parts+0x1c0>
     29e:	a6 01       	movw	r20, r12
     2a0:	95 01       	movw	r18, r10
     2a2:	2e 19       	sub	r18, r14
     2a4:	3f 09       	sbc	r19, r15
     2a6:	40 0b       	sbc	r20, r16
     2a8:	51 0b       	sbc	r21, r17
     2aa:	57 fd       	sbrc	r21, 7
     2ac:	08 c0       	rjmp	.+16     	; 0x2be <_fpadd_parts+0x1d4>
     2ae:	11 82       	std	Z+1, r1	; 0x01
     2b0:	33 82       	std	Z+3, r3	; 0x03
     2b2:	22 82       	std	Z+2, r2	; 0x02
     2b4:	24 83       	std	Z+4, r18	; 0x04
     2b6:	35 83       	std	Z+5, r19	; 0x05
     2b8:	46 83       	std	Z+6, r20	; 0x06
     2ba:	57 83       	std	Z+7, r21	; 0x07
     2bc:	1d c0       	rjmp	.+58     	; 0x2f8 <_fpadd_parts+0x20e>
     2be:	81 e0       	ldi	r24, 0x01	; 1
     2c0:	81 83       	std	Z+1, r24	; 0x01
     2c2:	33 82       	std	Z+3, r3	; 0x03
     2c4:	22 82       	std	Z+2, r2	; 0x02
     2c6:	88 27       	eor	r24, r24
     2c8:	99 27       	eor	r25, r25
     2ca:	dc 01       	movw	r26, r24
     2cc:	82 1b       	sub	r24, r18
     2ce:	93 0b       	sbc	r25, r19
     2d0:	a4 0b       	sbc	r26, r20
     2d2:	b5 0b       	sbc	r27, r21
     2d4:	84 83       	std	Z+4, r24	; 0x04
     2d6:	95 83       	std	Z+5, r25	; 0x05
     2d8:	a6 83       	std	Z+6, r26	; 0x06
     2da:	b7 83       	std	Z+7, r27	; 0x07
     2dc:	0d c0       	rjmp	.+26     	; 0x2f8 <_fpadd_parts+0x20e>
     2de:	22 0f       	add	r18, r18
     2e0:	33 1f       	adc	r19, r19
     2e2:	44 1f       	adc	r20, r20
     2e4:	55 1f       	adc	r21, r21
     2e6:	24 83       	std	Z+4, r18	; 0x04
     2e8:	35 83       	std	Z+5, r19	; 0x05
     2ea:	46 83       	std	Z+6, r20	; 0x06
     2ec:	57 83       	std	Z+7, r21	; 0x07
     2ee:	82 81       	ldd	r24, Z+2	; 0x02
     2f0:	93 81       	ldd	r25, Z+3	; 0x03
     2f2:	01 97       	sbiw	r24, 0x01	; 1
     2f4:	93 83       	std	Z+3, r25	; 0x03
     2f6:	82 83       	std	Z+2, r24	; 0x02
     2f8:	24 81       	ldd	r18, Z+4	; 0x04
     2fa:	35 81       	ldd	r19, Z+5	; 0x05
     2fc:	46 81       	ldd	r20, Z+6	; 0x06
     2fe:	57 81       	ldd	r21, Z+7	; 0x07
     300:	da 01       	movw	r26, r20
     302:	c9 01       	movw	r24, r18
     304:	01 97       	sbiw	r24, 0x01	; 1
     306:	a1 09       	sbc	r26, r1
     308:	b1 09       	sbc	r27, r1
     30a:	8f 5f       	subi	r24, 0xFF	; 255
     30c:	9f 4f       	sbci	r25, 0xFF	; 255
     30e:	af 4f       	sbci	r26, 0xFF	; 255
     310:	bf 43       	sbci	r27, 0x3F	; 63
     312:	28 f3       	brcs	.-54     	; 0x2de <_fpadd_parts+0x1f4>
     314:	0b c0       	rjmp	.+22     	; 0x32c <_fpadd_parts+0x242>
     316:	91 83       	std	Z+1, r25	; 0x01
     318:	33 82       	std	Z+3, r3	; 0x03
     31a:	22 82       	std	Z+2, r2	; 0x02
     31c:	ea 0c       	add	r14, r10
     31e:	fb 1c       	adc	r15, r11
     320:	0c 1d       	adc	r16, r12
     322:	1d 1d       	adc	r17, r13
     324:	e4 82       	std	Z+4, r14	; 0x04
     326:	f5 82       	std	Z+5, r15	; 0x05
     328:	06 83       	std	Z+6, r16	; 0x06
     32a:	17 83       	std	Z+7, r17	; 0x07
     32c:	83 e0       	ldi	r24, 0x03	; 3
     32e:	80 83       	st	Z, r24
     330:	24 81       	ldd	r18, Z+4	; 0x04
     332:	35 81       	ldd	r19, Z+5	; 0x05
     334:	46 81       	ldd	r20, Z+6	; 0x06
     336:	57 81       	ldd	r21, Z+7	; 0x07
     338:	57 ff       	sbrs	r21, 7
     33a:	1a c0       	rjmp	.+52     	; 0x370 <_fpadd_parts+0x286>
     33c:	c9 01       	movw	r24, r18
     33e:	aa 27       	eor	r26, r26
     340:	97 fd       	sbrc	r25, 7
     342:	a0 95       	com	r26
     344:	ba 2f       	mov	r27, r26
     346:	81 70       	andi	r24, 0x01	; 1
     348:	90 70       	andi	r25, 0x00	; 0
     34a:	a0 70       	andi	r26, 0x00	; 0
     34c:	b0 70       	andi	r27, 0x00	; 0
     34e:	56 95       	lsr	r21
     350:	47 95       	ror	r20
     352:	37 95       	ror	r19
     354:	27 95       	ror	r18
     356:	82 2b       	or	r24, r18
     358:	93 2b       	or	r25, r19
     35a:	a4 2b       	or	r26, r20
     35c:	b5 2b       	or	r27, r21
     35e:	84 83       	std	Z+4, r24	; 0x04
     360:	95 83       	std	Z+5, r25	; 0x05
     362:	a6 83       	std	Z+6, r26	; 0x06
     364:	b7 83       	std	Z+7, r27	; 0x07
     366:	82 81       	ldd	r24, Z+2	; 0x02
     368:	93 81       	ldd	r25, Z+3	; 0x03
     36a:	01 96       	adiw	r24, 0x01	; 1
     36c:	93 83       	std	Z+3, r25	; 0x03
     36e:	82 83       	std	Z+2, r24	; 0x02
     370:	df 01       	movw	r26, r30
     372:	01 c0       	rjmp	.+2      	; 0x376 <_fpadd_parts+0x28c>
     374:	d2 01       	movw	r26, r4
     376:	cd 01       	movw	r24, r26
     378:	cd b7       	in	r28, 0x3d	; 61
     37a:	de b7       	in	r29, 0x3e	; 62
     37c:	e2 e1       	ldi	r30, 0x12	; 18
     37e:	0c 94 d6 1d 	jmp	0x3bac	; 0x3bac <__epilogue_restores__>

00000382 <__subsf3>:
     382:	a0 e2       	ldi	r26, 0x20	; 32
     384:	b0 e0       	ldi	r27, 0x00	; 0
     386:	e7 ec       	ldi	r30, 0xC7	; 199
     388:	f1 e0       	ldi	r31, 0x01	; 1
     38a:	0c 94 c6 1d 	jmp	0x3b8c	; 0x3b8c <__prologue_saves__+0x18>
     38e:	69 83       	std	Y+1, r22	; 0x01
     390:	7a 83       	std	Y+2, r23	; 0x02
     392:	8b 83       	std	Y+3, r24	; 0x03
     394:	9c 83       	std	Y+4, r25	; 0x04
     396:	2d 83       	std	Y+5, r18	; 0x05
     398:	3e 83       	std	Y+6, r19	; 0x06
     39a:	4f 83       	std	Y+7, r20	; 0x07
     39c:	58 87       	std	Y+8, r21	; 0x08
     39e:	e9 e0       	ldi	r30, 0x09	; 9
     3a0:	ee 2e       	mov	r14, r30
     3a2:	f1 2c       	mov	r15, r1
     3a4:	ec 0e       	add	r14, r28
     3a6:	fd 1e       	adc	r15, r29
     3a8:	ce 01       	movw	r24, r28
     3aa:	01 96       	adiw	r24, 0x01	; 1
     3ac:	b7 01       	movw	r22, r14
     3ae:	0e 94 d2 04 	call	0x9a4	; 0x9a4 <__unpack_f>
     3b2:	8e 01       	movw	r16, r28
     3b4:	0f 5e       	subi	r16, 0xEF	; 239
     3b6:	1f 4f       	sbci	r17, 0xFF	; 255
     3b8:	ce 01       	movw	r24, r28
     3ba:	05 96       	adiw	r24, 0x05	; 5
     3bc:	b8 01       	movw	r22, r16
     3be:	0e 94 d2 04 	call	0x9a4	; 0x9a4 <__unpack_f>
     3c2:	8a 89       	ldd	r24, Y+18	; 0x12
     3c4:	91 e0       	ldi	r25, 0x01	; 1
     3c6:	89 27       	eor	r24, r25
     3c8:	8a 8b       	std	Y+18, r24	; 0x12
     3ca:	c7 01       	movw	r24, r14
     3cc:	b8 01       	movw	r22, r16
     3ce:	ae 01       	movw	r20, r28
     3d0:	47 5e       	subi	r20, 0xE7	; 231
     3d2:	5f 4f       	sbci	r21, 0xFF	; 255
     3d4:	0e 94 75 00 	call	0xea	; 0xea <_fpadd_parts>
     3d8:	0e 94 fd 03 	call	0x7fa	; 0x7fa <__pack_f>
     3dc:	a0 96       	adiw	r28, 0x20	; 32
     3de:	e6 e0       	ldi	r30, 0x06	; 6
     3e0:	0c 94 e2 1d 	jmp	0x3bc4	; 0x3bc4 <__epilogue_restores__+0x18>

000003e4 <__addsf3>:
     3e4:	a0 e2       	ldi	r26, 0x20	; 32
     3e6:	b0 e0       	ldi	r27, 0x00	; 0
     3e8:	e8 ef       	ldi	r30, 0xF8	; 248
     3ea:	f1 e0       	ldi	r31, 0x01	; 1
     3ec:	0c 94 c6 1d 	jmp	0x3b8c	; 0x3b8c <__prologue_saves__+0x18>
     3f0:	69 83       	std	Y+1, r22	; 0x01
     3f2:	7a 83       	std	Y+2, r23	; 0x02
     3f4:	8b 83       	std	Y+3, r24	; 0x03
     3f6:	9c 83       	std	Y+4, r25	; 0x04
     3f8:	2d 83       	std	Y+5, r18	; 0x05
     3fa:	3e 83       	std	Y+6, r19	; 0x06
     3fc:	4f 83       	std	Y+7, r20	; 0x07
     3fe:	58 87       	std	Y+8, r21	; 0x08
     400:	f9 e0       	ldi	r31, 0x09	; 9
     402:	ef 2e       	mov	r14, r31
     404:	f1 2c       	mov	r15, r1
     406:	ec 0e       	add	r14, r28
     408:	fd 1e       	adc	r15, r29
     40a:	ce 01       	movw	r24, r28
     40c:	01 96       	adiw	r24, 0x01	; 1
     40e:	b7 01       	movw	r22, r14
     410:	0e 94 d2 04 	call	0x9a4	; 0x9a4 <__unpack_f>
     414:	8e 01       	movw	r16, r28
     416:	0f 5e       	subi	r16, 0xEF	; 239
     418:	1f 4f       	sbci	r17, 0xFF	; 255
     41a:	ce 01       	movw	r24, r28
     41c:	05 96       	adiw	r24, 0x05	; 5
     41e:	b8 01       	movw	r22, r16
     420:	0e 94 d2 04 	call	0x9a4	; 0x9a4 <__unpack_f>
     424:	c7 01       	movw	r24, r14
     426:	b8 01       	movw	r22, r16
     428:	ae 01       	movw	r20, r28
     42a:	47 5e       	subi	r20, 0xE7	; 231
     42c:	5f 4f       	sbci	r21, 0xFF	; 255
     42e:	0e 94 75 00 	call	0xea	; 0xea <_fpadd_parts>
     432:	0e 94 fd 03 	call	0x7fa	; 0x7fa <__pack_f>
     436:	a0 96       	adiw	r28, 0x20	; 32
     438:	e6 e0       	ldi	r30, 0x06	; 6
     43a:	0c 94 e2 1d 	jmp	0x3bc4	; 0x3bc4 <__epilogue_restores__+0x18>

0000043e <__mulsf3>:
     43e:	a0 e2       	ldi	r26, 0x20	; 32
     440:	b0 e0       	ldi	r27, 0x00	; 0
     442:	e5 e2       	ldi	r30, 0x25	; 37
     444:	f2 e0       	ldi	r31, 0x02	; 2
     446:	0c 94 ba 1d 	jmp	0x3b74	; 0x3b74 <__prologue_saves__>
     44a:	69 83       	std	Y+1, r22	; 0x01
     44c:	7a 83       	std	Y+2, r23	; 0x02
     44e:	8b 83       	std	Y+3, r24	; 0x03
     450:	9c 83       	std	Y+4, r25	; 0x04
     452:	2d 83       	std	Y+5, r18	; 0x05
     454:	3e 83       	std	Y+6, r19	; 0x06
     456:	4f 83       	std	Y+7, r20	; 0x07
     458:	58 87       	std	Y+8, r21	; 0x08
     45a:	ce 01       	movw	r24, r28
     45c:	01 96       	adiw	r24, 0x01	; 1
     45e:	be 01       	movw	r22, r28
     460:	67 5f       	subi	r22, 0xF7	; 247
     462:	7f 4f       	sbci	r23, 0xFF	; 255
     464:	0e 94 d2 04 	call	0x9a4	; 0x9a4 <__unpack_f>
     468:	ce 01       	movw	r24, r28
     46a:	05 96       	adiw	r24, 0x05	; 5
     46c:	be 01       	movw	r22, r28
     46e:	6f 5e       	subi	r22, 0xEF	; 239
     470:	7f 4f       	sbci	r23, 0xFF	; 255
     472:	0e 94 d2 04 	call	0x9a4	; 0x9a4 <__unpack_f>
     476:	99 85       	ldd	r25, Y+9	; 0x09
     478:	92 30       	cpi	r25, 0x02	; 2
     47a:	88 f0       	brcs	.+34     	; 0x49e <__mulsf3+0x60>
     47c:	89 89       	ldd	r24, Y+17	; 0x11
     47e:	82 30       	cpi	r24, 0x02	; 2
     480:	c8 f0       	brcs	.+50     	; 0x4b4 <__mulsf3+0x76>
     482:	94 30       	cpi	r25, 0x04	; 4
     484:	19 f4       	brne	.+6      	; 0x48c <__mulsf3+0x4e>
     486:	82 30       	cpi	r24, 0x02	; 2
     488:	51 f4       	brne	.+20     	; 0x49e <__mulsf3+0x60>
     48a:	04 c0       	rjmp	.+8      	; 0x494 <__mulsf3+0x56>
     48c:	84 30       	cpi	r24, 0x04	; 4
     48e:	29 f4       	brne	.+10     	; 0x49a <__mulsf3+0x5c>
     490:	92 30       	cpi	r25, 0x02	; 2
     492:	81 f4       	brne	.+32     	; 0x4b4 <__mulsf3+0x76>
     494:	8f e2       	ldi	r24, 0x2F	; 47
     496:	92 e0       	ldi	r25, 0x02	; 2
     498:	c6 c0       	rjmp	.+396    	; 0x626 <__mulsf3+0x1e8>
     49a:	92 30       	cpi	r25, 0x02	; 2
     49c:	49 f4       	brne	.+18     	; 0x4b0 <__mulsf3+0x72>
     49e:	20 e0       	ldi	r18, 0x00	; 0
     4a0:	9a 85       	ldd	r25, Y+10	; 0x0a
     4a2:	8a 89       	ldd	r24, Y+18	; 0x12
     4a4:	98 13       	cpse	r25, r24
     4a6:	21 e0       	ldi	r18, 0x01	; 1
     4a8:	2a 87       	std	Y+10, r18	; 0x0a
     4aa:	ce 01       	movw	r24, r28
     4ac:	09 96       	adiw	r24, 0x09	; 9
     4ae:	bb c0       	rjmp	.+374    	; 0x626 <__mulsf3+0x1e8>
     4b0:	82 30       	cpi	r24, 0x02	; 2
     4b2:	49 f4       	brne	.+18     	; 0x4c6 <__mulsf3+0x88>
     4b4:	20 e0       	ldi	r18, 0x00	; 0
     4b6:	9a 85       	ldd	r25, Y+10	; 0x0a
     4b8:	8a 89       	ldd	r24, Y+18	; 0x12
     4ba:	98 13       	cpse	r25, r24
     4bc:	21 e0       	ldi	r18, 0x01	; 1
     4be:	2a 8b       	std	Y+18, r18	; 0x12
     4c0:	ce 01       	movw	r24, r28
     4c2:	41 96       	adiw	r24, 0x11	; 17
     4c4:	b0 c0       	rjmp	.+352    	; 0x626 <__mulsf3+0x1e8>
     4c6:	2d 84       	ldd	r2, Y+13	; 0x0d
     4c8:	3e 84       	ldd	r3, Y+14	; 0x0e
     4ca:	4f 84       	ldd	r4, Y+15	; 0x0f
     4cc:	58 88       	ldd	r5, Y+16	; 0x10
     4ce:	6d 88       	ldd	r6, Y+21	; 0x15
     4d0:	7e 88       	ldd	r7, Y+22	; 0x16
     4d2:	8f 88       	ldd	r8, Y+23	; 0x17
     4d4:	98 8c       	ldd	r9, Y+24	; 0x18
     4d6:	ee 24       	eor	r14, r14
     4d8:	ff 24       	eor	r15, r15
     4da:	87 01       	movw	r16, r14
     4dc:	aa 24       	eor	r10, r10
     4de:	bb 24       	eor	r11, r11
     4e0:	65 01       	movw	r12, r10
     4e2:	40 e0       	ldi	r20, 0x00	; 0
     4e4:	50 e0       	ldi	r21, 0x00	; 0
     4e6:	60 e0       	ldi	r22, 0x00	; 0
     4e8:	70 e0       	ldi	r23, 0x00	; 0
     4ea:	e0 e0       	ldi	r30, 0x00	; 0
     4ec:	f0 e0       	ldi	r31, 0x00	; 0
     4ee:	c1 01       	movw	r24, r2
     4f0:	81 70       	andi	r24, 0x01	; 1
     4f2:	90 70       	andi	r25, 0x00	; 0
     4f4:	89 2b       	or	r24, r25
     4f6:	e9 f0       	breq	.+58     	; 0x532 <__mulsf3+0xf4>
     4f8:	e6 0c       	add	r14, r6
     4fa:	f7 1c       	adc	r15, r7
     4fc:	08 1d       	adc	r16, r8
     4fe:	19 1d       	adc	r17, r9
     500:	9a 01       	movw	r18, r20
     502:	ab 01       	movw	r20, r22
     504:	2a 0d       	add	r18, r10
     506:	3b 1d       	adc	r19, r11
     508:	4c 1d       	adc	r20, r12
     50a:	5d 1d       	adc	r21, r13
     50c:	80 e0       	ldi	r24, 0x00	; 0
     50e:	90 e0       	ldi	r25, 0x00	; 0
     510:	a0 e0       	ldi	r26, 0x00	; 0
     512:	b0 e0       	ldi	r27, 0x00	; 0
     514:	e6 14       	cp	r14, r6
     516:	f7 04       	cpc	r15, r7
     518:	08 05       	cpc	r16, r8
     51a:	19 05       	cpc	r17, r9
     51c:	20 f4       	brcc	.+8      	; 0x526 <__mulsf3+0xe8>
     51e:	81 e0       	ldi	r24, 0x01	; 1
     520:	90 e0       	ldi	r25, 0x00	; 0
     522:	a0 e0       	ldi	r26, 0x00	; 0
     524:	b0 e0       	ldi	r27, 0x00	; 0
     526:	ba 01       	movw	r22, r20
     528:	a9 01       	movw	r20, r18
     52a:	48 0f       	add	r20, r24
     52c:	59 1f       	adc	r21, r25
     52e:	6a 1f       	adc	r22, r26
     530:	7b 1f       	adc	r23, r27
     532:	aa 0c       	add	r10, r10
     534:	bb 1c       	adc	r11, r11
     536:	cc 1c       	adc	r12, r12
     538:	dd 1c       	adc	r13, r13
     53a:	97 fe       	sbrs	r9, 7
     53c:	08 c0       	rjmp	.+16     	; 0x54e <__mulsf3+0x110>
     53e:	81 e0       	ldi	r24, 0x01	; 1
     540:	90 e0       	ldi	r25, 0x00	; 0
     542:	a0 e0       	ldi	r26, 0x00	; 0
     544:	b0 e0       	ldi	r27, 0x00	; 0
     546:	a8 2a       	or	r10, r24
     548:	b9 2a       	or	r11, r25
     54a:	ca 2a       	or	r12, r26
     54c:	db 2a       	or	r13, r27
     54e:	31 96       	adiw	r30, 0x01	; 1
     550:	e0 32       	cpi	r30, 0x20	; 32
     552:	f1 05       	cpc	r31, r1
     554:	49 f0       	breq	.+18     	; 0x568 <__mulsf3+0x12a>
     556:	66 0c       	add	r6, r6
     558:	77 1c       	adc	r7, r7
     55a:	88 1c       	adc	r8, r8
     55c:	99 1c       	adc	r9, r9
     55e:	56 94       	lsr	r5
     560:	47 94       	ror	r4
     562:	37 94       	ror	r3
     564:	27 94       	ror	r2
     566:	c3 cf       	rjmp	.-122    	; 0x4ee <__mulsf3+0xb0>
     568:	fa 85       	ldd	r31, Y+10	; 0x0a
     56a:	ea 89       	ldd	r30, Y+18	; 0x12
     56c:	2b 89       	ldd	r18, Y+19	; 0x13
     56e:	3c 89       	ldd	r19, Y+20	; 0x14
     570:	8b 85       	ldd	r24, Y+11	; 0x0b
     572:	9c 85       	ldd	r25, Y+12	; 0x0c
     574:	28 0f       	add	r18, r24
     576:	39 1f       	adc	r19, r25
     578:	2e 5f       	subi	r18, 0xFE	; 254
     57a:	3f 4f       	sbci	r19, 0xFF	; 255
     57c:	17 c0       	rjmp	.+46     	; 0x5ac <__mulsf3+0x16e>
     57e:	ca 01       	movw	r24, r20
     580:	81 70       	andi	r24, 0x01	; 1
     582:	90 70       	andi	r25, 0x00	; 0
     584:	89 2b       	or	r24, r25
     586:	61 f0       	breq	.+24     	; 0x5a0 <__mulsf3+0x162>
     588:	16 95       	lsr	r17
     58a:	07 95       	ror	r16
     58c:	f7 94       	ror	r15
     58e:	e7 94       	ror	r14
     590:	80 e0       	ldi	r24, 0x00	; 0
     592:	90 e0       	ldi	r25, 0x00	; 0
     594:	a0 e0       	ldi	r26, 0x00	; 0
     596:	b0 e8       	ldi	r27, 0x80	; 128
     598:	e8 2a       	or	r14, r24
     59a:	f9 2a       	or	r15, r25
     59c:	0a 2b       	or	r16, r26
     59e:	1b 2b       	or	r17, r27
     5a0:	76 95       	lsr	r23
     5a2:	67 95       	ror	r22
     5a4:	57 95       	ror	r21
     5a6:	47 95       	ror	r20
     5a8:	2f 5f       	subi	r18, 0xFF	; 255
     5aa:	3f 4f       	sbci	r19, 0xFF	; 255
     5ac:	77 fd       	sbrc	r23, 7
     5ae:	e7 cf       	rjmp	.-50     	; 0x57e <__mulsf3+0x140>
     5b0:	0c c0       	rjmp	.+24     	; 0x5ca <__mulsf3+0x18c>
     5b2:	44 0f       	add	r20, r20
     5b4:	55 1f       	adc	r21, r21
     5b6:	66 1f       	adc	r22, r22
     5b8:	77 1f       	adc	r23, r23
     5ba:	17 fd       	sbrc	r17, 7
     5bc:	41 60       	ori	r20, 0x01	; 1
     5be:	ee 0c       	add	r14, r14
     5c0:	ff 1c       	adc	r15, r15
     5c2:	00 1f       	adc	r16, r16
     5c4:	11 1f       	adc	r17, r17
     5c6:	21 50       	subi	r18, 0x01	; 1
     5c8:	30 40       	sbci	r19, 0x00	; 0
     5ca:	40 30       	cpi	r20, 0x00	; 0
     5cc:	90 e0       	ldi	r25, 0x00	; 0
     5ce:	59 07       	cpc	r21, r25
     5d0:	90 e0       	ldi	r25, 0x00	; 0
     5d2:	69 07       	cpc	r22, r25
     5d4:	90 e4       	ldi	r25, 0x40	; 64
     5d6:	79 07       	cpc	r23, r25
     5d8:	60 f3       	brcs	.-40     	; 0x5b2 <__mulsf3+0x174>
     5da:	2b 8f       	std	Y+27, r18	; 0x1b
     5dc:	3c 8f       	std	Y+28, r19	; 0x1c
     5de:	db 01       	movw	r26, r22
     5e0:	ca 01       	movw	r24, r20
     5e2:	8f 77       	andi	r24, 0x7F	; 127
     5e4:	90 70       	andi	r25, 0x00	; 0
     5e6:	a0 70       	andi	r26, 0x00	; 0
     5e8:	b0 70       	andi	r27, 0x00	; 0
     5ea:	80 34       	cpi	r24, 0x40	; 64
     5ec:	91 05       	cpc	r25, r1
     5ee:	a1 05       	cpc	r26, r1
     5f0:	b1 05       	cpc	r27, r1
     5f2:	61 f4       	brne	.+24     	; 0x60c <__mulsf3+0x1ce>
     5f4:	47 fd       	sbrc	r20, 7
     5f6:	0a c0       	rjmp	.+20     	; 0x60c <__mulsf3+0x1ce>
     5f8:	e1 14       	cp	r14, r1
     5fa:	f1 04       	cpc	r15, r1
     5fc:	01 05       	cpc	r16, r1
     5fe:	11 05       	cpc	r17, r1
     600:	29 f0       	breq	.+10     	; 0x60c <__mulsf3+0x1ce>
     602:	40 5c       	subi	r20, 0xC0	; 192
     604:	5f 4f       	sbci	r21, 0xFF	; 255
     606:	6f 4f       	sbci	r22, 0xFF	; 255
     608:	7f 4f       	sbci	r23, 0xFF	; 255
     60a:	40 78       	andi	r20, 0x80	; 128
     60c:	1a 8e       	std	Y+26, r1	; 0x1a
     60e:	fe 17       	cp	r31, r30
     610:	11 f0       	breq	.+4      	; 0x616 <__mulsf3+0x1d8>
     612:	81 e0       	ldi	r24, 0x01	; 1
     614:	8a 8f       	std	Y+26, r24	; 0x1a
     616:	4d 8f       	std	Y+29, r20	; 0x1d
     618:	5e 8f       	std	Y+30, r21	; 0x1e
     61a:	6f 8f       	std	Y+31, r22	; 0x1f
     61c:	78 a3       	std	Y+32, r23	; 0x20
     61e:	83 e0       	ldi	r24, 0x03	; 3
     620:	89 8f       	std	Y+25, r24	; 0x19
     622:	ce 01       	movw	r24, r28
     624:	49 96       	adiw	r24, 0x19	; 25
     626:	0e 94 fd 03 	call	0x7fa	; 0x7fa <__pack_f>
     62a:	a0 96       	adiw	r28, 0x20	; 32
     62c:	e2 e1       	ldi	r30, 0x12	; 18
     62e:	0c 94 d6 1d 	jmp	0x3bac	; 0x3bac <__epilogue_restores__>

00000632 <__gtsf2>:
     632:	a8 e1       	ldi	r26, 0x18	; 24
     634:	b0 e0       	ldi	r27, 0x00	; 0
     636:	ef e1       	ldi	r30, 0x1F	; 31
     638:	f3 e0       	ldi	r31, 0x03	; 3
     63a:	0c 94 c6 1d 	jmp	0x3b8c	; 0x3b8c <__prologue_saves__+0x18>
     63e:	69 83       	std	Y+1, r22	; 0x01
     640:	7a 83       	std	Y+2, r23	; 0x02
     642:	8b 83       	std	Y+3, r24	; 0x03
     644:	9c 83       	std	Y+4, r25	; 0x04
     646:	2d 83       	std	Y+5, r18	; 0x05
     648:	3e 83       	std	Y+6, r19	; 0x06
     64a:	4f 83       	std	Y+7, r20	; 0x07
     64c:	58 87       	std	Y+8, r21	; 0x08
     64e:	89 e0       	ldi	r24, 0x09	; 9
     650:	e8 2e       	mov	r14, r24
     652:	f1 2c       	mov	r15, r1
     654:	ec 0e       	add	r14, r28
     656:	fd 1e       	adc	r15, r29
     658:	ce 01       	movw	r24, r28
     65a:	01 96       	adiw	r24, 0x01	; 1
     65c:	b7 01       	movw	r22, r14
     65e:	0e 94 d2 04 	call	0x9a4	; 0x9a4 <__unpack_f>
     662:	8e 01       	movw	r16, r28
     664:	0f 5e       	subi	r16, 0xEF	; 239
     666:	1f 4f       	sbci	r17, 0xFF	; 255
     668:	ce 01       	movw	r24, r28
     66a:	05 96       	adiw	r24, 0x05	; 5
     66c:	b8 01       	movw	r22, r16
     66e:	0e 94 d2 04 	call	0x9a4	; 0x9a4 <__unpack_f>
     672:	89 85       	ldd	r24, Y+9	; 0x09
     674:	82 30       	cpi	r24, 0x02	; 2
     676:	40 f0       	brcs	.+16     	; 0x688 <__gtsf2+0x56>
     678:	89 89       	ldd	r24, Y+17	; 0x11
     67a:	82 30       	cpi	r24, 0x02	; 2
     67c:	28 f0       	brcs	.+10     	; 0x688 <__gtsf2+0x56>
     67e:	c7 01       	movw	r24, r14
     680:	b8 01       	movw	r22, r16
     682:	0e 94 4a 05 	call	0xa94	; 0xa94 <__fpcmp_parts_f>
     686:	01 c0       	rjmp	.+2      	; 0x68a <__gtsf2+0x58>
     688:	8f ef       	ldi	r24, 0xFF	; 255
     68a:	68 96       	adiw	r28, 0x18	; 24
     68c:	e6 e0       	ldi	r30, 0x06	; 6
     68e:	0c 94 e2 1d 	jmp	0x3bc4	; 0x3bc4 <__epilogue_restores__+0x18>

00000692 <__gesf2>:
     692:	a8 e1       	ldi	r26, 0x18	; 24
     694:	b0 e0       	ldi	r27, 0x00	; 0
     696:	ef e4       	ldi	r30, 0x4F	; 79
     698:	f3 e0       	ldi	r31, 0x03	; 3
     69a:	0c 94 c6 1d 	jmp	0x3b8c	; 0x3b8c <__prologue_saves__+0x18>
     69e:	69 83       	std	Y+1, r22	; 0x01
     6a0:	7a 83       	std	Y+2, r23	; 0x02
     6a2:	8b 83       	std	Y+3, r24	; 0x03
     6a4:	9c 83       	std	Y+4, r25	; 0x04
     6a6:	2d 83       	std	Y+5, r18	; 0x05
     6a8:	3e 83       	std	Y+6, r19	; 0x06
     6aa:	4f 83       	std	Y+7, r20	; 0x07
     6ac:	58 87       	std	Y+8, r21	; 0x08
     6ae:	89 e0       	ldi	r24, 0x09	; 9
     6b0:	e8 2e       	mov	r14, r24
     6b2:	f1 2c       	mov	r15, r1
     6b4:	ec 0e       	add	r14, r28
     6b6:	fd 1e       	adc	r15, r29
     6b8:	ce 01       	movw	r24, r28
     6ba:	01 96       	adiw	r24, 0x01	; 1
     6bc:	b7 01       	movw	r22, r14
     6be:	0e 94 d2 04 	call	0x9a4	; 0x9a4 <__unpack_f>
     6c2:	8e 01       	movw	r16, r28
     6c4:	0f 5e       	subi	r16, 0xEF	; 239
     6c6:	1f 4f       	sbci	r17, 0xFF	; 255
     6c8:	ce 01       	movw	r24, r28
     6ca:	05 96       	adiw	r24, 0x05	; 5
     6cc:	b8 01       	movw	r22, r16
     6ce:	0e 94 d2 04 	call	0x9a4	; 0x9a4 <__unpack_f>
     6d2:	89 85       	ldd	r24, Y+9	; 0x09
     6d4:	82 30       	cpi	r24, 0x02	; 2
     6d6:	40 f0       	brcs	.+16     	; 0x6e8 <__gesf2+0x56>
     6d8:	89 89       	ldd	r24, Y+17	; 0x11
     6da:	82 30       	cpi	r24, 0x02	; 2
     6dc:	28 f0       	brcs	.+10     	; 0x6e8 <__gesf2+0x56>
     6de:	c7 01       	movw	r24, r14
     6e0:	b8 01       	movw	r22, r16
     6e2:	0e 94 4a 05 	call	0xa94	; 0xa94 <__fpcmp_parts_f>
     6e6:	01 c0       	rjmp	.+2      	; 0x6ea <__gesf2+0x58>
     6e8:	8f ef       	ldi	r24, 0xFF	; 255
     6ea:	68 96       	adiw	r28, 0x18	; 24
     6ec:	e6 e0       	ldi	r30, 0x06	; 6
     6ee:	0c 94 e2 1d 	jmp	0x3bc4	; 0x3bc4 <__epilogue_restores__+0x18>

000006f2 <__ltsf2>:
     6f2:	a8 e1       	ldi	r26, 0x18	; 24
     6f4:	b0 e0       	ldi	r27, 0x00	; 0
     6f6:	ef e7       	ldi	r30, 0x7F	; 127
     6f8:	f3 e0       	ldi	r31, 0x03	; 3
     6fa:	0c 94 c6 1d 	jmp	0x3b8c	; 0x3b8c <__prologue_saves__+0x18>
     6fe:	69 83       	std	Y+1, r22	; 0x01
     700:	7a 83       	std	Y+2, r23	; 0x02
     702:	8b 83       	std	Y+3, r24	; 0x03
     704:	9c 83       	std	Y+4, r25	; 0x04
     706:	2d 83       	std	Y+5, r18	; 0x05
     708:	3e 83       	std	Y+6, r19	; 0x06
     70a:	4f 83       	std	Y+7, r20	; 0x07
     70c:	58 87       	std	Y+8, r21	; 0x08
     70e:	89 e0       	ldi	r24, 0x09	; 9
     710:	e8 2e       	mov	r14, r24
     712:	f1 2c       	mov	r15, r1
     714:	ec 0e       	add	r14, r28
     716:	fd 1e       	adc	r15, r29
     718:	ce 01       	movw	r24, r28
     71a:	01 96       	adiw	r24, 0x01	; 1
     71c:	b7 01       	movw	r22, r14
     71e:	0e 94 d2 04 	call	0x9a4	; 0x9a4 <__unpack_f>
     722:	8e 01       	movw	r16, r28
     724:	0f 5e       	subi	r16, 0xEF	; 239
     726:	1f 4f       	sbci	r17, 0xFF	; 255
     728:	ce 01       	movw	r24, r28
     72a:	05 96       	adiw	r24, 0x05	; 5
     72c:	b8 01       	movw	r22, r16
     72e:	0e 94 d2 04 	call	0x9a4	; 0x9a4 <__unpack_f>
     732:	89 85       	ldd	r24, Y+9	; 0x09
     734:	82 30       	cpi	r24, 0x02	; 2
     736:	40 f0       	brcs	.+16     	; 0x748 <__ltsf2+0x56>
     738:	89 89       	ldd	r24, Y+17	; 0x11
     73a:	82 30       	cpi	r24, 0x02	; 2
     73c:	28 f0       	brcs	.+10     	; 0x748 <__ltsf2+0x56>
     73e:	c7 01       	movw	r24, r14
     740:	b8 01       	movw	r22, r16
     742:	0e 94 4a 05 	call	0xa94	; 0xa94 <__fpcmp_parts_f>
     746:	01 c0       	rjmp	.+2      	; 0x74a <__ltsf2+0x58>
     748:	81 e0       	ldi	r24, 0x01	; 1
     74a:	68 96       	adiw	r28, 0x18	; 24
     74c:	e6 e0       	ldi	r30, 0x06	; 6
     74e:	0c 94 e2 1d 	jmp	0x3bc4	; 0x3bc4 <__epilogue_restores__+0x18>

00000752 <__fixsfsi>:
     752:	ac e0       	ldi	r26, 0x0C	; 12
     754:	b0 e0       	ldi	r27, 0x00	; 0
     756:	ef ea       	ldi	r30, 0xAF	; 175
     758:	f3 e0       	ldi	r31, 0x03	; 3
     75a:	0c 94 ca 1d 	jmp	0x3b94	; 0x3b94 <__prologue_saves__+0x20>
     75e:	69 83       	std	Y+1, r22	; 0x01
     760:	7a 83       	std	Y+2, r23	; 0x02
     762:	8b 83       	std	Y+3, r24	; 0x03
     764:	9c 83       	std	Y+4, r25	; 0x04
     766:	ce 01       	movw	r24, r28
     768:	01 96       	adiw	r24, 0x01	; 1
     76a:	be 01       	movw	r22, r28
     76c:	6b 5f       	subi	r22, 0xFB	; 251
     76e:	7f 4f       	sbci	r23, 0xFF	; 255
     770:	0e 94 d2 04 	call	0x9a4	; 0x9a4 <__unpack_f>
     774:	8d 81       	ldd	r24, Y+5	; 0x05
     776:	82 30       	cpi	r24, 0x02	; 2
     778:	61 f1       	breq	.+88     	; 0x7d2 <__fixsfsi+0x80>
     77a:	82 30       	cpi	r24, 0x02	; 2
     77c:	50 f1       	brcs	.+84     	; 0x7d2 <__fixsfsi+0x80>
     77e:	84 30       	cpi	r24, 0x04	; 4
     780:	21 f4       	brne	.+8      	; 0x78a <__fixsfsi+0x38>
     782:	8e 81       	ldd	r24, Y+6	; 0x06
     784:	88 23       	and	r24, r24
     786:	51 f1       	breq	.+84     	; 0x7dc <__fixsfsi+0x8a>
     788:	2e c0       	rjmp	.+92     	; 0x7e6 <__fixsfsi+0x94>
     78a:	2f 81       	ldd	r18, Y+7	; 0x07
     78c:	38 85       	ldd	r19, Y+8	; 0x08
     78e:	37 fd       	sbrc	r19, 7
     790:	20 c0       	rjmp	.+64     	; 0x7d2 <__fixsfsi+0x80>
     792:	6e 81       	ldd	r22, Y+6	; 0x06
     794:	2f 31       	cpi	r18, 0x1F	; 31
     796:	31 05       	cpc	r19, r1
     798:	1c f0       	brlt	.+6      	; 0x7a0 <__fixsfsi+0x4e>
     79a:	66 23       	and	r22, r22
     79c:	f9 f0       	breq	.+62     	; 0x7dc <__fixsfsi+0x8a>
     79e:	23 c0       	rjmp	.+70     	; 0x7e6 <__fixsfsi+0x94>
     7a0:	8e e1       	ldi	r24, 0x1E	; 30
     7a2:	90 e0       	ldi	r25, 0x00	; 0
     7a4:	82 1b       	sub	r24, r18
     7a6:	93 0b       	sbc	r25, r19
     7a8:	29 85       	ldd	r18, Y+9	; 0x09
     7aa:	3a 85       	ldd	r19, Y+10	; 0x0a
     7ac:	4b 85       	ldd	r20, Y+11	; 0x0b
     7ae:	5c 85       	ldd	r21, Y+12	; 0x0c
     7b0:	04 c0       	rjmp	.+8      	; 0x7ba <__fixsfsi+0x68>
     7b2:	56 95       	lsr	r21
     7b4:	47 95       	ror	r20
     7b6:	37 95       	ror	r19
     7b8:	27 95       	ror	r18
     7ba:	8a 95       	dec	r24
     7bc:	d2 f7       	brpl	.-12     	; 0x7b2 <__fixsfsi+0x60>
     7be:	66 23       	and	r22, r22
     7c0:	b1 f0       	breq	.+44     	; 0x7ee <__fixsfsi+0x9c>
     7c2:	50 95       	com	r21
     7c4:	40 95       	com	r20
     7c6:	30 95       	com	r19
     7c8:	21 95       	neg	r18
     7ca:	3f 4f       	sbci	r19, 0xFF	; 255
     7cc:	4f 4f       	sbci	r20, 0xFF	; 255
     7ce:	5f 4f       	sbci	r21, 0xFF	; 255
     7d0:	0e c0       	rjmp	.+28     	; 0x7ee <__fixsfsi+0x9c>
     7d2:	20 e0       	ldi	r18, 0x00	; 0
     7d4:	30 e0       	ldi	r19, 0x00	; 0
     7d6:	40 e0       	ldi	r20, 0x00	; 0
     7d8:	50 e0       	ldi	r21, 0x00	; 0
     7da:	09 c0       	rjmp	.+18     	; 0x7ee <__fixsfsi+0x9c>
     7dc:	2f ef       	ldi	r18, 0xFF	; 255
     7de:	3f ef       	ldi	r19, 0xFF	; 255
     7e0:	4f ef       	ldi	r20, 0xFF	; 255
     7e2:	5f e7       	ldi	r21, 0x7F	; 127
     7e4:	04 c0       	rjmp	.+8      	; 0x7ee <__fixsfsi+0x9c>
     7e6:	20 e0       	ldi	r18, 0x00	; 0
     7e8:	30 e0       	ldi	r19, 0x00	; 0
     7ea:	40 e0       	ldi	r20, 0x00	; 0
     7ec:	50 e8       	ldi	r21, 0x80	; 128
     7ee:	b9 01       	movw	r22, r18
     7f0:	ca 01       	movw	r24, r20
     7f2:	2c 96       	adiw	r28, 0x0c	; 12
     7f4:	e2 e0       	ldi	r30, 0x02	; 2
     7f6:	0c 94 e6 1d 	jmp	0x3bcc	; 0x3bcc <__epilogue_restores__+0x20>

000007fa <__pack_f>:
     7fa:	df 92       	push	r13
     7fc:	ef 92       	push	r14
     7fe:	ff 92       	push	r15
     800:	0f 93       	push	r16
     802:	1f 93       	push	r17
     804:	fc 01       	movw	r30, r24
     806:	e4 80       	ldd	r14, Z+4	; 0x04
     808:	f5 80       	ldd	r15, Z+5	; 0x05
     80a:	06 81       	ldd	r16, Z+6	; 0x06
     80c:	17 81       	ldd	r17, Z+7	; 0x07
     80e:	d1 80       	ldd	r13, Z+1	; 0x01
     810:	80 81       	ld	r24, Z
     812:	82 30       	cpi	r24, 0x02	; 2
     814:	48 f4       	brcc	.+18     	; 0x828 <__pack_f+0x2e>
     816:	80 e0       	ldi	r24, 0x00	; 0
     818:	90 e0       	ldi	r25, 0x00	; 0
     81a:	a0 e1       	ldi	r26, 0x10	; 16
     81c:	b0 e0       	ldi	r27, 0x00	; 0
     81e:	e8 2a       	or	r14, r24
     820:	f9 2a       	or	r15, r25
     822:	0a 2b       	or	r16, r26
     824:	1b 2b       	or	r17, r27
     826:	a5 c0       	rjmp	.+330    	; 0x972 <__stack+0x113>
     828:	84 30       	cpi	r24, 0x04	; 4
     82a:	09 f4       	brne	.+2      	; 0x82e <__pack_f+0x34>
     82c:	9f c0       	rjmp	.+318    	; 0x96c <__stack+0x10d>
     82e:	82 30       	cpi	r24, 0x02	; 2
     830:	21 f4       	brne	.+8      	; 0x83a <__pack_f+0x40>
     832:	ee 24       	eor	r14, r14
     834:	ff 24       	eor	r15, r15
     836:	87 01       	movw	r16, r14
     838:	05 c0       	rjmp	.+10     	; 0x844 <__pack_f+0x4a>
     83a:	e1 14       	cp	r14, r1
     83c:	f1 04       	cpc	r15, r1
     83e:	01 05       	cpc	r16, r1
     840:	11 05       	cpc	r17, r1
     842:	19 f4       	brne	.+6      	; 0x84a <__pack_f+0x50>
     844:	e0 e0       	ldi	r30, 0x00	; 0
     846:	f0 e0       	ldi	r31, 0x00	; 0
     848:	96 c0       	rjmp	.+300    	; 0x976 <__stack+0x117>
     84a:	62 81       	ldd	r22, Z+2	; 0x02
     84c:	73 81       	ldd	r23, Z+3	; 0x03
     84e:	9f ef       	ldi	r25, 0xFF	; 255
     850:	62 38       	cpi	r22, 0x82	; 130
     852:	79 07       	cpc	r23, r25
     854:	0c f0       	brlt	.+2      	; 0x858 <__pack_f+0x5e>
     856:	5b c0       	rjmp	.+182    	; 0x90e <__stack+0xaf>
     858:	22 e8       	ldi	r18, 0x82	; 130
     85a:	3f ef       	ldi	r19, 0xFF	; 255
     85c:	26 1b       	sub	r18, r22
     85e:	37 0b       	sbc	r19, r23
     860:	2a 31       	cpi	r18, 0x1A	; 26
     862:	31 05       	cpc	r19, r1
     864:	2c f0       	brlt	.+10     	; 0x870 <__stack+0x11>
     866:	20 e0       	ldi	r18, 0x00	; 0
     868:	30 e0       	ldi	r19, 0x00	; 0
     86a:	40 e0       	ldi	r20, 0x00	; 0
     86c:	50 e0       	ldi	r21, 0x00	; 0
     86e:	2a c0       	rjmp	.+84     	; 0x8c4 <__stack+0x65>
     870:	b8 01       	movw	r22, r16
     872:	a7 01       	movw	r20, r14
     874:	02 2e       	mov	r0, r18
     876:	04 c0       	rjmp	.+8      	; 0x880 <__stack+0x21>
     878:	76 95       	lsr	r23
     87a:	67 95       	ror	r22
     87c:	57 95       	ror	r21
     87e:	47 95       	ror	r20
     880:	0a 94       	dec	r0
     882:	d2 f7       	brpl	.-12     	; 0x878 <__stack+0x19>
     884:	81 e0       	ldi	r24, 0x01	; 1
     886:	90 e0       	ldi	r25, 0x00	; 0
     888:	a0 e0       	ldi	r26, 0x00	; 0
     88a:	b0 e0       	ldi	r27, 0x00	; 0
     88c:	04 c0       	rjmp	.+8      	; 0x896 <__stack+0x37>
     88e:	88 0f       	add	r24, r24
     890:	99 1f       	adc	r25, r25
     892:	aa 1f       	adc	r26, r26
     894:	bb 1f       	adc	r27, r27
     896:	2a 95       	dec	r18
     898:	d2 f7       	brpl	.-12     	; 0x88e <__stack+0x2f>
     89a:	01 97       	sbiw	r24, 0x01	; 1
     89c:	a1 09       	sbc	r26, r1
     89e:	b1 09       	sbc	r27, r1
     8a0:	8e 21       	and	r24, r14
     8a2:	9f 21       	and	r25, r15
     8a4:	a0 23       	and	r26, r16
     8a6:	b1 23       	and	r27, r17
     8a8:	00 97       	sbiw	r24, 0x00	; 0
     8aa:	a1 05       	cpc	r26, r1
     8ac:	b1 05       	cpc	r27, r1
     8ae:	21 f0       	breq	.+8      	; 0x8b8 <__stack+0x59>
     8b0:	81 e0       	ldi	r24, 0x01	; 1
     8b2:	90 e0       	ldi	r25, 0x00	; 0
     8b4:	a0 e0       	ldi	r26, 0x00	; 0
     8b6:	b0 e0       	ldi	r27, 0x00	; 0
     8b8:	9a 01       	movw	r18, r20
     8ba:	ab 01       	movw	r20, r22
     8bc:	28 2b       	or	r18, r24
     8be:	39 2b       	or	r19, r25
     8c0:	4a 2b       	or	r20, r26
     8c2:	5b 2b       	or	r21, r27
     8c4:	da 01       	movw	r26, r20
     8c6:	c9 01       	movw	r24, r18
     8c8:	8f 77       	andi	r24, 0x7F	; 127
     8ca:	90 70       	andi	r25, 0x00	; 0
     8cc:	a0 70       	andi	r26, 0x00	; 0
     8ce:	b0 70       	andi	r27, 0x00	; 0
     8d0:	80 34       	cpi	r24, 0x40	; 64
     8d2:	91 05       	cpc	r25, r1
     8d4:	a1 05       	cpc	r26, r1
     8d6:	b1 05       	cpc	r27, r1
     8d8:	39 f4       	brne	.+14     	; 0x8e8 <__stack+0x89>
     8da:	27 ff       	sbrs	r18, 7
     8dc:	09 c0       	rjmp	.+18     	; 0x8f0 <__stack+0x91>
     8de:	20 5c       	subi	r18, 0xC0	; 192
     8e0:	3f 4f       	sbci	r19, 0xFF	; 255
     8e2:	4f 4f       	sbci	r20, 0xFF	; 255
     8e4:	5f 4f       	sbci	r21, 0xFF	; 255
     8e6:	04 c0       	rjmp	.+8      	; 0x8f0 <__stack+0x91>
     8e8:	21 5c       	subi	r18, 0xC1	; 193
     8ea:	3f 4f       	sbci	r19, 0xFF	; 255
     8ec:	4f 4f       	sbci	r20, 0xFF	; 255
     8ee:	5f 4f       	sbci	r21, 0xFF	; 255
     8f0:	e0 e0       	ldi	r30, 0x00	; 0
     8f2:	f0 e0       	ldi	r31, 0x00	; 0
     8f4:	20 30       	cpi	r18, 0x00	; 0
     8f6:	a0 e0       	ldi	r26, 0x00	; 0
     8f8:	3a 07       	cpc	r19, r26
     8fa:	a0 e0       	ldi	r26, 0x00	; 0
     8fc:	4a 07       	cpc	r20, r26
     8fe:	a0 e4       	ldi	r26, 0x40	; 64
     900:	5a 07       	cpc	r21, r26
     902:	10 f0       	brcs	.+4      	; 0x908 <__stack+0xa9>
     904:	e1 e0       	ldi	r30, 0x01	; 1
     906:	f0 e0       	ldi	r31, 0x00	; 0
     908:	79 01       	movw	r14, r18
     90a:	8a 01       	movw	r16, r20
     90c:	27 c0       	rjmp	.+78     	; 0x95c <__stack+0xfd>
     90e:	60 38       	cpi	r22, 0x80	; 128
     910:	71 05       	cpc	r23, r1
     912:	64 f5       	brge	.+88     	; 0x96c <__stack+0x10d>
     914:	fb 01       	movw	r30, r22
     916:	e1 58       	subi	r30, 0x81	; 129
     918:	ff 4f       	sbci	r31, 0xFF	; 255
     91a:	d8 01       	movw	r26, r16
     91c:	c7 01       	movw	r24, r14
     91e:	8f 77       	andi	r24, 0x7F	; 127
     920:	90 70       	andi	r25, 0x00	; 0
     922:	a0 70       	andi	r26, 0x00	; 0
     924:	b0 70       	andi	r27, 0x00	; 0
     926:	80 34       	cpi	r24, 0x40	; 64
     928:	91 05       	cpc	r25, r1
     92a:	a1 05       	cpc	r26, r1
     92c:	b1 05       	cpc	r27, r1
     92e:	39 f4       	brne	.+14     	; 0x93e <__stack+0xdf>
     930:	e7 fe       	sbrs	r14, 7
     932:	0d c0       	rjmp	.+26     	; 0x94e <__stack+0xef>
     934:	80 e4       	ldi	r24, 0x40	; 64
     936:	90 e0       	ldi	r25, 0x00	; 0
     938:	a0 e0       	ldi	r26, 0x00	; 0
     93a:	b0 e0       	ldi	r27, 0x00	; 0
     93c:	04 c0       	rjmp	.+8      	; 0x946 <__stack+0xe7>
     93e:	8f e3       	ldi	r24, 0x3F	; 63
     940:	90 e0       	ldi	r25, 0x00	; 0
     942:	a0 e0       	ldi	r26, 0x00	; 0
     944:	b0 e0       	ldi	r27, 0x00	; 0
     946:	e8 0e       	add	r14, r24
     948:	f9 1e       	adc	r15, r25
     94a:	0a 1f       	adc	r16, r26
     94c:	1b 1f       	adc	r17, r27
     94e:	17 ff       	sbrs	r17, 7
     950:	05 c0       	rjmp	.+10     	; 0x95c <__stack+0xfd>
     952:	16 95       	lsr	r17
     954:	07 95       	ror	r16
     956:	f7 94       	ror	r15
     958:	e7 94       	ror	r14
     95a:	31 96       	adiw	r30, 0x01	; 1
     95c:	87 e0       	ldi	r24, 0x07	; 7
     95e:	16 95       	lsr	r17
     960:	07 95       	ror	r16
     962:	f7 94       	ror	r15
     964:	e7 94       	ror	r14
     966:	8a 95       	dec	r24
     968:	d1 f7       	brne	.-12     	; 0x95e <__stack+0xff>
     96a:	05 c0       	rjmp	.+10     	; 0x976 <__stack+0x117>
     96c:	ee 24       	eor	r14, r14
     96e:	ff 24       	eor	r15, r15
     970:	87 01       	movw	r16, r14
     972:	ef ef       	ldi	r30, 0xFF	; 255
     974:	f0 e0       	ldi	r31, 0x00	; 0
     976:	6e 2f       	mov	r22, r30
     978:	67 95       	ror	r22
     97a:	66 27       	eor	r22, r22
     97c:	67 95       	ror	r22
     97e:	90 2f       	mov	r25, r16
     980:	9f 77       	andi	r25, 0x7F	; 127
     982:	d7 94       	ror	r13
     984:	dd 24       	eor	r13, r13
     986:	d7 94       	ror	r13
     988:	8e 2f       	mov	r24, r30
     98a:	86 95       	lsr	r24
     98c:	49 2f       	mov	r20, r25
     98e:	46 2b       	or	r20, r22
     990:	58 2f       	mov	r21, r24
     992:	5d 29       	or	r21, r13
     994:	b7 01       	movw	r22, r14
     996:	ca 01       	movw	r24, r20
     998:	1f 91       	pop	r17
     99a:	0f 91       	pop	r16
     99c:	ff 90       	pop	r15
     99e:	ef 90       	pop	r14
     9a0:	df 90       	pop	r13
     9a2:	08 95       	ret

000009a4 <__unpack_f>:
     9a4:	fc 01       	movw	r30, r24
     9a6:	db 01       	movw	r26, r22
     9a8:	40 81       	ld	r20, Z
     9aa:	51 81       	ldd	r21, Z+1	; 0x01
     9ac:	22 81       	ldd	r18, Z+2	; 0x02
     9ae:	62 2f       	mov	r22, r18
     9b0:	6f 77       	andi	r22, 0x7F	; 127
     9b2:	70 e0       	ldi	r23, 0x00	; 0
     9b4:	22 1f       	adc	r18, r18
     9b6:	22 27       	eor	r18, r18
     9b8:	22 1f       	adc	r18, r18
     9ba:	93 81       	ldd	r25, Z+3	; 0x03
     9bc:	89 2f       	mov	r24, r25
     9be:	88 0f       	add	r24, r24
     9c0:	82 2b       	or	r24, r18
     9c2:	28 2f       	mov	r18, r24
     9c4:	30 e0       	ldi	r19, 0x00	; 0
     9c6:	99 1f       	adc	r25, r25
     9c8:	99 27       	eor	r25, r25
     9ca:	99 1f       	adc	r25, r25
     9cc:	11 96       	adiw	r26, 0x01	; 1
     9ce:	9c 93       	st	X, r25
     9d0:	11 97       	sbiw	r26, 0x01	; 1
     9d2:	21 15       	cp	r18, r1
     9d4:	31 05       	cpc	r19, r1
     9d6:	a9 f5       	brne	.+106    	; 0xa42 <__unpack_f+0x9e>
     9d8:	41 15       	cp	r20, r1
     9da:	51 05       	cpc	r21, r1
     9dc:	61 05       	cpc	r22, r1
     9de:	71 05       	cpc	r23, r1
     9e0:	11 f4       	brne	.+4      	; 0x9e6 <__unpack_f+0x42>
     9e2:	82 e0       	ldi	r24, 0x02	; 2
     9e4:	37 c0       	rjmp	.+110    	; 0xa54 <__unpack_f+0xb0>
     9e6:	82 e8       	ldi	r24, 0x82	; 130
     9e8:	9f ef       	ldi	r25, 0xFF	; 255
     9ea:	13 96       	adiw	r26, 0x03	; 3
     9ec:	9c 93       	st	X, r25
     9ee:	8e 93       	st	-X, r24
     9f0:	12 97       	sbiw	r26, 0x02	; 2
     9f2:	9a 01       	movw	r18, r20
     9f4:	ab 01       	movw	r20, r22
     9f6:	67 e0       	ldi	r22, 0x07	; 7
     9f8:	22 0f       	add	r18, r18
     9fa:	33 1f       	adc	r19, r19
     9fc:	44 1f       	adc	r20, r20
     9fe:	55 1f       	adc	r21, r21
     a00:	6a 95       	dec	r22
     a02:	d1 f7       	brne	.-12     	; 0x9f8 <__unpack_f+0x54>
     a04:	83 e0       	ldi	r24, 0x03	; 3
     a06:	8c 93       	st	X, r24
     a08:	0d c0       	rjmp	.+26     	; 0xa24 <__unpack_f+0x80>
     a0a:	22 0f       	add	r18, r18
     a0c:	33 1f       	adc	r19, r19
     a0e:	44 1f       	adc	r20, r20
     a10:	55 1f       	adc	r21, r21
     a12:	12 96       	adiw	r26, 0x02	; 2
     a14:	8d 91       	ld	r24, X+
     a16:	9c 91       	ld	r25, X
     a18:	13 97       	sbiw	r26, 0x03	; 3
     a1a:	01 97       	sbiw	r24, 0x01	; 1
     a1c:	13 96       	adiw	r26, 0x03	; 3
     a1e:	9c 93       	st	X, r25
     a20:	8e 93       	st	-X, r24
     a22:	12 97       	sbiw	r26, 0x02	; 2
     a24:	20 30       	cpi	r18, 0x00	; 0
     a26:	80 e0       	ldi	r24, 0x00	; 0
     a28:	38 07       	cpc	r19, r24
     a2a:	80 e0       	ldi	r24, 0x00	; 0
     a2c:	48 07       	cpc	r20, r24
     a2e:	80 e4       	ldi	r24, 0x40	; 64
     a30:	58 07       	cpc	r21, r24
     a32:	58 f3       	brcs	.-42     	; 0xa0a <__unpack_f+0x66>
     a34:	14 96       	adiw	r26, 0x04	; 4
     a36:	2d 93       	st	X+, r18
     a38:	3d 93       	st	X+, r19
     a3a:	4d 93       	st	X+, r20
     a3c:	5c 93       	st	X, r21
     a3e:	17 97       	sbiw	r26, 0x07	; 7
     a40:	08 95       	ret
     a42:	2f 3f       	cpi	r18, 0xFF	; 255
     a44:	31 05       	cpc	r19, r1
     a46:	79 f4       	brne	.+30     	; 0xa66 <__unpack_f+0xc2>
     a48:	41 15       	cp	r20, r1
     a4a:	51 05       	cpc	r21, r1
     a4c:	61 05       	cpc	r22, r1
     a4e:	71 05       	cpc	r23, r1
     a50:	19 f4       	brne	.+6      	; 0xa58 <__unpack_f+0xb4>
     a52:	84 e0       	ldi	r24, 0x04	; 4
     a54:	8c 93       	st	X, r24
     a56:	08 95       	ret
     a58:	64 ff       	sbrs	r22, 4
     a5a:	03 c0       	rjmp	.+6      	; 0xa62 <__unpack_f+0xbe>
     a5c:	81 e0       	ldi	r24, 0x01	; 1
     a5e:	8c 93       	st	X, r24
     a60:	12 c0       	rjmp	.+36     	; 0xa86 <__unpack_f+0xe2>
     a62:	1c 92       	st	X, r1
     a64:	10 c0       	rjmp	.+32     	; 0xa86 <__unpack_f+0xe2>
     a66:	2f 57       	subi	r18, 0x7F	; 127
     a68:	30 40       	sbci	r19, 0x00	; 0
     a6a:	13 96       	adiw	r26, 0x03	; 3
     a6c:	3c 93       	st	X, r19
     a6e:	2e 93       	st	-X, r18
     a70:	12 97       	sbiw	r26, 0x02	; 2
     a72:	83 e0       	ldi	r24, 0x03	; 3
     a74:	8c 93       	st	X, r24
     a76:	87 e0       	ldi	r24, 0x07	; 7
     a78:	44 0f       	add	r20, r20
     a7a:	55 1f       	adc	r21, r21
     a7c:	66 1f       	adc	r22, r22
     a7e:	77 1f       	adc	r23, r23
     a80:	8a 95       	dec	r24
     a82:	d1 f7       	brne	.-12     	; 0xa78 <__unpack_f+0xd4>
     a84:	70 64       	ori	r23, 0x40	; 64
     a86:	14 96       	adiw	r26, 0x04	; 4
     a88:	4d 93       	st	X+, r20
     a8a:	5d 93       	st	X+, r21
     a8c:	6d 93       	st	X+, r22
     a8e:	7c 93       	st	X, r23
     a90:	17 97       	sbiw	r26, 0x07	; 7
     a92:	08 95       	ret

00000a94 <__fpcmp_parts_f>:
     a94:	1f 93       	push	r17
     a96:	dc 01       	movw	r26, r24
     a98:	fb 01       	movw	r30, r22
     a9a:	9c 91       	ld	r25, X
     a9c:	92 30       	cpi	r25, 0x02	; 2
     a9e:	08 f4       	brcc	.+2      	; 0xaa2 <__fpcmp_parts_f+0xe>
     aa0:	47 c0       	rjmp	.+142    	; 0xb30 <__fpcmp_parts_f+0x9c>
     aa2:	80 81       	ld	r24, Z
     aa4:	82 30       	cpi	r24, 0x02	; 2
     aa6:	08 f4       	brcc	.+2      	; 0xaaa <__fpcmp_parts_f+0x16>
     aa8:	43 c0       	rjmp	.+134    	; 0xb30 <__fpcmp_parts_f+0x9c>
     aaa:	94 30       	cpi	r25, 0x04	; 4
     aac:	51 f4       	brne	.+20     	; 0xac2 <__fpcmp_parts_f+0x2e>
     aae:	11 96       	adiw	r26, 0x01	; 1
     ab0:	1c 91       	ld	r17, X
     ab2:	84 30       	cpi	r24, 0x04	; 4
     ab4:	99 f5       	brne	.+102    	; 0xb1c <__fpcmp_parts_f+0x88>
     ab6:	81 81       	ldd	r24, Z+1	; 0x01
     ab8:	68 2f       	mov	r22, r24
     aba:	70 e0       	ldi	r23, 0x00	; 0
     abc:	61 1b       	sub	r22, r17
     abe:	71 09       	sbc	r23, r1
     ac0:	3f c0       	rjmp	.+126    	; 0xb40 <__fpcmp_parts_f+0xac>
     ac2:	84 30       	cpi	r24, 0x04	; 4
     ac4:	21 f0       	breq	.+8      	; 0xace <__fpcmp_parts_f+0x3a>
     ac6:	92 30       	cpi	r25, 0x02	; 2
     ac8:	31 f4       	brne	.+12     	; 0xad6 <__fpcmp_parts_f+0x42>
     aca:	82 30       	cpi	r24, 0x02	; 2
     acc:	b9 f1       	breq	.+110    	; 0xb3c <__fpcmp_parts_f+0xa8>
     ace:	81 81       	ldd	r24, Z+1	; 0x01
     ad0:	88 23       	and	r24, r24
     ad2:	89 f1       	breq	.+98     	; 0xb36 <__fpcmp_parts_f+0xa2>
     ad4:	2d c0       	rjmp	.+90     	; 0xb30 <__fpcmp_parts_f+0x9c>
     ad6:	11 96       	adiw	r26, 0x01	; 1
     ad8:	1c 91       	ld	r17, X
     ada:	11 97       	sbiw	r26, 0x01	; 1
     adc:	82 30       	cpi	r24, 0x02	; 2
     ade:	f1 f0       	breq	.+60     	; 0xb1c <__fpcmp_parts_f+0x88>
     ae0:	81 81       	ldd	r24, Z+1	; 0x01
     ae2:	18 17       	cp	r17, r24
     ae4:	d9 f4       	brne	.+54     	; 0xb1c <__fpcmp_parts_f+0x88>
     ae6:	12 96       	adiw	r26, 0x02	; 2
     ae8:	2d 91       	ld	r18, X+
     aea:	3c 91       	ld	r19, X
     aec:	13 97       	sbiw	r26, 0x03	; 3
     aee:	82 81       	ldd	r24, Z+2	; 0x02
     af0:	93 81       	ldd	r25, Z+3	; 0x03
     af2:	82 17       	cp	r24, r18
     af4:	93 07       	cpc	r25, r19
     af6:	94 f0       	brlt	.+36     	; 0xb1c <__fpcmp_parts_f+0x88>
     af8:	28 17       	cp	r18, r24
     afa:	39 07       	cpc	r19, r25
     afc:	bc f0       	brlt	.+46     	; 0xb2c <__fpcmp_parts_f+0x98>
     afe:	14 96       	adiw	r26, 0x04	; 4
     b00:	8d 91       	ld	r24, X+
     b02:	9d 91       	ld	r25, X+
     b04:	0d 90       	ld	r0, X+
     b06:	bc 91       	ld	r27, X
     b08:	a0 2d       	mov	r26, r0
     b0a:	24 81       	ldd	r18, Z+4	; 0x04
     b0c:	35 81       	ldd	r19, Z+5	; 0x05
     b0e:	46 81       	ldd	r20, Z+6	; 0x06
     b10:	57 81       	ldd	r21, Z+7	; 0x07
     b12:	28 17       	cp	r18, r24
     b14:	39 07       	cpc	r19, r25
     b16:	4a 07       	cpc	r20, r26
     b18:	5b 07       	cpc	r21, r27
     b1a:	18 f4       	brcc	.+6      	; 0xb22 <__fpcmp_parts_f+0x8e>
     b1c:	11 23       	and	r17, r17
     b1e:	41 f0       	breq	.+16     	; 0xb30 <__fpcmp_parts_f+0x9c>
     b20:	0a c0       	rjmp	.+20     	; 0xb36 <__fpcmp_parts_f+0xa2>
     b22:	82 17       	cp	r24, r18
     b24:	93 07       	cpc	r25, r19
     b26:	a4 07       	cpc	r26, r20
     b28:	b5 07       	cpc	r27, r21
     b2a:	40 f4       	brcc	.+16     	; 0xb3c <__fpcmp_parts_f+0xa8>
     b2c:	11 23       	and	r17, r17
     b2e:	19 f0       	breq	.+6      	; 0xb36 <__fpcmp_parts_f+0xa2>
     b30:	61 e0       	ldi	r22, 0x01	; 1
     b32:	70 e0       	ldi	r23, 0x00	; 0
     b34:	05 c0       	rjmp	.+10     	; 0xb40 <__fpcmp_parts_f+0xac>
     b36:	6f ef       	ldi	r22, 0xFF	; 255
     b38:	7f ef       	ldi	r23, 0xFF	; 255
     b3a:	02 c0       	rjmp	.+4      	; 0xb40 <__fpcmp_parts_f+0xac>
     b3c:	60 e0       	ldi	r22, 0x00	; 0
     b3e:	70 e0       	ldi	r23, 0x00	; 0
     b40:	cb 01       	movw	r24, r22
     b42:	1f 91       	pop	r17
     b44:	08 95       	ret

00000b46 <Timer_Callback>:

// --- Functions Definitions ---

// ISR Callback function for Timer1
void Timer_Callback(void)
{
     b46:	df 93       	push	r29
     b48:	cf 93       	push	r28
     b4a:	cd b7       	in	r28, 0x3d	; 61
     b4c:	de b7       	in	r29, 0x3e	; 62
	g_timerFlag = 1;
     b4e:	81 e0       	ldi	r24, 0x01	; 1
     b50:	80 93 46 02 	sts	0x0246, r24
}
     b54:	cf 91       	pop	r28
     b56:	df 91       	pop	r29
     b58:	08 95       	ret

00000b5a <HMI_Init>:

// Initializes all HMI peripherals
void HMI_Init(void)
{
     b5a:	df 93       	push	r29
     b5c:	cf 93       	push	r28
     b5e:	cd b7       	in	r28, 0x3d	; 61
     b60:	de b7       	in	r29, 0x3e	; 62
     b62:	2c 97       	sbiw	r28, 0x0c	; 12
     b64:	0f b6       	in	r0, 0x3f	; 63
     b66:	f8 94       	cli
     b68:	de bf       	out	0x3e, r29	; 62
     b6a:	0f be       	out	0x3f, r0	; 63
     b6c:	cd bf       	out	0x3d, r28	; 61
	LCD_init();
     b6e:	0e 94 53 16 	call	0x2ca6	; 0x2ca6 <LCD_init>
	keypad_init();
     b72:	0e 94 7e 1b 	call	0x36fc	; 0x36fc <keypad_init>
	UART_ConfigType uart_config = {
			.bit_data = UART_8_BIT_DATA,
			.parity = UART_NO_PARITY,
			.stop_bit = UART_1_STOP_BIT,
			.baud_rate = 9600
	};
     b76:	ce 01       	movw	r24, r28
     b78:	01 96       	adiw	r24, 0x01	; 1
     b7a:	99 87       	std	Y+9, r25	; 0x09
     b7c:	88 87       	std	Y+8, r24	; 0x08
     b7e:	ee e3       	ldi	r30, 0x3E	; 62
     b80:	f2 e0       	ldi	r31, 0x02	; 2
     b82:	fb 87       	std	Y+11, r31	; 0x0b
     b84:	ea 87       	std	Y+10, r30	; 0x0a
     b86:	f7 e0       	ldi	r31, 0x07	; 7
     b88:	fc 87       	std	Y+12, r31	; 0x0c
     b8a:	ea 85       	ldd	r30, Y+10	; 0x0a
     b8c:	fb 85       	ldd	r31, Y+11	; 0x0b
     b8e:	00 80       	ld	r0, Z
     b90:	8a 85       	ldd	r24, Y+10	; 0x0a
     b92:	9b 85       	ldd	r25, Y+11	; 0x0b
     b94:	01 96       	adiw	r24, 0x01	; 1
     b96:	9b 87       	std	Y+11, r25	; 0x0b
     b98:	8a 87       	std	Y+10, r24	; 0x0a
     b9a:	e8 85       	ldd	r30, Y+8	; 0x08
     b9c:	f9 85       	ldd	r31, Y+9	; 0x09
     b9e:	00 82       	st	Z, r0
     ba0:	88 85       	ldd	r24, Y+8	; 0x08
     ba2:	99 85       	ldd	r25, Y+9	; 0x09
     ba4:	01 96       	adiw	r24, 0x01	; 1
     ba6:	99 87       	std	Y+9, r25	; 0x09
     ba8:	88 87       	std	Y+8, r24	; 0x08
     baa:	9c 85       	ldd	r25, Y+12	; 0x0c
     bac:	91 50       	subi	r25, 0x01	; 1
     bae:	9c 87       	std	Y+12, r25	; 0x0c
     bb0:	ec 85       	ldd	r30, Y+12	; 0x0c
     bb2:	ee 23       	and	r30, r30
     bb4:	51 f7       	brne	.-44     	; 0xb8a <HMI_Init+0x30>
	UART_init(&uart_config);
     bb6:	ce 01       	movw	r24, r28
     bb8:	01 96       	adiw	r24, 0x01	; 1
     bba:	0e 94 83 14 	call	0x2906	; 0x2906 <UART_init>

	// Initialize Timer1
	Timer_setCallBack(Timer_Callback, TIMER1_ID);
     bbe:	83 ea       	ldi	r24, 0xA3	; 163
     bc0:	95 e0       	ldi	r25, 0x05	; 5
     bc2:	61 e0       	ldi	r22, 0x01	; 1
     bc4:	0e 94 18 13 	call	0x2630	; 0x2630 <Timer_setCallBack>
	Timer_init(&g_timerConfig);
     bc8:	87 e3       	ldi	r24, 0x37	; 55
     bca:	92 e0       	ldi	r25, 0x02	; 2
     bcc:	0e 94 7c 11 	call	0x22f8	; 0x22f8 <Timer_init>
}
     bd0:	2c 96       	adiw	r28, 0x0c	; 12
     bd2:	0f b6       	in	r0, 0x3f	; 63
     bd4:	f8 94       	cli
     bd6:	de bf       	out	0x3e, r29	; 62
     bd8:	0f be       	out	0x3f, r0	; 63
     bda:	cd bf       	out	0x3d, r28	; 61
     bdc:	cf 91       	pop	r28
     bde:	df 91       	pop	r29
     be0:	08 95       	ret

00000be2 <DisplayMainMenu>:

// Clears LCD and displays the main menu options
void DisplayMainMenu(void)
{
     be2:	df 93       	push	r29
     be4:	cf 93       	push	r28
     be6:	cd b7       	in	r28, 0x3d	; 61
     be8:	de b7       	in	r29, 0x3e	; 62
	LCD_clearScreen();
     bea:	0e 94 74 1b 	call	0x36e8	; 0x36e8 <LCD_clearScreen>
	LCD_displayStringRowColumn(0, 0, "1-Start Operation");
     bee:	20 e6       	ldi	r18, 0x60	; 96
     bf0:	30 e0       	ldi	r19, 0x00	; 0
     bf2:	80 e0       	ldi	r24, 0x00	; 0
     bf4:	60 e0       	ldi	r22, 0x00	; 0
     bf6:	a9 01       	movw	r20, r18
     bf8:	0e 94 38 1b 	call	0x3670	; 0x3670 <LCD_displayStringRowColumn>
	LCD_displayStringRowColumn(1, 0, "2-Display Values");
     bfc:	22 e7       	ldi	r18, 0x72	; 114
     bfe:	30 e0       	ldi	r19, 0x00	; 0
     c00:	81 e0       	ldi	r24, 0x01	; 1
     c02:	60 e0       	ldi	r22, 0x00	; 0
     c04:	a9 01       	movw	r20, r18
     c06:	0e 94 38 1b 	call	0x3670	; 0x3670 <LCD_displayStringRowColumn>
	LCD_displayStringRowColumn(2, 0, "3-Retrieve Faults");
     c0a:	23 e8       	ldi	r18, 0x83	; 131
     c0c:	30 e0       	ldi	r19, 0x00	; 0
     c0e:	82 e0       	ldi	r24, 0x02	; 2
     c10:	60 e0       	ldi	r22, 0x00	; 0
     c12:	a9 01       	movw	r20, r18
     c14:	0e 94 38 1b 	call	0x3670	; 0x3670 <LCD_displayStringRowColumn>
	LCD_displayStringRowColumn(3, 0, "4-Stop Monitoring");
     c18:	25 e9       	ldi	r18, 0x95	; 149
     c1a:	30 e0       	ldi	r19, 0x00	; 0
     c1c:	83 e0       	ldi	r24, 0x03	; 3
     c1e:	60 e0       	ldi	r22, 0x00	; 0
     c20:	a9 01       	movw	r20, r18
     c22:	0e 94 38 1b 	call	0x3670	; 0x3670 <LCD_displayStringRowColumn>
}
     c26:	cf 91       	pop	r28
     c28:	df 91       	pop	r29
     c2a:	08 95       	ret

00000c2c <SendCommandToControlECU>:

// Sends a single byte command to the Control ECU
void SendCommandToControlECU(u8 command)
{
     c2c:	df 93       	push	r29
     c2e:	cf 93       	push	r28
     c30:	cd b7       	in	r28, 0x3d	; 61
     c32:	de b7       	in	r29, 0x3e	; 62
     c34:	2f 97       	sbiw	r28, 0x0f	; 15
     c36:	0f b6       	in	r0, 0x3f	; 63
     c38:	f8 94       	cli
     c3a:	de bf       	out	0x3e, r29	; 62
     c3c:	0f be       	out	0x3f, r0	; 63
     c3e:	cd bf       	out	0x3d, r28	; 61
     c40:	8f 87       	std	Y+15, r24	; 0x0f
	UART_sendByte(command);
     c42:	8f 85       	ldd	r24, Y+15	; 0x0f
     c44:	0e 94 c1 15 	call	0x2b82	; 0x2b82 <UART_sendByte>
     c48:	80 e0       	ldi	r24, 0x00	; 0
     c4a:	90 e0       	ldi	r25, 0x00	; 0
     c4c:	a0 e2       	ldi	r26, 0x20	; 32
     c4e:	b1 e4       	ldi	r27, 0x41	; 65
     c50:	8b 87       	std	Y+11, r24	; 0x0b
     c52:	9c 87       	std	Y+12, r25	; 0x0c
     c54:	ad 87       	std	Y+13, r26	; 0x0d
     c56:	be 87       	std	Y+14, r27	; 0x0e
 */
void
_delay_ms(double __ms)
{
	uint16_t __ticks;
	double __tmp = ((F_CPU) / 4e3) * __ms;
     c58:	6b 85       	ldd	r22, Y+11	; 0x0b
     c5a:	7c 85       	ldd	r23, Y+12	; 0x0c
     c5c:	8d 85       	ldd	r24, Y+13	; 0x0d
     c5e:	9e 85       	ldd	r25, Y+14	; 0x0e
     c60:	20 e0       	ldi	r18, 0x00	; 0
     c62:	30 e0       	ldi	r19, 0x00	; 0
     c64:	4a ef       	ldi	r20, 0xFA	; 250
     c66:	54 e4       	ldi	r21, 0x44	; 68
     c68:	0e 94 1f 02 	call	0x43e	; 0x43e <__mulsf3>
     c6c:	dc 01       	movw	r26, r24
     c6e:	cb 01       	movw	r24, r22
     c70:	8f 83       	std	Y+7, r24	; 0x07
     c72:	98 87       	std	Y+8, r25	; 0x08
     c74:	a9 87       	std	Y+9, r26	; 0x09
     c76:	ba 87       	std	Y+10, r27	; 0x0a
	if (__tmp < 1.0)
     c78:	6f 81       	ldd	r22, Y+7	; 0x07
     c7a:	78 85       	ldd	r23, Y+8	; 0x08
     c7c:	89 85       	ldd	r24, Y+9	; 0x09
     c7e:	9a 85       	ldd	r25, Y+10	; 0x0a
     c80:	20 e0       	ldi	r18, 0x00	; 0
     c82:	30 e0       	ldi	r19, 0x00	; 0
     c84:	40 e8       	ldi	r20, 0x80	; 128
     c86:	5f e3       	ldi	r21, 0x3F	; 63
     c88:	0e 94 79 03 	call	0x6f2	; 0x6f2 <__ltsf2>
     c8c:	88 23       	and	r24, r24
     c8e:	2c f4       	brge	.+10     	; 0xc9a <SendCommandToControlECU+0x6e>
		__ticks = 1;
     c90:	81 e0       	ldi	r24, 0x01	; 1
     c92:	90 e0       	ldi	r25, 0x00	; 0
     c94:	9e 83       	std	Y+6, r25	; 0x06
     c96:	8d 83       	std	Y+5, r24	; 0x05
     c98:	3f c0       	rjmp	.+126    	; 0xd18 <SendCommandToControlECU+0xec>
	else if (__tmp > 65535)
     c9a:	6f 81       	ldd	r22, Y+7	; 0x07
     c9c:	78 85       	ldd	r23, Y+8	; 0x08
     c9e:	89 85       	ldd	r24, Y+9	; 0x09
     ca0:	9a 85       	ldd	r25, Y+10	; 0x0a
     ca2:	20 e0       	ldi	r18, 0x00	; 0
     ca4:	3f ef       	ldi	r19, 0xFF	; 255
     ca6:	4f e7       	ldi	r20, 0x7F	; 127
     ca8:	57 e4       	ldi	r21, 0x47	; 71
     caa:	0e 94 19 03 	call	0x632	; 0x632 <__gtsf2>
     cae:	18 16       	cp	r1, r24
     cb0:	4c f5       	brge	.+82     	; 0xd04 <SendCommandToControlECU+0xd8>
	{
		//	__ticks = requested delay in 1/10 ms
		__ticks = (uint16_t) (__ms * 10.0);
     cb2:	6b 85       	ldd	r22, Y+11	; 0x0b
     cb4:	7c 85       	ldd	r23, Y+12	; 0x0c
     cb6:	8d 85       	ldd	r24, Y+13	; 0x0d
     cb8:	9e 85       	ldd	r25, Y+14	; 0x0e
     cba:	20 e0       	ldi	r18, 0x00	; 0
     cbc:	30 e0       	ldi	r19, 0x00	; 0
     cbe:	40 e2       	ldi	r20, 0x20	; 32
     cc0:	51 e4       	ldi	r21, 0x41	; 65
     cc2:	0e 94 1f 02 	call	0x43e	; 0x43e <__mulsf3>
     cc6:	dc 01       	movw	r26, r24
     cc8:	cb 01       	movw	r24, r22
     cca:	bc 01       	movw	r22, r24
     ccc:	cd 01       	movw	r24, r26
     cce:	0e 94 49 00 	call	0x92	; 0x92 <__fixunssfsi>
     cd2:	dc 01       	movw	r26, r24
     cd4:	cb 01       	movw	r24, r22
     cd6:	9e 83       	std	Y+6, r25	; 0x06
     cd8:	8d 83       	std	Y+5, r24	; 0x05
     cda:	0f c0       	rjmp	.+30     	; 0xcfa <SendCommandToControlECU+0xce>
     cdc:	88 ec       	ldi	r24, 0xC8	; 200
     cde:	90 e0       	ldi	r25, 0x00	; 0
     ce0:	9c 83       	std	Y+4, r25	; 0x04
     ce2:	8b 83       	std	Y+3, r24	; 0x03
    milliseconds can be achieved.
 */
void
_delay_loop_2(uint16_t __count)
{
	__asm__ volatile (
     ce4:	8b 81       	ldd	r24, Y+3	; 0x03
     ce6:	9c 81       	ldd	r25, Y+4	; 0x04
     ce8:	01 97       	sbiw	r24, 0x01	; 1
     cea:	f1 f7       	brne	.-4      	; 0xce8 <SendCommandToControlECU+0xbc>
     cec:	9c 83       	std	Y+4, r25	; 0x04
     cee:	8b 83       	std	Y+3, r24	; 0x03
		while(__ticks)
		{
			// wait 1/10 ms
			_delay_loop_2(((F_CPU) / 4e3) / 10);
			__ticks --;
     cf0:	8d 81       	ldd	r24, Y+5	; 0x05
     cf2:	9e 81       	ldd	r25, Y+6	; 0x06
     cf4:	01 97       	sbiw	r24, 0x01	; 1
     cf6:	9e 83       	std	Y+6, r25	; 0x06
     cf8:	8d 83       	std	Y+5, r24	; 0x05
		__ticks = 1;
	else if (__tmp > 65535)
	{
		//	__ticks = requested delay in 1/10 ms
		__ticks = (uint16_t) (__ms * 10.0);
		while(__ticks)
     cfa:	8d 81       	ldd	r24, Y+5	; 0x05
     cfc:	9e 81       	ldd	r25, Y+6	; 0x06
     cfe:	00 97       	sbiw	r24, 0x00	; 0
     d00:	69 f7       	brne	.-38     	; 0xcdc <SendCommandToControlECU+0xb0>
     d02:	14 c0       	rjmp	.+40     	; 0xd2c <SendCommandToControlECU+0x100>
			__ticks --;
		}
		return;
	}
	else
		__ticks = (uint16_t)__tmp;
     d04:	6f 81       	ldd	r22, Y+7	; 0x07
     d06:	78 85       	ldd	r23, Y+8	; 0x08
     d08:	89 85       	ldd	r24, Y+9	; 0x09
     d0a:	9a 85       	ldd	r25, Y+10	; 0x0a
     d0c:	0e 94 49 00 	call	0x92	; 0x92 <__fixunssfsi>
     d10:	dc 01       	movw	r26, r24
     d12:	cb 01       	movw	r24, r22
     d14:	9e 83       	std	Y+6, r25	; 0x06
     d16:	8d 83       	std	Y+5, r24	; 0x05
     d18:	8d 81       	ldd	r24, Y+5	; 0x05
     d1a:	9e 81       	ldd	r25, Y+6	; 0x06
     d1c:	9a 83       	std	Y+2, r25	; 0x02
     d1e:	89 83       	std	Y+1, r24	; 0x01
     d20:	89 81       	ldd	r24, Y+1	; 0x01
     d22:	9a 81       	ldd	r25, Y+2	; 0x02
     d24:	01 97       	sbiw	r24, 0x01	; 1
     d26:	f1 f7       	brne	.-4      	; 0xd24 <SendCommandToControlECU+0xf8>
     d28:	9a 83       	std	Y+2, r25	; 0x02
     d2a:	89 83       	std	Y+1, r24	; 0x01
	_delay_ms(10); // Short delay for processing
}
     d2c:	2f 96       	adiw	r28, 0x0f	; 15
     d2e:	0f b6       	in	r0, 0x3f	; 63
     d30:	f8 94       	cli
     d32:	de bf       	out	0x3e, r29	; 62
     d34:	0f be       	out	0x3f, r0	; 63
     d36:	cd bf       	out	0x3d, r28	; 61
     d38:	cf 91       	pop	r28
     d3a:	df 91       	pop	r29
     d3c:	08 95       	ret

00000d3e <ReceiveDataFromControlECU>:

// Receives a generic data buffer from UART with timeout (NOT USED)
u8 ReceiveDataFromControlECU(u8* data, u16 timeoutMs)
{
     d3e:	df 93       	push	r29
     d40:	cf 93       	push	r28
     d42:	cd b7       	in	r28, 0x3d	; 61
     d44:	de b7       	in	r29, 0x3e	; 62
     d46:	68 97       	sbiw	r28, 0x18	; 24
     d48:	0f b6       	in	r0, 0x3f	; 63
     d4a:	f8 94       	cli
     d4c:	de bf       	out	0x3e, r29	; 62
     d4e:	0f be       	out	0x3f, r0	; 63
     d50:	cd bf       	out	0x3d, r28	; 61
     d52:	9d 8b       	std	Y+21, r25	; 0x15
     d54:	8c 8b       	std	Y+20, r24	; 0x14
     d56:	7f 8b       	std	Y+23, r23	; 0x17
     d58:	6e 8b       	std	Y+22, r22	; 0x16
	u16 timeElapsed = 0;
     d5a:	1b 8a       	std	Y+19, r1	; 0x13
     d5c:	1a 8a       	std	Y+18, r1	; 0x12
	u8 index = 0;
     d5e:	19 8a       	std	Y+17, r1	; 0x11
	u8 receivedByte;

	for(u8 i = 0; i < 16; i++) { // Clear the buffer
     d60:	1f 86       	std	Y+15, r1	; 0x0f
     d62:	0c c0       	rjmp	.+24     	; 0xd7c <ReceiveDataFromControlECU+0x3e>
		data[i] = 0;
     d64:	8f 85       	ldd	r24, Y+15	; 0x0f
     d66:	28 2f       	mov	r18, r24
     d68:	30 e0       	ldi	r19, 0x00	; 0
     d6a:	8c 89       	ldd	r24, Y+20	; 0x14
     d6c:	9d 89       	ldd	r25, Y+21	; 0x15
     d6e:	fc 01       	movw	r30, r24
     d70:	e2 0f       	add	r30, r18
     d72:	f3 1f       	adc	r31, r19
     d74:	10 82       	st	Z, r1
{
	u16 timeElapsed = 0;
	u8 index = 0;
	u8 receivedByte;

	for(u8 i = 0; i < 16; i++) { // Clear the buffer
     d76:	8f 85       	ldd	r24, Y+15	; 0x0f
     d78:	8f 5f       	subi	r24, 0xFF	; 255
     d7a:	8f 87       	std	Y+15, r24	; 0x0f
     d7c:	8f 85       	ldd	r24, Y+15	; 0x0f
     d7e:	80 31       	cpi	r24, 0x10	; 16
     d80:	88 f3       	brcs	.-30     	; 0xd64 <ReceiveDataFromControlECU+0x26>
     d82:	a8 c0       	rjmp	.+336    	; 0xed4 <ReceiveDataFromControlECU+0x196>
		data[i] = 0;
	}

	while(timeElapsed < timeoutMs)
	{
		receivedByte = UART_recieveByte();
     d84:	0e 94 d8 15 	call	0x2bb0	; 0x2bb0 <UART_recieveByte>
     d88:	88 8b       	std	Y+16, r24	; 0x10
		if(receivedByte != 0xFF) // Ignore 0xFF
     d8a:	88 89       	ldd	r24, Y+16	; 0x10
     d8c:	8f 3f       	cpi	r24, 0xFF	; 255
     d8e:	59 f1       	breq	.+86     	; 0xde6 <ReceiveDataFromControlECU+0xa8>
		{
			data[index++] = receivedByte;
     d90:	89 89       	ldd	r24, Y+17	; 0x11
     d92:	28 2f       	mov	r18, r24
     d94:	30 e0       	ldi	r19, 0x00	; 0
     d96:	8c 89       	ldd	r24, Y+20	; 0x14
     d98:	9d 89       	ldd	r25, Y+21	; 0x15
     d9a:	fc 01       	movw	r30, r24
     d9c:	e2 0f       	add	r30, r18
     d9e:	f3 1f       	adc	r31, r19
     da0:	88 89       	ldd	r24, Y+16	; 0x10
     da2:	80 83       	st	Z, r24
     da4:	89 89       	ldd	r24, Y+17	; 0x11
     da6:	8f 5f       	subi	r24, 0xFF	; 255
     da8:	89 8b       	std	Y+17, r24	; 0x11

			if(receivedByte == '#') // Check for end marker
     daa:	88 89       	ldd	r24, Y+16	; 0x10
     dac:	83 32       	cpi	r24, 0x23	; 35
     dae:	61 f4       	brne	.+24     	; 0xdc8 <ReceiveDataFromControlECU+0x8a>
			{
				data[index] = '\0';
     db0:	89 89       	ldd	r24, Y+17	; 0x11
     db2:	28 2f       	mov	r18, r24
     db4:	30 e0       	ldi	r19, 0x00	; 0
     db6:	8c 89       	ldd	r24, Y+20	; 0x14
     db8:	9d 89       	ldd	r25, Y+21	; 0x15
     dba:	fc 01       	movw	r30, r24
     dbc:	e2 0f       	add	r30, r18
     dbe:	f3 1f       	adc	r31, r19
     dc0:	10 82       	st	Z, r1
				return 1;  // Success
     dc2:	81 e0       	ldi	r24, 0x01	; 1
     dc4:	88 8f       	std	Y+24, r24	; 0x18
     dc6:	9e c0       	rjmp	.+316    	; 0xf04 <ReceiveDataFromControlECU+0x1c6>
			}

			if(index >= 15) // Prevent buffer overflow
     dc8:	89 89       	ldd	r24, Y+17	; 0x11
     dca:	8f 30       	cpi	r24, 0x0F	; 15
     dcc:	60 f0       	brcs	.+24     	; 0xde6 <ReceiveDataFromControlECU+0xa8>
			{
				data[index] = '\0';
     dce:	89 89       	ldd	r24, Y+17	; 0x11
     dd0:	28 2f       	mov	r18, r24
     dd2:	30 e0       	ldi	r19, 0x00	; 0
     dd4:	8c 89       	ldd	r24, Y+20	; 0x14
     dd6:	9d 89       	ldd	r25, Y+21	; 0x15
     dd8:	fc 01       	movw	r30, r24
     dda:	e2 0f       	add	r30, r18
     ddc:	f3 1f       	adc	r31, r19
     dde:	10 82       	st	Z, r1
				return 1;
     de0:	81 e0       	ldi	r24, 0x01	; 1
     de2:	88 8f       	std	Y+24, r24	; 0x18
     de4:	8f c0       	rjmp	.+286    	; 0xf04 <ReceiveDataFromControlECU+0x1c6>
     de6:	80 e0       	ldi	r24, 0x00	; 0
     de8:	90 e0       	ldi	r25, 0x00	; 0
     dea:	a0 e2       	ldi	r26, 0x20	; 32
     dec:	b1 e4       	ldi	r27, 0x41	; 65
     dee:	8b 87       	std	Y+11, r24	; 0x0b
     df0:	9c 87       	std	Y+12, r25	; 0x0c
     df2:	ad 87       	std	Y+13, r26	; 0x0d
     df4:	be 87       	std	Y+14, r27	; 0x0e
 */
void
_delay_ms(double __ms)
{
	uint16_t __ticks;
	double __tmp = ((F_CPU) / 4e3) * __ms;
     df6:	6b 85       	ldd	r22, Y+11	; 0x0b
     df8:	7c 85       	ldd	r23, Y+12	; 0x0c
     dfa:	8d 85       	ldd	r24, Y+13	; 0x0d
     dfc:	9e 85       	ldd	r25, Y+14	; 0x0e
     dfe:	20 e0       	ldi	r18, 0x00	; 0
     e00:	30 e0       	ldi	r19, 0x00	; 0
     e02:	4a ef       	ldi	r20, 0xFA	; 250
     e04:	54 e4       	ldi	r21, 0x44	; 68
     e06:	0e 94 1f 02 	call	0x43e	; 0x43e <__mulsf3>
     e0a:	dc 01       	movw	r26, r24
     e0c:	cb 01       	movw	r24, r22
     e0e:	8f 83       	std	Y+7, r24	; 0x07
     e10:	98 87       	std	Y+8, r25	; 0x08
     e12:	a9 87       	std	Y+9, r26	; 0x09
     e14:	ba 87       	std	Y+10, r27	; 0x0a
	if (__tmp < 1.0)
     e16:	6f 81       	ldd	r22, Y+7	; 0x07
     e18:	78 85       	ldd	r23, Y+8	; 0x08
     e1a:	89 85       	ldd	r24, Y+9	; 0x09
     e1c:	9a 85       	ldd	r25, Y+10	; 0x0a
     e1e:	20 e0       	ldi	r18, 0x00	; 0
     e20:	30 e0       	ldi	r19, 0x00	; 0
     e22:	40 e8       	ldi	r20, 0x80	; 128
     e24:	5f e3       	ldi	r21, 0x3F	; 63
     e26:	0e 94 79 03 	call	0x6f2	; 0x6f2 <__ltsf2>
     e2a:	88 23       	and	r24, r24
     e2c:	2c f4       	brge	.+10     	; 0xe38 <ReceiveDataFromControlECU+0xfa>
		__ticks = 1;
     e2e:	81 e0       	ldi	r24, 0x01	; 1
     e30:	90 e0       	ldi	r25, 0x00	; 0
     e32:	9e 83       	std	Y+6, r25	; 0x06
     e34:	8d 83       	std	Y+5, r24	; 0x05
     e36:	3f c0       	rjmp	.+126    	; 0xeb6 <ReceiveDataFromControlECU+0x178>
	else if (__tmp > 65535)
     e38:	6f 81       	ldd	r22, Y+7	; 0x07
     e3a:	78 85       	ldd	r23, Y+8	; 0x08
     e3c:	89 85       	ldd	r24, Y+9	; 0x09
     e3e:	9a 85       	ldd	r25, Y+10	; 0x0a
     e40:	20 e0       	ldi	r18, 0x00	; 0
     e42:	3f ef       	ldi	r19, 0xFF	; 255
     e44:	4f e7       	ldi	r20, 0x7F	; 127
     e46:	57 e4       	ldi	r21, 0x47	; 71
     e48:	0e 94 19 03 	call	0x632	; 0x632 <__gtsf2>
     e4c:	18 16       	cp	r1, r24
     e4e:	4c f5       	brge	.+82     	; 0xea2 <ReceiveDataFromControlECU+0x164>
	{
		//	__ticks = requested delay in 1/10 ms
		__ticks = (uint16_t) (__ms * 10.0);
     e50:	6b 85       	ldd	r22, Y+11	; 0x0b
     e52:	7c 85       	ldd	r23, Y+12	; 0x0c
     e54:	8d 85       	ldd	r24, Y+13	; 0x0d
     e56:	9e 85       	ldd	r25, Y+14	; 0x0e
     e58:	20 e0       	ldi	r18, 0x00	; 0
     e5a:	30 e0       	ldi	r19, 0x00	; 0
     e5c:	40 e2       	ldi	r20, 0x20	; 32
     e5e:	51 e4       	ldi	r21, 0x41	; 65
     e60:	0e 94 1f 02 	call	0x43e	; 0x43e <__mulsf3>
     e64:	dc 01       	movw	r26, r24
     e66:	cb 01       	movw	r24, r22
     e68:	bc 01       	movw	r22, r24
     e6a:	cd 01       	movw	r24, r26
     e6c:	0e 94 49 00 	call	0x92	; 0x92 <__fixunssfsi>
     e70:	dc 01       	movw	r26, r24
     e72:	cb 01       	movw	r24, r22
     e74:	9e 83       	std	Y+6, r25	; 0x06
     e76:	8d 83       	std	Y+5, r24	; 0x05
     e78:	0f c0       	rjmp	.+30     	; 0xe98 <ReceiveDataFromControlECU+0x15a>
     e7a:	88 ec       	ldi	r24, 0xC8	; 200
     e7c:	90 e0       	ldi	r25, 0x00	; 0
     e7e:	9c 83       	std	Y+4, r25	; 0x04
     e80:	8b 83       	std	Y+3, r24	; 0x03
     e82:	8b 81       	ldd	r24, Y+3	; 0x03
     e84:	9c 81       	ldd	r25, Y+4	; 0x04
     e86:	01 97       	sbiw	r24, 0x01	; 1
     e88:	f1 f7       	brne	.-4      	; 0xe86 <ReceiveDataFromControlECU+0x148>
     e8a:	9c 83       	std	Y+4, r25	; 0x04
     e8c:	8b 83       	std	Y+3, r24	; 0x03
		while(__ticks)
		{
			// wait 1/10 ms
			_delay_loop_2(((F_CPU) / 4e3) / 10);
			__ticks --;
     e8e:	8d 81       	ldd	r24, Y+5	; 0x05
     e90:	9e 81       	ldd	r25, Y+6	; 0x06
     e92:	01 97       	sbiw	r24, 0x01	; 1
     e94:	9e 83       	std	Y+6, r25	; 0x06
     e96:	8d 83       	std	Y+5, r24	; 0x05
		__ticks = 1;
	else if (__tmp > 65535)
	{
		//	__ticks = requested delay in 1/10 ms
		__ticks = (uint16_t) (__ms * 10.0);
		while(__ticks)
     e98:	8d 81       	ldd	r24, Y+5	; 0x05
     e9a:	9e 81       	ldd	r25, Y+6	; 0x06
     e9c:	00 97       	sbiw	r24, 0x00	; 0
     e9e:	69 f7       	brne	.-38     	; 0xe7a <ReceiveDataFromControlECU+0x13c>
     ea0:	14 c0       	rjmp	.+40     	; 0xeca <ReceiveDataFromControlECU+0x18c>
			__ticks --;
		}
		return;
	}
	else
		__ticks = (uint16_t)__tmp;
     ea2:	6f 81       	ldd	r22, Y+7	; 0x07
     ea4:	78 85       	ldd	r23, Y+8	; 0x08
     ea6:	89 85       	ldd	r24, Y+9	; 0x09
     ea8:	9a 85       	ldd	r25, Y+10	; 0x0a
     eaa:	0e 94 49 00 	call	0x92	; 0x92 <__fixunssfsi>
     eae:	dc 01       	movw	r26, r24
     eb0:	cb 01       	movw	r24, r22
     eb2:	9e 83       	std	Y+6, r25	; 0x06
     eb4:	8d 83       	std	Y+5, r24	; 0x05
     eb6:	8d 81       	ldd	r24, Y+5	; 0x05
     eb8:	9e 81       	ldd	r25, Y+6	; 0x06
     eba:	9a 83       	std	Y+2, r25	; 0x02
     ebc:	89 83       	std	Y+1, r24	; 0x01
     ebe:	89 81       	ldd	r24, Y+1	; 0x01
     ec0:	9a 81       	ldd	r25, Y+2	; 0x02
     ec2:	01 97       	sbiw	r24, 0x01	; 1
     ec4:	f1 f7       	brne	.-4      	; 0xec2 <ReceiveDataFromControlECU+0x184>
     ec6:	9a 83       	std	Y+2, r25	; 0x02
     ec8:	89 83       	std	Y+1, r24	; 0x01
			}
		}
		_delay_ms(10);
		timeElapsed += 10;
     eca:	8a 89       	ldd	r24, Y+18	; 0x12
     ecc:	9b 89       	ldd	r25, Y+19	; 0x13
     ece:	0a 96       	adiw	r24, 0x0a	; 10
     ed0:	9b 8b       	std	Y+19, r25	; 0x13
     ed2:	8a 8b       	std	Y+18, r24	; 0x12

	for(u8 i = 0; i < 16; i++) { // Clear the buffer
		data[i] = 0;
	}

	while(timeElapsed < timeoutMs)
     ed4:	2a 89       	ldd	r18, Y+18	; 0x12
     ed6:	3b 89       	ldd	r19, Y+19	; 0x13
     ed8:	8e 89       	ldd	r24, Y+22	; 0x16
     eda:	9f 89       	ldd	r25, Y+23	; 0x17
     edc:	28 17       	cp	r18, r24
     ede:	39 07       	cpc	r19, r25
     ee0:	08 f4       	brcc	.+2      	; 0xee4 <ReceiveDataFromControlECU+0x1a6>
     ee2:	50 cf       	rjmp	.-352    	; 0xd84 <ReceiveDataFromControlECU+0x46>
		}
		_delay_ms(10);
		timeElapsed += 10;
	}

	if(index > 0) // Return partial data on timeout
     ee4:	89 89       	ldd	r24, Y+17	; 0x11
     ee6:	88 23       	and	r24, r24
     ee8:	61 f0       	breq	.+24     	; 0xf02 <ReceiveDataFromControlECU+0x1c4>
	{
		data[index] = '\0';
     eea:	89 89       	ldd	r24, Y+17	; 0x11
     eec:	28 2f       	mov	r18, r24
     eee:	30 e0       	ldi	r19, 0x00	; 0
     ef0:	8c 89       	ldd	r24, Y+20	; 0x14
     ef2:	9d 89       	ldd	r25, Y+21	; 0x15
     ef4:	fc 01       	movw	r30, r24
     ef6:	e2 0f       	add	r30, r18
     ef8:	f3 1f       	adc	r31, r19
     efa:	10 82       	st	Z, r1
		return 1;
     efc:	81 e0       	ldi	r24, 0x01	; 1
     efe:	88 8f       	std	Y+24, r24	; 0x18
     f00:	01 c0       	rjmp	.+2      	; 0xf04 <ReceiveDataFromControlECU+0x1c6>
	}

	return 0;  // No data
     f02:	18 8e       	std	Y+24, r1	; 0x18
     f04:	88 8d       	ldd	r24, Y+24	; 0x18
}
     f06:	68 96       	adiw	r28, 0x18	; 24
     f08:	0f b6       	in	r0, 0x3f	; 63
     f0a:	f8 94       	cli
     f0c:	de bf       	out	0x3e, r29	; 62
     f0e:	0f be       	out	0x3f, r0	; 63
     f10:	cd bf       	out	0x3d, r28	; 61
     f12:	cf 91       	pop	r28
     f14:	df 91       	pop	r29
     f16:	08 95       	ret

00000f18 <handle_start_operation>:

// Handles '1-Start Operation' menu selection
void handle_start_operation(void)
{
     f18:	df 93       	push	r29
     f1a:	cf 93       	push	r28
     f1c:	cd b7       	in	r28, 0x3d	; 61
     f1e:	de b7       	in	r29, 0x3e	; 62
     f20:	2e 97       	sbiw	r28, 0x0e	; 14
     f22:	0f b6       	in	r0, 0x3f	; 63
     f24:	f8 94       	cli
     f26:	de bf       	out	0x3e, r29	; 62
     f28:	0f be       	out	0x3f, r0	; 63
     f2a:	cd bf       	out	0x3d, r28	; 61
	UART_sendByte(HMI_CMD_START_MONITORING); // Send command
     f2c:	81 e0       	ldi	r24, 0x01	; 1
     f2e:	0e 94 c1 15 	call	0x2b82	; 0x2b82 <UART_sendByte>

	LCD_clearScreen(); // Show confirmation
     f32:	0e 94 74 1b 	call	0x36e8	; 0x36e8 <LCD_clearScreen>
	LCD_displayStringRowColumn(0, 0, "Operation       ");
     f36:	27 ea       	ldi	r18, 0xA7	; 167
     f38:	30 e0       	ldi	r19, 0x00	; 0
     f3a:	80 e0       	ldi	r24, 0x00	; 0
     f3c:	60 e0       	ldi	r22, 0x00	; 0
     f3e:	a9 01       	movw	r20, r18
     f40:	0e 94 38 1b 	call	0x3670	; 0x3670 <LCD_displayStringRowColumn>
	LCD_displayStringRowColumn(1, 0, "Started!        ");
     f44:	28 eb       	ldi	r18, 0xB8	; 184
     f46:	30 e0       	ldi	r19, 0x00	; 0
     f48:	81 e0       	ldi	r24, 0x01	; 1
     f4a:	60 e0       	ldi	r22, 0x00	; 0
     f4c:	a9 01       	movw	r20, r18
     f4e:	0e 94 38 1b 	call	0x3670	; 0x3670 <LCD_displayStringRowColumn>
	LCD_displayStringRowColumn(2, 0, "Monitoring      ");
     f52:	29 ec       	ldi	r18, 0xC9	; 201
     f54:	30 e0       	ldi	r19, 0x00	; 0
     f56:	82 e0       	ldi	r24, 0x02	; 2
     f58:	60 e0       	ldi	r22, 0x00	; 0
     f5a:	a9 01       	movw	r20, r18
     f5c:	0e 94 38 1b 	call	0x3670	; 0x3670 <LCD_displayStringRowColumn>
	LCD_displayStringRowColumn(3, 0, "Active...       ");
     f60:	2a ed       	ldi	r18, 0xDA	; 218
     f62:	30 e0       	ldi	r19, 0x00	; 0
     f64:	83 e0       	ldi	r24, 0x03	; 3
     f66:	60 e0       	ldi	r22, 0x00	; 0
     f68:	a9 01       	movw	r20, r18
     f6a:	0e 94 38 1b 	call	0x3670	; 0x3670 <LCD_displayStringRowColumn>
     f6e:	80 e0       	ldi	r24, 0x00	; 0
     f70:	90 e8       	ldi	r25, 0x80	; 128
     f72:	ab e3       	ldi	r26, 0x3B	; 59
     f74:	b5 e4       	ldi	r27, 0x45	; 69
     f76:	8b 87       	std	Y+11, r24	; 0x0b
     f78:	9c 87       	std	Y+12, r25	; 0x0c
     f7a:	ad 87       	std	Y+13, r26	; 0x0d
     f7c:	be 87       	std	Y+14, r27	; 0x0e
 */
void
_delay_ms(double __ms)
{
	uint16_t __ticks;
	double __tmp = ((F_CPU) / 4e3) * __ms;
     f7e:	6b 85       	ldd	r22, Y+11	; 0x0b
     f80:	7c 85       	ldd	r23, Y+12	; 0x0c
     f82:	8d 85       	ldd	r24, Y+13	; 0x0d
     f84:	9e 85       	ldd	r25, Y+14	; 0x0e
     f86:	20 e0       	ldi	r18, 0x00	; 0
     f88:	30 e0       	ldi	r19, 0x00	; 0
     f8a:	4a ef       	ldi	r20, 0xFA	; 250
     f8c:	54 e4       	ldi	r21, 0x44	; 68
     f8e:	0e 94 1f 02 	call	0x43e	; 0x43e <__mulsf3>
     f92:	dc 01       	movw	r26, r24
     f94:	cb 01       	movw	r24, r22
     f96:	8f 83       	std	Y+7, r24	; 0x07
     f98:	98 87       	std	Y+8, r25	; 0x08
     f9a:	a9 87       	std	Y+9, r26	; 0x09
     f9c:	ba 87       	std	Y+10, r27	; 0x0a
	if (__tmp < 1.0)
     f9e:	6f 81       	ldd	r22, Y+7	; 0x07
     fa0:	78 85       	ldd	r23, Y+8	; 0x08
     fa2:	89 85       	ldd	r24, Y+9	; 0x09
     fa4:	9a 85       	ldd	r25, Y+10	; 0x0a
     fa6:	20 e0       	ldi	r18, 0x00	; 0
     fa8:	30 e0       	ldi	r19, 0x00	; 0
     faa:	40 e8       	ldi	r20, 0x80	; 128
     fac:	5f e3       	ldi	r21, 0x3F	; 63
     fae:	0e 94 79 03 	call	0x6f2	; 0x6f2 <__ltsf2>
     fb2:	88 23       	and	r24, r24
     fb4:	2c f4       	brge	.+10     	; 0xfc0 <handle_start_operation+0xa8>
		__ticks = 1;
     fb6:	81 e0       	ldi	r24, 0x01	; 1
     fb8:	90 e0       	ldi	r25, 0x00	; 0
     fba:	9e 83       	std	Y+6, r25	; 0x06
     fbc:	8d 83       	std	Y+5, r24	; 0x05
     fbe:	3f c0       	rjmp	.+126    	; 0x103e <handle_start_operation+0x126>
	else if (__tmp > 65535)
     fc0:	6f 81       	ldd	r22, Y+7	; 0x07
     fc2:	78 85       	ldd	r23, Y+8	; 0x08
     fc4:	89 85       	ldd	r24, Y+9	; 0x09
     fc6:	9a 85       	ldd	r25, Y+10	; 0x0a
     fc8:	20 e0       	ldi	r18, 0x00	; 0
     fca:	3f ef       	ldi	r19, 0xFF	; 255
     fcc:	4f e7       	ldi	r20, 0x7F	; 127
     fce:	57 e4       	ldi	r21, 0x47	; 71
     fd0:	0e 94 19 03 	call	0x632	; 0x632 <__gtsf2>
     fd4:	18 16       	cp	r1, r24
     fd6:	4c f5       	brge	.+82     	; 0x102a <handle_start_operation+0x112>
	{
		//	__ticks = requested delay in 1/10 ms
		__ticks = (uint16_t) (__ms * 10.0);
     fd8:	6b 85       	ldd	r22, Y+11	; 0x0b
     fda:	7c 85       	ldd	r23, Y+12	; 0x0c
     fdc:	8d 85       	ldd	r24, Y+13	; 0x0d
     fde:	9e 85       	ldd	r25, Y+14	; 0x0e
     fe0:	20 e0       	ldi	r18, 0x00	; 0
     fe2:	30 e0       	ldi	r19, 0x00	; 0
     fe4:	40 e2       	ldi	r20, 0x20	; 32
     fe6:	51 e4       	ldi	r21, 0x41	; 65
     fe8:	0e 94 1f 02 	call	0x43e	; 0x43e <__mulsf3>
     fec:	dc 01       	movw	r26, r24
     fee:	cb 01       	movw	r24, r22
     ff0:	bc 01       	movw	r22, r24
     ff2:	cd 01       	movw	r24, r26
     ff4:	0e 94 49 00 	call	0x92	; 0x92 <__fixunssfsi>
     ff8:	dc 01       	movw	r26, r24
     ffa:	cb 01       	movw	r24, r22
     ffc:	9e 83       	std	Y+6, r25	; 0x06
     ffe:	8d 83       	std	Y+5, r24	; 0x05
    1000:	0f c0       	rjmp	.+30     	; 0x1020 <handle_start_operation+0x108>
    1002:	88 ec       	ldi	r24, 0xC8	; 200
    1004:	90 e0       	ldi	r25, 0x00	; 0
    1006:	9c 83       	std	Y+4, r25	; 0x04
    1008:	8b 83       	std	Y+3, r24	; 0x03
    100a:	8b 81       	ldd	r24, Y+3	; 0x03
    100c:	9c 81       	ldd	r25, Y+4	; 0x04
    100e:	01 97       	sbiw	r24, 0x01	; 1
    1010:	f1 f7       	brne	.-4      	; 0x100e <handle_start_operation+0xf6>
    1012:	9c 83       	std	Y+4, r25	; 0x04
    1014:	8b 83       	std	Y+3, r24	; 0x03
		while(__ticks)
		{
			// wait 1/10 ms
			_delay_loop_2(((F_CPU) / 4e3) / 10);
			__ticks --;
    1016:	8d 81       	ldd	r24, Y+5	; 0x05
    1018:	9e 81       	ldd	r25, Y+6	; 0x06
    101a:	01 97       	sbiw	r24, 0x01	; 1
    101c:	9e 83       	std	Y+6, r25	; 0x06
    101e:	8d 83       	std	Y+5, r24	; 0x05
		__ticks = 1;
	else if (__tmp > 65535)
	{
		//	__ticks = requested delay in 1/10 ms
		__ticks = (uint16_t) (__ms * 10.0);
		while(__ticks)
    1020:	8d 81       	ldd	r24, Y+5	; 0x05
    1022:	9e 81       	ldd	r25, Y+6	; 0x06
    1024:	00 97       	sbiw	r24, 0x00	; 0
    1026:	69 f7       	brne	.-38     	; 0x1002 <handle_start_operation+0xea>
    1028:	14 c0       	rjmp	.+40     	; 0x1052 <handle_start_operation+0x13a>
			__ticks --;
		}
		return;
	}
	else
		__ticks = (uint16_t)__tmp;
    102a:	6f 81       	ldd	r22, Y+7	; 0x07
    102c:	78 85       	ldd	r23, Y+8	; 0x08
    102e:	89 85       	ldd	r24, Y+9	; 0x09
    1030:	9a 85       	ldd	r25, Y+10	; 0x0a
    1032:	0e 94 49 00 	call	0x92	; 0x92 <__fixunssfsi>
    1036:	dc 01       	movw	r26, r24
    1038:	cb 01       	movw	r24, r22
    103a:	9e 83       	std	Y+6, r25	; 0x06
    103c:	8d 83       	std	Y+5, r24	; 0x05
    103e:	8d 81       	ldd	r24, Y+5	; 0x05
    1040:	9e 81       	ldd	r25, Y+6	; 0x06
    1042:	9a 83       	std	Y+2, r25	; 0x02
    1044:	89 83       	std	Y+1, r24	; 0x01
    1046:	89 81       	ldd	r24, Y+1	; 0x01
    1048:	9a 81       	ldd	r25, Y+2	; 0x02
    104a:	01 97       	sbiw	r24, 0x01	; 1
    104c:	f1 f7       	brne	.-4      	; 0x104a <handle_start_operation+0x132>
    104e:	9a 83       	std	Y+2, r25	; 0x02
    1050:	89 83       	std	Y+1, r24	; 0x01

	_delay_ms(DISPLAY_TIME_SECONDS);
}
    1052:	2e 96       	adiw	r28, 0x0e	; 14
    1054:	0f b6       	in	r0, 0x3f	; 63
    1056:	f8 94       	cli
    1058:	de bf       	out	0x3e, r29	; 62
    105a:	0f be       	out	0x3f, r0	; 63
    105c:	cd bf       	out	0x3d, r28	; 61
    105e:	cf 91       	pop	r28
    1060:	df 91       	pop	r29
    1062:	08 95       	ret

00001064 <handle_display_values>:

// Handles '2-Display Values' menu selection
void handle_display_values(void)
{
    1064:	df 93       	push	r29
    1066:	cf 93       	push	r28
    1068:	cd b7       	in	r28, 0x3d	; 61
    106a:	de b7       	in	r29, 0x3e	; 62
    106c:	a7 97       	sbiw	r28, 0x27	; 39
    106e:	0f b6       	in	r0, 0x3f	; 63
    1070:	f8 94       	cli
    1072:	de bf       	out	0x3e, r29	; 62
    1074:	0f be       	out	0x3f, r0	; 63
    1076:	cd bf       	out	0x3d, r28	; 61
	u8 window_states;
	u8 w1_open;
	u8 w2_open;

	do {
		UART_sendByte(HMI_CMD_SEND_LIVE_VALUES); // 1. Send command
    1078:	82 e0       	ldi	r24, 0x02	; 2
    107a:	0e 94 c1 15 	call	0x2b82	; 0x2b82 <UART_sendByte>

		// 2. Receive data in exact order from Control ECU
		temperature = UART_recieveByte();
    107e:	0e 94 d8 15 	call	0x2bb0	; 0x2bb0 <UART_recieveByte>
    1082:	8a a3       	std	Y+34, r24	; 0x22
		distance = UART_recieveWord();
    1084:	0e 94 a7 0c 	call	0x194e	; 0x194e <UART_recieveWord>
    1088:	99 a3       	std	Y+33, r25	; 0x21
    108a:	88 a3       	std	Y+32, r24	; 0x20
		window_states = UART_recieveByte();
    108c:	0e 94 d8 15 	call	0x2bb0	; 0x2bb0 <UART_recieveByte>
    1090:	8f 8f       	std	Y+31, r24	; 0x1f

		// 3. Parse the packed window states byte
		w1_open = window_states & 0x01;
    1092:	8f 8d       	ldd	r24, Y+31	; 0x1f
    1094:	81 70       	andi	r24, 0x01	; 1
    1096:	8e 8f       	std	Y+30, r24	; 0x1e
		w2_open = (window_states >> 1) & 0x01;
    1098:	8f 8d       	ldd	r24, Y+31	; 0x1f
    109a:	86 95       	lsr	r24
    109c:	81 70       	andi	r24, 0x01	; 1
    109e:	8d 8f       	std	Y+29, r24	; 0x1d

		// 4. Display data on LCD
		LCD_clearScreen();
    10a0:	0e 94 74 1b 	call	0x36e8	; 0x36e8 <LCD_clearScreen>

		LCD_displayStringRowColumn(0, 0, "Temp: ");
    10a4:	2b ee       	ldi	r18, 0xEB	; 235
    10a6:	30 e0       	ldi	r19, 0x00	; 0
    10a8:	80 e0       	ldi	r24, 0x00	; 0
    10aa:	60 e0       	ldi	r22, 0x00	; 0
    10ac:	a9 01       	movw	r20, r18
    10ae:	0e 94 38 1b 	call	0x3670	; 0x3670 <LCD_displayStringRowColumn>
		LCD_intgerToString(temperature);
    10b2:	8a a1       	ldd	r24, Y+34	; 0x22
    10b4:	88 2f       	mov	r24, r24
    10b6:	90 e0       	ldi	r25, 0x00	; 0
    10b8:	0e 94 51 1b 	call	0x36a2	; 0x36a2 <LCD_intgerToString>
		LCD_displayString(" C      ");
    10bc:	82 ef       	ldi	r24, 0xF2	; 242
    10be:	90 e0       	ldi	r25, 0x00	; 0
    10c0:	0e 94 cd 1a 	call	0x359a	; 0x359a <LCD_displayString>

		LCD_displayStringRowColumn(1, 0, "Dist: ");
    10c4:	2b ef       	ldi	r18, 0xFB	; 251
    10c6:	30 e0       	ldi	r19, 0x00	; 0
    10c8:	81 e0       	ldi	r24, 0x01	; 1
    10ca:	60 e0       	ldi	r22, 0x00	; 0
    10cc:	a9 01       	movw	r20, r18
    10ce:	0e 94 38 1b 	call	0x3670	; 0x3670 <LCD_displayStringRowColumn>
		LCD_intgerToString(distance);
    10d2:	88 a1       	ldd	r24, Y+32	; 0x20
    10d4:	99 a1       	ldd	r25, Y+33	; 0x21
    10d6:	0e 94 51 1b 	call	0x36a2	; 0x36a2 <LCD_intgerToString>
		LCD_displayString(" cm     ");
    10da:	82 e0       	ldi	r24, 0x02	; 2
    10dc:	91 e0       	ldi	r25, 0x01	; 1
    10de:	0e 94 cd 1a 	call	0x359a	; 0x359a <LCD_displayString>

		LCD_displayStringRowColumn(2, 0, "W1:");
    10e2:	2b e0       	ldi	r18, 0x0B	; 11
    10e4:	31 e0       	ldi	r19, 0x01	; 1
    10e6:	82 e0       	ldi	r24, 0x02	; 2
    10e8:	60 e0       	ldi	r22, 0x00	; 0
    10ea:	a9 01       	movw	r20, r18
    10ec:	0e 94 38 1b 	call	0x3670	; 0x3670 <LCD_displayStringRowColumn>
		LCD_displayString(w1_open ? "Open   " : "Closed ");
    10f0:	8e 8d       	ldd	r24, Y+30	; 0x1e
    10f2:	88 23       	and	r24, r24
    10f4:	29 f0       	breq	.+10     	; 0x1100 <handle_display_values+0x9c>
    10f6:	8f e0       	ldi	r24, 0x0F	; 15
    10f8:	91 e0       	ldi	r25, 0x01	; 1
    10fa:	9f a3       	std	Y+39, r25	; 0x27
    10fc:	8e a3       	std	Y+38, r24	; 0x26
    10fe:	04 c0       	rjmp	.+8      	; 0x1108 <handle_display_values+0xa4>
    1100:	87 e1       	ldi	r24, 0x17	; 23
    1102:	91 e0       	ldi	r25, 0x01	; 1
    1104:	9f a3       	std	Y+39, r25	; 0x27
    1106:	8e a3       	std	Y+38, r24	; 0x26
    1108:	8e a1       	ldd	r24, Y+38	; 0x26
    110a:	9f a1       	ldd	r25, Y+39	; 0x27
    110c:	0e 94 cd 1a 	call	0x359a	; 0x359a <LCD_displayString>

		LCD_displayStringRowColumn(3, 0, "W2:");
    1110:	2f e1       	ldi	r18, 0x1F	; 31
    1112:	31 e0       	ldi	r19, 0x01	; 1
    1114:	83 e0       	ldi	r24, 0x03	; 3
    1116:	60 e0       	ldi	r22, 0x00	; 0
    1118:	a9 01       	movw	r20, r18
    111a:	0e 94 38 1b 	call	0x3670	; 0x3670 <LCD_displayStringRowColumn>
		LCD_displayString(w2_open ? "Open   " : "Closed ");
    111e:	8d 8d       	ldd	r24, Y+29	; 0x1d
    1120:	88 23       	and	r24, r24
    1122:	29 f0       	breq	.+10     	; 0x112e <handle_display_values+0xca>
    1124:	8f e0       	ldi	r24, 0x0F	; 15
    1126:	91 e0       	ldi	r25, 0x01	; 1
    1128:	9d a3       	std	Y+37, r25	; 0x25
    112a:	8c a3       	std	Y+36, r24	; 0x24
    112c:	04 c0       	rjmp	.+8      	; 0x1136 <handle_display_values+0xd2>
    112e:	87 e1       	ldi	r24, 0x17	; 23
    1130:	91 e0       	ldi	r25, 0x01	; 1
    1132:	9d a3       	std	Y+37, r25	; 0x25
    1134:	8c a3       	std	Y+36, r24	; 0x24
    1136:	8c a1       	ldd	r24, Y+36	; 0x24
    1138:	9d a1       	ldd	r25, Y+37	; 0x25
    113a:	0e 94 cd 1a 	call	0x359a	; 0x359a <LCD_displayString>
    113e:	80 e0       	ldi	r24, 0x00	; 0
    1140:	90 e8       	ldi	r25, 0x80	; 128
    1142:	ab e3       	ldi	r26, 0x3B	; 59
    1144:	b5 e4       	ldi	r27, 0x45	; 69
    1146:	89 8f       	std	Y+25, r24	; 0x19
    1148:	9a 8f       	std	Y+26, r25	; 0x1a
    114a:	ab 8f       	std	Y+27, r26	; 0x1b
    114c:	bc 8f       	std	Y+28, r27	; 0x1c
 */
void
_delay_ms(double __ms)
{
	uint16_t __ticks;
	double __tmp = ((F_CPU) / 4e3) * __ms;
    114e:	69 8d       	ldd	r22, Y+25	; 0x19
    1150:	7a 8d       	ldd	r23, Y+26	; 0x1a
    1152:	8b 8d       	ldd	r24, Y+27	; 0x1b
    1154:	9c 8d       	ldd	r25, Y+28	; 0x1c
    1156:	20 e0       	ldi	r18, 0x00	; 0
    1158:	30 e0       	ldi	r19, 0x00	; 0
    115a:	4a ef       	ldi	r20, 0xFA	; 250
    115c:	54 e4       	ldi	r21, 0x44	; 68
    115e:	0e 94 1f 02 	call	0x43e	; 0x43e <__mulsf3>
    1162:	dc 01       	movw	r26, r24
    1164:	cb 01       	movw	r24, r22
    1166:	8d 8b       	std	Y+21, r24	; 0x15
    1168:	9e 8b       	std	Y+22, r25	; 0x16
    116a:	af 8b       	std	Y+23, r26	; 0x17
    116c:	b8 8f       	std	Y+24, r27	; 0x18
	if (__tmp < 1.0)
    116e:	6d 89       	ldd	r22, Y+21	; 0x15
    1170:	7e 89       	ldd	r23, Y+22	; 0x16
    1172:	8f 89       	ldd	r24, Y+23	; 0x17
    1174:	98 8d       	ldd	r25, Y+24	; 0x18
    1176:	20 e0       	ldi	r18, 0x00	; 0
    1178:	30 e0       	ldi	r19, 0x00	; 0
    117a:	40 e8       	ldi	r20, 0x80	; 128
    117c:	5f e3       	ldi	r21, 0x3F	; 63
    117e:	0e 94 79 03 	call	0x6f2	; 0x6f2 <__ltsf2>
    1182:	88 23       	and	r24, r24
    1184:	2c f4       	brge	.+10     	; 0x1190 <handle_display_values+0x12c>
		__ticks = 1;
    1186:	81 e0       	ldi	r24, 0x01	; 1
    1188:	90 e0       	ldi	r25, 0x00	; 0
    118a:	9c 8b       	std	Y+20, r25	; 0x14
    118c:	8b 8b       	std	Y+19, r24	; 0x13
    118e:	3f c0       	rjmp	.+126    	; 0x120e <handle_display_values+0x1aa>
	else if (__tmp > 65535)
    1190:	6d 89       	ldd	r22, Y+21	; 0x15
    1192:	7e 89       	ldd	r23, Y+22	; 0x16
    1194:	8f 89       	ldd	r24, Y+23	; 0x17
    1196:	98 8d       	ldd	r25, Y+24	; 0x18
    1198:	20 e0       	ldi	r18, 0x00	; 0
    119a:	3f ef       	ldi	r19, 0xFF	; 255
    119c:	4f e7       	ldi	r20, 0x7F	; 127
    119e:	57 e4       	ldi	r21, 0x47	; 71
    11a0:	0e 94 19 03 	call	0x632	; 0x632 <__gtsf2>
    11a4:	18 16       	cp	r1, r24
    11a6:	4c f5       	brge	.+82     	; 0x11fa <handle_display_values+0x196>
	{
		//	__ticks = requested delay in 1/10 ms
		__ticks = (uint16_t) (__ms * 10.0);
    11a8:	69 8d       	ldd	r22, Y+25	; 0x19
    11aa:	7a 8d       	ldd	r23, Y+26	; 0x1a
    11ac:	8b 8d       	ldd	r24, Y+27	; 0x1b
    11ae:	9c 8d       	ldd	r25, Y+28	; 0x1c
    11b0:	20 e0       	ldi	r18, 0x00	; 0
    11b2:	30 e0       	ldi	r19, 0x00	; 0
    11b4:	40 e2       	ldi	r20, 0x20	; 32
    11b6:	51 e4       	ldi	r21, 0x41	; 65
    11b8:	0e 94 1f 02 	call	0x43e	; 0x43e <__mulsf3>
    11bc:	dc 01       	movw	r26, r24
    11be:	cb 01       	movw	r24, r22
    11c0:	bc 01       	movw	r22, r24
    11c2:	cd 01       	movw	r24, r26
    11c4:	0e 94 49 00 	call	0x92	; 0x92 <__fixunssfsi>
    11c8:	dc 01       	movw	r26, r24
    11ca:	cb 01       	movw	r24, r22
    11cc:	9c 8b       	std	Y+20, r25	; 0x14
    11ce:	8b 8b       	std	Y+19, r24	; 0x13
    11d0:	0f c0       	rjmp	.+30     	; 0x11f0 <handle_display_values+0x18c>
    11d2:	88 ec       	ldi	r24, 0xC8	; 200
    11d4:	90 e0       	ldi	r25, 0x00	; 0
    11d6:	9a 8b       	std	Y+18, r25	; 0x12
    11d8:	89 8b       	std	Y+17, r24	; 0x11
    11da:	89 89       	ldd	r24, Y+17	; 0x11
    11dc:	9a 89       	ldd	r25, Y+18	; 0x12
    11de:	01 97       	sbiw	r24, 0x01	; 1
    11e0:	f1 f7       	brne	.-4      	; 0x11de <handle_display_values+0x17a>
    11e2:	9a 8b       	std	Y+18, r25	; 0x12
    11e4:	89 8b       	std	Y+17, r24	; 0x11
		while(__ticks)
		{
			// wait 1/10 ms
			_delay_loop_2(((F_CPU) / 4e3) / 10);
			__ticks --;
    11e6:	8b 89       	ldd	r24, Y+19	; 0x13
    11e8:	9c 89       	ldd	r25, Y+20	; 0x14
    11ea:	01 97       	sbiw	r24, 0x01	; 1
    11ec:	9c 8b       	std	Y+20, r25	; 0x14
    11ee:	8b 8b       	std	Y+19, r24	; 0x13
		__ticks = 1;
	else if (__tmp > 65535)
	{
		//	__ticks = requested delay in 1/10 ms
		__ticks = (uint16_t) (__ms * 10.0);
		while(__ticks)
    11f0:	8b 89       	ldd	r24, Y+19	; 0x13
    11f2:	9c 89       	ldd	r25, Y+20	; 0x14
    11f4:	00 97       	sbiw	r24, 0x00	; 0
    11f6:	69 f7       	brne	.-38     	; 0x11d2 <handle_display_values+0x16e>
    11f8:	14 c0       	rjmp	.+40     	; 0x1222 <handle_display_values+0x1be>
			__ticks --;
		}
		return;
	}
	else
		__ticks = (uint16_t)__tmp;
    11fa:	6d 89       	ldd	r22, Y+21	; 0x15
    11fc:	7e 89       	ldd	r23, Y+22	; 0x16
    11fe:	8f 89       	ldd	r24, Y+23	; 0x17
    1200:	98 8d       	ldd	r25, Y+24	; 0x18
    1202:	0e 94 49 00 	call	0x92	; 0x92 <__fixunssfsi>
    1206:	dc 01       	movw	r26, r24
    1208:	cb 01       	movw	r24, r22
    120a:	9c 8b       	std	Y+20, r25	; 0x14
    120c:	8b 8b       	std	Y+19, r24	; 0x13
    120e:	8b 89       	ldd	r24, Y+19	; 0x13
    1210:	9c 89       	ldd	r25, Y+20	; 0x14
    1212:	98 8b       	std	Y+16, r25	; 0x10
    1214:	8f 87       	std	Y+15, r24	; 0x0f
    1216:	8f 85       	ldd	r24, Y+15	; 0x0f
    1218:	98 89       	ldd	r25, Y+16	; 0x10
    121a:	01 97       	sbiw	r24, 0x01	; 1
    121c:	f1 f7       	brne	.-4      	; 0x121a <handle_display_values+0x1b6>
    121e:	98 8b       	std	Y+16, r25	; 0x10
    1220:	8f 87       	std	Y+15, r24	; 0x0f

		_delay_ms(DISPLAY_TIME_SECONDS); // 5. Wait

		// 6. Ask to repeat
		LCD_clearScreen();
    1222:	0e 94 74 1b 	call	0x36e8	; 0x36e8 <LCD_clearScreen>
		LCD_displayStringRowColumn(0, 0, "Display again?  ");
    1226:	23 e2       	ldi	r18, 0x23	; 35
    1228:	31 e0       	ldi	r19, 0x01	; 1
    122a:	80 e0       	ldi	r24, 0x00	; 0
    122c:	60 e0       	ldi	r22, 0x00	; 0
    122e:	a9 01       	movw	r20, r18
    1230:	0e 94 38 1b 	call	0x3670	; 0x3670 <LCD_displayStringRowColumn>
		LCD_displayStringRowColumn(1, 0, "Press 2 = YES   ");
    1234:	24 e3       	ldi	r18, 0x34	; 52
    1236:	31 e0       	ldi	r19, 0x01	; 1
    1238:	81 e0       	ldi	r24, 0x01	; 1
    123a:	60 e0       	ldi	r22, 0x00	; 0
    123c:	a9 01       	movw	r20, r18
    123e:	0e 94 38 1b 	call	0x3670	; 0x3670 <LCD_displayStringRowColumn>
		LCD_displayStringRowColumn(2, 0, "Other = MENU    ");
    1242:	25 e4       	ldi	r18, 0x45	; 69
    1244:	31 e0       	ldi	r19, 0x01	; 1
    1246:	82 e0       	ldi	r24, 0x02	; 2
    1248:	60 e0       	ldi	r22, 0x00	; 0
    124a:	a9 01       	movw	r20, r18
    124c:	0e 94 38 1b 	call	0x3670	; 0x3670 <LCD_displayStringRowColumn>

		key = KEYPAD_getPressedKey();
    1250:	0e 94 ac 1b 	call	0x3758	; 0x3758 <KEYPAD_getPressedKey>
    1254:	8b a3       	std	Y+35, r24	; 0x23
    1256:	80 e0       	ldi	r24, 0x00	; 0
    1258:	90 e0       	ldi	r25, 0x00	; 0
    125a:	a8 e4       	ldi	r26, 0x48	; 72
    125c:	b2 e4       	ldi	r27, 0x42	; 66
    125e:	8b 87       	std	Y+11, r24	; 0x0b
    1260:	9c 87       	std	Y+12, r25	; 0x0c
    1262:	ad 87       	std	Y+13, r26	; 0x0d
    1264:	be 87       	std	Y+14, r27	; 0x0e
 */
void
_delay_ms(double __ms)
{
	uint16_t __ticks;
	double __tmp = ((F_CPU) / 4e3) * __ms;
    1266:	6b 85       	ldd	r22, Y+11	; 0x0b
    1268:	7c 85       	ldd	r23, Y+12	; 0x0c
    126a:	8d 85       	ldd	r24, Y+13	; 0x0d
    126c:	9e 85       	ldd	r25, Y+14	; 0x0e
    126e:	20 e0       	ldi	r18, 0x00	; 0
    1270:	30 e0       	ldi	r19, 0x00	; 0
    1272:	4a ef       	ldi	r20, 0xFA	; 250
    1274:	54 e4       	ldi	r21, 0x44	; 68
    1276:	0e 94 1f 02 	call	0x43e	; 0x43e <__mulsf3>
    127a:	dc 01       	movw	r26, r24
    127c:	cb 01       	movw	r24, r22
    127e:	8f 83       	std	Y+7, r24	; 0x07
    1280:	98 87       	std	Y+8, r25	; 0x08
    1282:	a9 87       	std	Y+9, r26	; 0x09
    1284:	ba 87       	std	Y+10, r27	; 0x0a
	if (__tmp < 1.0)
    1286:	6f 81       	ldd	r22, Y+7	; 0x07
    1288:	78 85       	ldd	r23, Y+8	; 0x08
    128a:	89 85       	ldd	r24, Y+9	; 0x09
    128c:	9a 85       	ldd	r25, Y+10	; 0x0a
    128e:	20 e0       	ldi	r18, 0x00	; 0
    1290:	30 e0       	ldi	r19, 0x00	; 0
    1292:	40 e8       	ldi	r20, 0x80	; 128
    1294:	5f e3       	ldi	r21, 0x3F	; 63
    1296:	0e 94 79 03 	call	0x6f2	; 0x6f2 <__ltsf2>
    129a:	88 23       	and	r24, r24
    129c:	2c f4       	brge	.+10     	; 0x12a8 <handle_display_values+0x244>
		__ticks = 1;
    129e:	81 e0       	ldi	r24, 0x01	; 1
    12a0:	90 e0       	ldi	r25, 0x00	; 0
    12a2:	9e 83       	std	Y+6, r25	; 0x06
    12a4:	8d 83       	std	Y+5, r24	; 0x05
    12a6:	3f c0       	rjmp	.+126    	; 0x1326 <handle_display_values+0x2c2>
	else if (__tmp > 65535)
    12a8:	6f 81       	ldd	r22, Y+7	; 0x07
    12aa:	78 85       	ldd	r23, Y+8	; 0x08
    12ac:	89 85       	ldd	r24, Y+9	; 0x09
    12ae:	9a 85       	ldd	r25, Y+10	; 0x0a
    12b0:	20 e0       	ldi	r18, 0x00	; 0
    12b2:	3f ef       	ldi	r19, 0xFF	; 255
    12b4:	4f e7       	ldi	r20, 0x7F	; 127
    12b6:	57 e4       	ldi	r21, 0x47	; 71
    12b8:	0e 94 19 03 	call	0x632	; 0x632 <__gtsf2>
    12bc:	18 16       	cp	r1, r24
    12be:	4c f5       	brge	.+82     	; 0x1312 <handle_display_values+0x2ae>
	{
		//	__ticks = requested delay in 1/10 ms
		__ticks = (uint16_t) (__ms * 10.0);
    12c0:	6b 85       	ldd	r22, Y+11	; 0x0b
    12c2:	7c 85       	ldd	r23, Y+12	; 0x0c
    12c4:	8d 85       	ldd	r24, Y+13	; 0x0d
    12c6:	9e 85       	ldd	r25, Y+14	; 0x0e
    12c8:	20 e0       	ldi	r18, 0x00	; 0
    12ca:	30 e0       	ldi	r19, 0x00	; 0
    12cc:	40 e2       	ldi	r20, 0x20	; 32
    12ce:	51 e4       	ldi	r21, 0x41	; 65
    12d0:	0e 94 1f 02 	call	0x43e	; 0x43e <__mulsf3>
    12d4:	dc 01       	movw	r26, r24
    12d6:	cb 01       	movw	r24, r22
    12d8:	bc 01       	movw	r22, r24
    12da:	cd 01       	movw	r24, r26
    12dc:	0e 94 49 00 	call	0x92	; 0x92 <__fixunssfsi>
    12e0:	dc 01       	movw	r26, r24
    12e2:	cb 01       	movw	r24, r22
    12e4:	9e 83       	std	Y+6, r25	; 0x06
    12e6:	8d 83       	std	Y+5, r24	; 0x05
    12e8:	0f c0       	rjmp	.+30     	; 0x1308 <handle_display_values+0x2a4>
    12ea:	88 ec       	ldi	r24, 0xC8	; 200
    12ec:	90 e0       	ldi	r25, 0x00	; 0
    12ee:	9c 83       	std	Y+4, r25	; 0x04
    12f0:	8b 83       	std	Y+3, r24	; 0x03
    12f2:	8b 81       	ldd	r24, Y+3	; 0x03
    12f4:	9c 81       	ldd	r25, Y+4	; 0x04
    12f6:	01 97       	sbiw	r24, 0x01	; 1
    12f8:	f1 f7       	brne	.-4      	; 0x12f6 <handle_display_values+0x292>
    12fa:	9c 83       	std	Y+4, r25	; 0x04
    12fc:	8b 83       	std	Y+3, r24	; 0x03
		while(__ticks)
		{
			// wait 1/10 ms
			_delay_loop_2(((F_CPU) / 4e3) / 10);
			__ticks --;
    12fe:	8d 81       	ldd	r24, Y+5	; 0x05
    1300:	9e 81       	ldd	r25, Y+6	; 0x06
    1302:	01 97       	sbiw	r24, 0x01	; 1
    1304:	9e 83       	std	Y+6, r25	; 0x06
    1306:	8d 83       	std	Y+5, r24	; 0x05
		__ticks = 1;
	else if (__tmp > 65535)
	{
		//	__ticks = requested delay in 1/10 ms
		__ticks = (uint16_t) (__ms * 10.0);
		while(__ticks)
    1308:	8d 81       	ldd	r24, Y+5	; 0x05
    130a:	9e 81       	ldd	r25, Y+6	; 0x06
    130c:	00 97       	sbiw	r24, 0x00	; 0
    130e:	69 f7       	brne	.-38     	; 0x12ea <handle_display_values+0x286>
    1310:	14 c0       	rjmp	.+40     	; 0x133a <handle_display_values+0x2d6>
			__ticks --;
		}
		return;
	}
	else
		__ticks = (uint16_t)__tmp;
    1312:	6f 81       	ldd	r22, Y+7	; 0x07
    1314:	78 85       	ldd	r23, Y+8	; 0x08
    1316:	89 85       	ldd	r24, Y+9	; 0x09
    1318:	9a 85       	ldd	r25, Y+10	; 0x0a
    131a:	0e 94 49 00 	call	0x92	; 0x92 <__fixunssfsi>
    131e:	dc 01       	movw	r26, r24
    1320:	cb 01       	movw	r24, r22
    1322:	9e 83       	std	Y+6, r25	; 0x06
    1324:	8d 83       	std	Y+5, r24	; 0x05
    1326:	8d 81       	ldd	r24, Y+5	; 0x05
    1328:	9e 81       	ldd	r25, Y+6	; 0x06
    132a:	9a 83       	std	Y+2, r25	; 0x02
    132c:	89 83       	std	Y+1, r24	; 0x01
    132e:	89 81       	ldd	r24, Y+1	; 0x01
    1330:	9a 81       	ldd	r25, Y+2	; 0x02
    1332:	01 97       	sbiw	r24, 0x01	; 1
    1334:	f1 f7       	brne	.-4      	; 0x1332 <handle_display_values+0x2ce>
    1336:	9a 83       	std	Y+2, r25	; 0x02
    1338:	89 83       	std	Y+1, r24	; 0x01
		_delay_ms(50);

	} while (key == '2');
    133a:	8b a1       	ldd	r24, Y+35	; 0x23
    133c:	82 33       	cpi	r24, 0x32	; 50
    133e:	09 f4       	brne	.+2      	; 0x1342 <handle_display_values+0x2de>
    1340:	9b ce       	rjmp	.-714    	; 0x1078 <handle_display_values+0x14>
}
    1342:	a7 96       	adiw	r28, 0x27	; 39
    1344:	0f b6       	in	r0, 0x3f	; 63
    1346:	f8 94       	cli
    1348:	de bf       	out	0x3e, r29	; 62
    134a:	0f be       	out	0x3f, r0	; 63
    134c:	cd bf       	out	0x3d, r28	; 61
    134e:	cf 91       	pop	r28
    1350:	df 91       	pop	r29
    1352:	08 95       	ret

00001354 <handle_retrieve_faults>:

// Handles '3-Retrieve Faults' menu selection
void handle_retrieve_faults(void)
{
    1354:	df 93       	push	r29
    1356:	cf 93       	push	r28
    1358:	cd b7       	in	r28, 0x3d	; 61
    135a:	de b7       	in	r29, 0x3e	; 62
    135c:	ec 97       	sbiw	r28, 0x3c	; 60
    135e:	0f b6       	in	r0, 0x3f	; 63
    1360:	f8 94       	cli
    1362:	de bf       	out	0x3e, r29	; 62
    1364:	0f be       	out	0x3f, r0	; 63
    1366:	cd bf       	out	0x3d, r28	; 61
	u8 fault_code;
	u8 line_num;
	u8 faults_found;

	do {
		UART_sendByte(HMI_CMD_SEND_LOGGED_FAULTS); // 1. Send command
    1368:	83 e0       	ldi	r24, 0x03	; 3
    136a:	0e 94 c1 15 	call	0x2b82	; 0x2b82 <UART_sendByte>

		// 2. Receive and display faults
		LCD_clearScreen();
    136e:	0e 94 74 1b 	call	0x36e8	; 0x36e8 <LCD_clearScreen>
		LCD_displayStringRowColumn(0, 0, "Logged Faults:  ");
    1372:	26 e5       	ldi	r18, 0x56	; 86
    1374:	31 e0       	ldi	r19, 0x01	; 1
    1376:	80 e0       	ldi	r24, 0x00	; 0
    1378:	60 e0       	ldi	r22, 0x00	; 0
    137a:	a9 01       	movw	r20, r18
    137c:	0e 94 38 1b 	call	0x3670	; 0x3670 <LCD_displayStringRowColumn>

		line_num = 1;
    1380:	81 e0       	ldi	r24, 0x01	; 1
    1382:	8a af       	std	Y+58, r24	; 0x3a
		faults_found = 0;
    1384:	19 ae       	std	Y+57, r1	; 0x39
    1386:	a7 c0       	rjmp	.+334    	; 0x14d6 <handle_retrieve_faults+0x182>

		// Loop until end marker is received
		while( (fault_code = UART_recieveByte()) != END_OF_FAULTS_MARKER )
		{
			faults_found = 1;
    1388:	81 e0       	ldi	r24, 0x01	; 1
    138a:	89 af       	std	Y+57, r24	; 0x39

			if (line_num > 3) // Scroll LCD if full
    138c:	8a ad       	ldd	r24, Y+58	; 0x3a
    138e:	84 30       	cpi	r24, 0x04	; 4
    1390:	08 f4       	brcc	.+2      	; 0x1394 <handle_retrieve_faults+0x40>
    1392:	7d c0       	rjmp	.+250    	; 0x148e <handle_retrieve_faults+0x13a>
    1394:	80 e0       	ldi	r24, 0x00	; 0
    1396:	90 e8       	ldi	r25, 0x80	; 128
    1398:	ab e3       	ldi	r26, 0x3B	; 59
    139a:	b5 e4       	ldi	r27, 0x45	; 69
    139c:	8d ab       	std	Y+53, r24	; 0x35
    139e:	9e ab       	std	Y+54, r25	; 0x36
    13a0:	af ab       	std	Y+55, r26	; 0x37
    13a2:	b8 af       	std	Y+56, r27	; 0x38
 */
void
_delay_ms(double __ms)
{
	uint16_t __ticks;
	double __tmp = ((F_CPU) / 4e3) * __ms;
    13a4:	6d a9       	ldd	r22, Y+53	; 0x35
    13a6:	7e a9       	ldd	r23, Y+54	; 0x36
    13a8:	8f a9       	ldd	r24, Y+55	; 0x37
    13aa:	98 ad       	ldd	r25, Y+56	; 0x38
    13ac:	20 e0       	ldi	r18, 0x00	; 0
    13ae:	30 e0       	ldi	r19, 0x00	; 0
    13b0:	4a ef       	ldi	r20, 0xFA	; 250
    13b2:	54 e4       	ldi	r21, 0x44	; 68
    13b4:	0e 94 1f 02 	call	0x43e	; 0x43e <__mulsf3>
    13b8:	dc 01       	movw	r26, r24
    13ba:	cb 01       	movw	r24, r22
    13bc:	89 ab       	std	Y+49, r24	; 0x31
    13be:	9a ab       	std	Y+50, r25	; 0x32
    13c0:	ab ab       	std	Y+51, r26	; 0x33
    13c2:	bc ab       	std	Y+52, r27	; 0x34
	if (__tmp < 1.0)
    13c4:	69 a9       	ldd	r22, Y+49	; 0x31
    13c6:	7a a9       	ldd	r23, Y+50	; 0x32
    13c8:	8b a9       	ldd	r24, Y+51	; 0x33
    13ca:	9c a9       	ldd	r25, Y+52	; 0x34
    13cc:	20 e0       	ldi	r18, 0x00	; 0
    13ce:	30 e0       	ldi	r19, 0x00	; 0
    13d0:	40 e8       	ldi	r20, 0x80	; 128
    13d2:	5f e3       	ldi	r21, 0x3F	; 63
    13d4:	0e 94 79 03 	call	0x6f2	; 0x6f2 <__ltsf2>
    13d8:	88 23       	and	r24, r24
    13da:	2c f4       	brge	.+10     	; 0x13e6 <handle_retrieve_faults+0x92>
		__ticks = 1;
    13dc:	81 e0       	ldi	r24, 0x01	; 1
    13de:	90 e0       	ldi	r25, 0x00	; 0
    13e0:	98 ab       	std	Y+48, r25	; 0x30
    13e2:	8f a7       	std	Y+47, r24	; 0x2f
    13e4:	3f c0       	rjmp	.+126    	; 0x1464 <handle_retrieve_faults+0x110>
	else if (__tmp > 65535)
    13e6:	69 a9       	ldd	r22, Y+49	; 0x31
    13e8:	7a a9       	ldd	r23, Y+50	; 0x32
    13ea:	8b a9       	ldd	r24, Y+51	; 0x33
    13ec:	9c a9       	ldd	r25, Y+52	; 0x34
    13ee:	20 e0       	ldi	r18, 0x00	; 0
    13f0:	3f ef       	ldi	r19, 0xFF	; 255
    13f2:	4f e7       	ldi	r20, 0x7F	; 127
    13f4:	57 e4       	ldi	r21, 0x47	; 71
    13f6:	0e 94 19 03 	call	0x632	; 0x632 <__gtsf2>
    13fa:	18 16       	cp	r1, r24
    13fc:	4c f5       	brge	.+82     	; 0x1450 <handle_retrieve_faults+0xfc>
	{
		//	__ticks = requested delay in 1/10 ms
		__ticks = (uint16_t) (__ms * 10.0);
    13fe:	6d a9       	ldd	r22, Y+53	; 0x35
    1400:	7e a9       	ldd	r23, Y+54	; 0x36
    1402:	8f a9       	ldd	r24, Y+55	; 0x37
    1404:	98 ad       	ldd	r25, Y+56	; 0x38
    1406:	20 e0       	ldi	r18, 0x00	; 0
    1408:	30 e0       	ldi	r19, 0x00	; 0
    140a:	40 e2       	ldi	r20, 0x20	; 32
    140c:	51 e4       	ldi	r21, 0x41	; 65
    140e:	0e 94 1f 02 	call	0x43e	; 0x43e <__mulsf3>
    1412:	dc 01       	movw	r26, r24
    1414:	cb 01       	movw	r24, r22
    1416:	bc 01       	movw	r22, r24
    1418:	cd 01       	movw	r24, r26
    141a:	0e 94 49 00 	call	0x92	; 0x92 <__fixunssfsi>
    141e:	dc 01       	movw	r26, r24
    1420:	cb 01       	movw	r24, r22
    1422:	98 ab       	std	Y+48, r25	; 0x30
    1424:	8f a7       	std	Y+47, r24	; 0x2f
    1426:	0f c0       	rjmp	.+30     	; 0x1446 <handle_retrieve_faults+0xf2>
    1428:	88 ec       	ldi	r24, 0xC8	; 200
    142a:	90 e0       	ldi	r25, 0x00	; 0
    142c:	9e a7       	std	Y+46, r25	; 0x2e
    142e:	8d a7       	std	Y+45, r24	; 0x2d
    1430:	8d a5       	ldd	r24, Y+45	; 0x2d
    1432:	9e a5       	ldd	r25, Y+46	; 0x2e
    1434:	01 97       	sbiw	r24, 0x01	; 1
    1436:	f1 f7       	brne	.-4      	; 0x1434 <handle_retrieve_faults+0xe0>
    1438:	9e a7       	std	Y+46, r25	; 0x2e
    143a:	8d a7       	std	Y+45, r24	; 0x2d
		while(__ticks)
		{
			// wait 1/10 ms
			_delay_loop_2(((F_CPU) / 4e3) / 10);
			__ticks --;
    143c:	8f a5       	ldd	r24, Y+47	; 0x2f
    143e:	98 a9       	ldd	r25, Y+48	; 0x30
    1440:	01 97       	sbiw	r24, 0x01	; 1
    1442:	98 ab       	std	Y+48, r25	; 0x30
    1444:	8f a7       	std	Y+47, r24	; 0x2f
		__ticks = 1;
	else if (__tmp > 65535)
	{
		//	__ticks = requested delay in 1/10 ms
		__ticks = (uint16_t) (__ms * 10.0);
		while(__ticks)
    1446:	8f a5       	ldd	r24, Y+47	; 0x2f
    1448:	98 a9       	ldd	r25, Y+48	; 0x30
    144a:	00 97       	sbiw	r24, 0x00	; 0
    144c:	69 f7       	brne	.-38     	; 0x1428 <handle_retrieve_faults+0xd4>
    144e:	14 c0       	rjmp	.+40     	; 0x1478 <handle_retrieve_faults+0x124>
			__ticks --;
		}
		return;
	}
	else
		__ticks = (uint16_t)__tmp;
    1450:	69 a9       	ldd	r22, Y+49	; 0x31
    1452:	7a a9       	ldd	r23, Y+50	; 0x32
    1454:	8b a9       	ldd	r24, Y+51	; 0x33
    1456:	9c a9       	ldd	r25, Y+52	; 0x34
    1458:	0e 94 49 00 	call	0x92	; 0x92 <__fixunssfsi>
    145c:	dc 01       	movw	r26, r24
    145e:	cb 01       	movw	r24, r22
    1460:	98 ab       	std	Y+48, r25	; 0x30
    1462:	8f a7       	std	Y+47, r24	; 0x2f
    1464:	8f a5       	ldd	r24, Y+47	; 0x2f
    1466:	98 a9       	ldd	r25, Y+48	; 0x30
    1468:	9c a7       	std	Y+44, r25	; 0x2c
    146a:	8b a7       	std	Y+43, r24	; 0x2b
    146c:	8b a5       	ldd	r24, Y+43	; 0x2b
    146e:	9c a5       	ldd	r25, Y+44	; 0x2c
    1470:	01 97       	sbiw	r24, 0x01	; 1
    1472:	f1 f7       	brne	.-4      	; 0x1470 <handle_retrieve_faults+0x11c>
    1474:	9c a7       	std	Y+44, r25	; 0x2c
    1476:	8b a7       	std	Y+43, r24	; 0x2b
			{
				_delay_ms(DISPLAY_TIME_SECONDS);
				LCD_clearScreen();
    1478:	0e 94 74 1b 	call	0x36e8	; 0x36e8 <LCD_clearScreen>
				LCD_displayStringRowColumn(0, 0, "Logged Faults:  ");
    147c:	26 e5       	ldi	r18, 0x56	; 86
    147e:	31 e0       	ldi	r19, 0x01	; 1
    1480:	80 e0       	ldi	r24, 0x00	; 0
    1482:	60 e0       	ldi	r22, 0x00	; 0
    1484:	a9 01       	movw	r20, r18
    1486:	0e 94 38 1b 	call	0x3670	; 0x3670 <LCD_displayStringRowColumn>
				line_num = 1;
    148a:	81 e0       	ldi	r24, 0x01	; 1
    148c:	8a af       	std	Y+58, r24	; 0x3a
			}

			// Display the DTC string
			LCD_moveCursor(line_num, 0);
    148e:	8a ad       	ldd	r24, Y+58	; 0x3a
    1490:	60 e0       	ldi	r22, 0x00	; 0
    1492:	0e 94 f6 1a 	call	0x35ec	; 0x35ec <LCD_moveCursor>
			if (fault_code == DTC_P001_DISTANCE_CLOSE)
    1496:	8b ad       	ldd	r24, Y+59	; 0x3b
    1498:	81 30       	cpi	r24, 0x01	; 1
    149a:	29 f4       	brne	.+10     	; 0x14a6 <handle_retrieve_faults+0x152>
			{
				LCD_displayString("P001:Dist Close ");
    149c:	87 e6       	ldi	r24, 0x67	; 103
    149e:	91 e0       	ldi	r25, 0x01	; 1
    14a0:	0e 94 cd 1a 	call	0x359a	; 0x359a <LCD_displayString>
    14a4:	15 c0       	rjmp	.+42     	; 0x14d0 <handle_retrieve_faults+0x17c>
			}
			else if (fault_code == DTC_P002_ENGINE_OVERHEAT)
    14a6:	8b ad       	ldd	r24, Y+59	; 0x3b
    14a8:	82 30       	cpi	r24, 0x02	; 2
    14aa:	29 f4       	brne	.+10     	; 0x14b6 <handle_retrieve_faults+0x162>
			{
				LCD_displayString("P002:Overheat   ");
    14ac:	88 e7       	ldi	r24, 0x78	; 120
    14ae:	91 e0       	ldi	r25, 0x01	; 1
    14b0:	0e 94 cd 1a 	call	0x359a	; 0x359a <LCD_displayString>
    14b4:	0d c0       	rjmp	.+26     	; 0x14d0 <handle_retrieve_faults+0x17c>
			}
			else // Handle unknown codes
			{
				LCD_displayString("P-Unk: ");
    14b6:	89 e8       	ldi	r24, 0x89	; 137
    14b8:	91 e0       	ldi	r25, 0x01	; 1
    14ba:	0e 94 cd 1a 	call	0x359a	; 0x359a <LCD_displayString>
				LCD_intgerToString(fault_code);
    14be:	8b ad       	ldd	r24, Y+59	; 0x3b
    14c0:	88 2f       	mov	r24, r24
    14c2:	90 e0       	ldi	r25, 0x00	; 0
    14c4:	0e 94 51 1b 	call	0x36a2	; 0x36a2 <LCD_intgerToString>
				LCD_displayString("        ");
    14c8:	81 e9       	ldi	r24, 0x91	; 145
    14ca:	91 e0       	ldi	r25, 0x01	; 1
    14cc:	0e 94 cd 1a 	call	0x359a	; 0x359a <LCD_displayString>
			}
			line_num++;
    14d0:	8a ad       	ldd	r24, Y+58	; 0x3a
    14d2:	8f 5f       	subi	r24, 0xFF	; 255
    14d4:	8a af       	std	Y+58, r24	; 0x3a

		line_num = 1;
		faults_found = 0;

		// Loop until end marker is received
		while( (fault_code = UART_recieveByte()) != END_OF_FAULTS_MARKER )
    14d6:	0e 94 d8 15 	call	0x2bb0	; 0x2bb0 <UART_recieveByte>
    14da:	8b af       	std	Y+59, r24	; 0x3b
    14dc:	8b ad       	ldd	r24, Y+59	; 0x3b
    14de:	8f 3f       	cpi	r24, 0xFF	; 255
    14e0:	09 f0       	breq	.+2      	; 0x14e4 <handle_retrieve_faults+0x190>
    14e2:	52 cf       	rjmp	.-348    	; 0x1388 <handle_retrieve_faults+0x34>
			}
			line_num++;
		}

		// 3. Display status if no faults found
		if (!faults_found)
    14e4:	89 ad       	ldd	r24, Y+57	; 0x39
    14e6:	88 23       	and	r24, r24
    14e8:	41 f4       	brne	.+16     	; 0x14fa <handle_retrieve_faults+0x1a6>
		{
			LCD_displayStringRowColumn(1, 0, "No faults found.");
    14ea:	2a e9       	ldi	r18, 0x9A	; 154
    14ec:	31 e0       	ldi	r19, 0x01	; 1
    14ee:	81 e0       	ldi	r24, 0x01	; 1
    14f0:	60 e0       	ldi	r22, 0x00	; 0
    14f2:	a9 01       	movw	r20, r18
    14f4:	0e 94 38 1b 	call	0x3670	; 0x3670 <LCD_displayStringRowColumn>
    14f8:	80 c0       	rjmp	.+256    	; 0x15fa <handle_retrieve_faults+0x2a6>
		}
		else // Show end of list
		{
			if (line_num > 3) // Scroll if needed
    14fa:	8a ad       	ldd	r24, Y+58	; 0x3a
    14fc:	84 30       	cpi	r24, 0x04	; 4
    14fe:	08 f4       	brcc	.+2      	; 0x1502 <handle_retrieve_faults+0x1ae>
    1500:	75 c0       	rjmp	.+234    	; 0x15ec <handle_retrieve_faults+0x298>
    1502:	80 e0       	ldi	r24, 0x00	; 0
    1504:	90 e8       	ldi	r25, 0x80	; 128
    1506:	ab e3       	ldi	r26, 0x3B	; 59
    1508:	b5 e4       	ldi	r27, 0x45	; 69
    150a:	8f a3       	std	Y+39, r24	; 0x27
    150c:	98 a7       	std	Y+40, r25	; 0x28
    150e:	a9 a7       	std	Y+41, r26	; 0x29
    1510:	ba a7       	std	Y+42, r27	; 0x2a
 */
void
_delay_ms(double __ms)
{
	uint16_t __ticks;
	double __tmp = ((F_CPU) / 4e3) * __ms;
    1512:	6f a1       	ldd	r22, Y+39	; 0x27
    1514:	78 a5       	ldd	r23, Y+40	; 0x28
    1516:	89 a5       	ldd	r24, Y+41	; 0x29
    1518:	9a a5       	ldd	r25, Y+42	; 0x2a
    151a:	20 e0       	ldi	r18, 0x00	; 0
    151c:	30 e0       	ldi	r19, 0x00	; 0
    151e:	4a ef       	ldi	r20, 0xFA	; 250
    1520:	54 e4       	ldi	r21, 0x44	; 68
    1522:	0e 94 1f 02 	call	0x43e	; 0x43e <__mulsf3>
    1526:	dc 01       	movw	r26, r24
    1528:	cb 01       	movw	r24, r22
    152a:	8b a3       	std	Y+35, r24	; 0x23
    152c:	9c a3       	std	Y+36, r25	; 0x24
    152e:	ad a3       	std	Y+37, r26	; 0x25
    1530:	be a3       	std	Y+38, r27	; 0x26
	if (__tmp < 1.0)
    1532:	6b a1       	ldd	r22, Y+35	; 0x23
    1534:	7c a1       	ldd	r23, Y+36	; 0x24
    1536:	8d a1       	ldd	r24, Y+37	; 0x25
    1538:	9e a1       	ldd	r25, Y+38	; 0x26
    153a:	20 e0       	ldi	r18, 0x00	; 0
    153c:	30 e0       	ldi	r19, 0x00	; 0
    153e:	40 e8       	ldi	r20, 0x80	; 128
    1540:	5f e3       	ldi	r21, 0x3F	; 63
    1542:	0e 94 79 03 	call	0x6f2	; 0x6f2 <__ltsf2>
    1546:	88 23       	and	r24, r24
    1548:	2c f4       	brge	.+10     	; 0x1554 <handle_retrieve_faults+0x200>
		__ticks = 1;
    154a:	81 e0       	ldi	r24, 0x01	; 1
    154c:	90 e0       	ldi	r25, 0x00	; 0
    154e:	9a a3       	std	Y+34, r25	; 0x22
    1550:	89 a3       	std	Y+33, r24	; 0x21
    1552:	3f c0       	rjmp	.+126    	; 0x15d2 <handle_retrieve_faults+0x27e>
	else if (__tmp > 65535)
    1554:	6b a1       	ldd	r22, Y+35	; 0x23
    1556:	7c a1       	ldd	r23, Y+36	; 0x24
    1558:	8d a1       	ldd	r24, Y+37	; 0x25
    155a:	9e a1       	ldd	r25, Y+38	; 0x26
    155c:	20 e0       	ldi	r18, 0x00	; 0
    155e:	3f ef       	ldi	r19, 0xFF	; 255
    1560:	4f e7       	ldi	r20, 0x7F	; 127
    1562:	57 e4       	ldi	r21, 0x47	; 71
    1564:	0e 94 19 03 	call	0x632	; 0x632 <__gtsf2>
    1568:	18 16       	cp	r1, r24
    156a:	4c f5       	brge	.+82     	; 0x15be <handle_retrieve_faults+0x26a>
	{
		//	__ticks = requested delay in 1/10 ms
		__ticks = (uint16_t) (__ms * 10.0);
    156c:	6f a1       	ldd	r22, Y+39	; 0x27
    156e:	78 a5       	ldd	r23, Y+40	; 0x28
    1570:	89 a5       	ldd	r24, Y+41	; 0x29
    1572:	9a a5       	ldd	r25, Y+42	; 0x2a
    1574:	20 e0       	ldi	r18, 0x00	; 0
    1576:	30 e0       	ldi	r19, 0x00	; 0
    1578:	40 e2       	ldi	r20, 0x20	; 32
    157a:	51 e4       	ldi	r21, 0x41	; 65
    157c:	0e 94 1f 02 	call	0x43e	; 0x43e <__mulsf3>
    1580:	dc 01       	movw	r26, r24
    1582:	cb 01       	movw	r24, r22
    1584:	bc 01       	movw	r22, r24
    1586:	cd 01       	movw	r24, r26
    1588:	0e 94 49 00 	call	0x92	; 0x92 <__fixunssfsi>
    158c:	dc 01       	movw	r26, r24
    158e:	cb 01       	movw	r24, r22
    1590:	9a a3       	std	Y+34, r25	; 0x22
    1592:	89 a3       	std	Y+33, r24	; 0x21
    1594:	0f c0       	rjmp	.+30     	; 0x15b4 <handle_retrieve_faults+0x260>
    1596:	88 ec       	ldi	r24, 0xC8	; 200
    1598:	90 e0       	ldi	r25, 0x00	; 0
    159a:	98 a3       	std	Y+32, r25	; 0x20
    159c:	8f 8f       	std	Y+31, r24	; 0x1f
    159e:	8f 8d       	ldd	r24, Y+31	; 0x1f
    15a0:	98 a1       	ldd	r25, Y+32	; 0x20
    15a2:	01 97       	sbiw	r24, 0x01	; 1
    15a4:	f1 f7       	brne	.-4      	; 0x15a2 <handle_retrieve_faults+0x24e>
    15a6:	98 a3       	std	Y+32, r25	; 0x20
    15a8:	8f 8f       	std	Y+31, r24	; 0x1f
		while(__ticks)
		{
			// wait 1/10 ms
			_delay_loop_2(((F_CPU) / 4e3) / 10);
			__ticks --;
    15aa:	89 a1       	ldd	r24, Y+33	; 0x21
    15ac:	9a a1       	ldd	r25, Y+34	; 0x22
    15ae:	01 97       	sbiw	r24, 0x01	; 1
    15b0:	9a a3       	std	Y+34, r25	; 0x22
    15b2:	89 a3       	std	Y+33, r24	; 0x21
		__ticks = 1;
	else if (__tmp > 65535)
	{
		//	__ticks = requested delay in 1/10 ms
		__ticks = (uint16_t) (__ms * 10.0);
		while(__ticks)
    15b4:	89 a1       	ldd	r24, Y+33	; 0x21
    15b6:	9a a1       	ldd	r25, Y+34	; 0x22
    15b8:	00 97       	sbiw	r24, 0x00	; 0
    15ba:	69 f7       	brne	.-38     	; 0x1596 <handle_retrieve_faults+0x242>
    15bc:	14 c0       	rjmp	.+40     	; 0x15e6 <handle_retrieve_faults+0x292>
			__ticks --;
		}
		return;
	}
	else
		__ticks = (uint16_t)__tmp;
    15be:	6b a1       	ldd	r22, Y+35	; 0x23
    15c0:	7c a1       	ldd	r23, Y+36	; 0x24
    15c2:	8d a1       	ldd	r24, Y+37	; 0x25
    15c4:	9e a1       	ldd	r25, Y+38	; 0x26
    15c6:	0e 94 49 00 	call	0x92	; 0x92 <__fixunssfsi>
    15ca:	dc 01       	movw	r26, r24
    15cc:	cb 01       	movw	r24, r22
    15ce:	9a a3       	std	Y+34, r25	; 0x22
    15d0:	89 a3       	std	Y+33, r24	; 0x21
    15d2:	89 a1       	ldd	r24, Y+33	; 0x21
    15d4:	9a a1       	ldd	r25, Y+34	; 0x22
    15d6:	9e 8f       	std	Y+30, r25	; 0x1e
    15d8:	8d 8f       	std	Y+29, r24	; 0x1d
    15da:	8d 8d       	ldd	r24, Y+29	; 0x1d
    15dc:	9e 8d       	ldd	r25, Y+30	; 0x1e
    15de:	01 97       	sbiw	r24, 0x01	; 1
    15e0:	f1 f7       	brne	.-4      	; 0x15de <handle_retrieve_faults+0x28a>
    15e2:	9e 8f       	std	Y+30, r25	; 0x1e
    15e4:	8d 8f       	std	Y+29, r24	; 0x1d
			{
				_delay_ms(DISPLAY_TIME_SECONDS);
				LCD_clearScreen();
    15e6:	0e 94 74 1b 	call	0x36e8	; 0x36e8 <LCD_clearScreen>
				line_num = 0;
    15ea:	1a ae       	std	Y+58, r1	; 0x3a
			}
			LCD_displayStringRowColumn(line_num, 0, "--End of List-- ");
    15ec:	2b ea       	ldi	r18, 0xAB	; 171
    15ee:	31 e0       	ldi	r19, 0x01	; 1
    15f0:	8a ad       	ldd	r24, Y+58	; 0x3a
    15f2:	60 e0       	ldi	r22, 0x00	; 0
    15f4:	a9 01       	movw	r20, r18
    15f6:	0e 94 38 1b 	call	0x3670	; 0x3670 <LCD_displayStringRowColumn>
    15fa:	80 e0       	ldi	r24, 0x00	; 0
    15fc:	90 e8       	ldi	r25, 0x80	; 128
    15fe:	ab e3       	ldi	r26, 0x3B	; 59
    1600:	b5 e4       	ldi	r27, 0x45	; 69
    1602:	89 8f       	std	Y+25, r24	; 0x19
    1604:	9a 8f       	std	Y+26, r25	; 0x1a
    1606:	ab 8f       	std	Y+27, r26	; 0x1b
    1608:	bc 8f       	std	Y+28, r27	; 0x1c
 */
void
_delay_ms(double __ms)
{
	uint16_t __ticks;
	double __tmp = ((F_CPU) / 4e3) * __ms;
    160a:	69 8d       	ldd	r22, Y+25	; 0x19
    160c:	7a 8d       	ldd	r23, Y+26	; 0x1a
    160e:	8b 8d       	ldd	r24, Y+27	; 0x1b
    1610:	9c 8d       	ldd	r25, Y+28	; 0x1c
    1612:	20 e0       	ldi	r18, 0x00	; 0
    1614:	30 e0       	ldi	r19, 0x00	; 0
    1616:	4a ef       	ldi	r20, 0xFA	; 250
    1618:	54 e4       	ldi	r21, 0x44	; 68
    161a:	0e 94 1f 02 	call	0x43e	; 0x43e <__mulsf3>
    161e:	dc 01       	movw	r26, r24
    1620:	cb 01       	movw	r24, r22
    1622:	8d 8b       	std	Y+21, r24	; 0x15
    1624:	9e 8b       	std	Y+22, r25	; 0x16
    1626:	af 8b       	std	Y+23, r26	; 0x17
    1628:	b8 8f       	std	Y+24, r27	; 0x18
	if (__tmp < 1.0)
    162a:	6d 89       	ldd	r22, Y+21	; 0x15
    162c:	7e 89       	ldd	r23, Y+22	; 0x16
    162e:	8f 89       	ldd	r24, Y+23	; 0x17
    1630:	98 8d       	ldd	r25, Y+24	; 0x18
    1632:	20 e0       	ldi	r18, 0x00	; 0
    1634:	30 e0       	ldi	r19, 0x00	; 0
    1636:	40 e8       	ldi	r20, 0x80	; 128
    1638:	5f e3       	ldi	r21, 0x3F	; 63
    163a:	0e 94 79 03 	call	0x6f2	; 0x6f2 <__ltsf2>
    163e:	88 23       	and	r24, r24
    1640:	2c f4       	brge	.+10     	; 0x164c <handle_retrieve_faults+0x2f8>
		__ticks = 1;
    1642:	81 e0       	ldi	r24, 0x01	; 1
    1644:	90 e0       	ldi	r25, 0x00	; 0
    1646:	9c 8b       	std	Y+20, r25	; 0x14
    1648:	8b 8b       	std	Y+19, r24	; 0x13
    164a:	3f c0       	rjmp	.+126    	; 0x16ca <handle_retrieve_faults+0x376>
	else if (__tmp > 65535)
    164c:	6d 89       	ldd	r22, Y+21	; 0x15
    164e:	7e 89       	ldd	r23, Y+22	; 0x16
    1650:	8f 89       	ldd	r24, Y+23	; 0x17
    1652:	98 8d       	ldd	r25, Y+24	; 0x18
    1654:	20 e0       	ldi	r18, 0x00	; 0
    1656:	3f ef       	ldi	r19, 0xFF	; 255
    1658:	4f e7       	ldi	r20, 0x7F	; 127
    165a:	57 e4       	ldi	r21, 0x47	; 71
    165c:	0e 94 19 03 	call	0x632	; 0x632 <__gtsf2>
    1660:	18 16       	cp	r1, r24
    1662:	4c f5       	brge	.+82     	; 0x16b6 <handle_retrieve_faults+0x362>
	{
		//	__ticks = requested delay in 1/10 ms
		__ticks = (uint16_t) (__ms * 10.0);
    1664:	69 8d       	ldd	r22, Y+25	; 0x19
    1666:	7a 8d       	ldd	r23, Y+26	; 0x1a
    1668:	8b 8d       	ldd	r24, Y+27	; 0x1b
    166a:	9c 8d       	ldd	r25, Y+28	; 0x1c
    166c:	20 e0       	ldi	r18, 0x00	; 0
    166e:	30 e0       	ldi	r19, 0x00	; 0
    1670:	40 e2       	ldi	r20, 0x20	; 32
    1672:	51 e4       	ldi	r21, 0x41	; 65
    1674:	0e 94 1f 02 	call	0x43e	; 0x43e <__mulsf3>
    1678:	dc 01       	movw	r26, r24
    167a:	cb 01       	movw	r24, r22
    167c:	bc 01       	movw	r22, r24
    167e:	cd 01       	movw	r24, r26
    1680:	0e 94 49 00 	call	0x92	; 0x92 <__fixunssfsi>
    1684:	dc 01       	movw	r26, r24
    1686:	cb 01       	movw	r24, r22
    1688:	9c 8b       	std	Y+20, r25	; 0x14
    168a:	8b 8b       	std	Y+19, r24	; 0x13
    168c:	0f c0       	rjmp	.+30     	; 0x16ac <handle_retrieve_faults+0x358>
    168e:	88 ec       	ldi	r24, 0xC8	; 200
    1690:	90 e0       	ldi	r25, 0x00	; 0
    1692:	9a 8b       	std	Y+18, r25	; 0x12
    1694:	89 8b       	std	Y+17, r24	; 0x11
    1696:	89 89       	ldd	r24, Y+17	; 0x11
    1698:	9a 89       	ldd	r25, Y+18	; 0x12
    169a:	01 97       	sbiw	r24, 0x01	; 1
    169c:	f1 f7       	brne	.-4      	; 0x169a <handle_retrieve_faults+0x346>
    169e:	9a 8b       	std	Y+18, r25	; 0x12
    16a0:	89 8b       	std	Y+17, r24	; 0x11
		while(__ticks)
		{
			// wait 1/10 ms
			_delay_loop_2(((F_CPU) / 4e3) / 10);
			__ticks --;
    16a2:	8b 89       	ldd	r24, Y+19	; 0x13
    16a4:	9c 89       	ldd	r25, Y+20	; 0x14
    16a6:	01 97       	sbiw	r24, 0x01	; 1
    16a8:	9c 8b       	std	Y+20, r25	; 0x14
    16aa:	8b 8b       	std	Y+19, r24	; 0x13
		__ticks = 1;
	else if (__tmp > 65535)
	{
		//	__ticks = requested delay in 1/10 ms
		__ticks = (uint16_t) (__ms * 10.0);
		while(__ticks)
    16ac:	8b 89       	ldd	r24, Y+19	; 0x13
    16ae:	9c 89       	ldd	r25, Y+20	; 0x14
    16b0:	00 97       	sbiw	r24, 0x00	; 0
    16b2:	69 f7       	brne	.-38     	; 0x168e <handle_retrieve_faults+0x33a>
    16b4:	14 c0       	rjmp	.+40     	; 0x16de <handle_retrieve_faults+0x38a>
			__ticks --;
		}
		return;
	}
	else
		__ticks = (uint16_t)__tmp;
    16b6:	6d 89       	ldd	r22, Y+21	; 0x15
    16b8:	7e 89       	ldd	r23, Y+22	; 0x16
    16ba:	8f 89       	ldd	r24, Y+23	; 0x17
    16bc:	98 8d       	ldd	r25, Y+24	; 0x18
    16be:	0e 94 49 00 	call	0x92	; 0x92 <__fixunssfsi>
    16c2:	dc 01       	movw	r26, r24
    16c4:	cb 01       	movw	r24, r22
    16c6:	9c 8b       	std	Y+20, r25	; 0x14
    16c8:	8b 8b       	std	Y+19, r24	; 0x13
    16ca:	8b 89       	ldd	r24, Y+19	; 0x13
    16cc:	9c 89       	ldd	r25, Y+20	; 0x14
    16ce:	98 8b       	std	Y+16, r25	; 0x10
    16d0:	8f 87       	std	Y+15, r24	; 0x0f
    16d2:	8f 85       	ldd	r24, Y+15	; 0x0f
    16d4:	98 89       	ldd	r25, Y+16	; 0x10
    16d6:	01 97       	sbiw	r24, 0x01	; 1
    16d8:	f1 f7       	brne	.-4      	; 0x16d6 <handle_retrieve_faults+0x382>
    16da:	98 8b       	std	Y+16, r25	; 0x10
    16dc:	8f 87       	std	Y+15, r24	; 0x0f
		}

		_delay_ms(DISPLAY_TIME_SECONDS); // 4. Wait

		// 5. Ask to repeat
		LCD_clearScreen();
    16de:	0e 94 74 1b 	call	0x36e8	; 0x36e8 <LCD_clearScreen>
		LCD_displayStringRowColumn(0, 0, "Display again?  ");
    16e2:	23 e2       	ldi	r18, 0x23	; 35
    16e4:	31 e0       	ldi	r19, 0x01	; 1
    16e6:	80 e0       	ldi	r24, 0x00	; 0
    16e8:	60 e0       	ldi	r22, 0x00	; 0
    16ea:	a9 01       	movw	r20, r18
    16ec:	0e 94 38 1b 	call	0x3670	; 0x3670 <LCD_displayStringRowColumn>
		LCD_displayStringRowColumn(1, 0, "Press 3 = YES   ");
    16f0:	2c eb       	ldi	r18, 0xBC	; 188
    16f2:	31 e0       	ldi	r19, 0x01	; 1
    16f4:	81 e0       	ldi	r24, 0x01	; 1
    16f6:	60 e0       	ldi	r22, 0x00	; 0
    16f8:	a9 01       	movw	r20, r18
    16fa:	0e 94 38 1b 	call	0x3670	; 0x3670 <LCD_displayStringRowColumn>
		LCD_displayStringRowColumn(2, 0, "Other = MENU    ");
    16fe:	25 e4       	ldi	r18, 0x45	; 69
    1700:	31 e0       	ldi	r19, 0x01	; 1
    1702:	82 e0       	ldi	r24, 0x02	; 2
    1704:	60 e0       	ldi	r22, 0x00	; 0
    1706:	a9 01       	movw	r20, r18
    1708:	0e 94 38 1b 	call	0x3670	; 0x3670 <LCD_displayStringRowColumn>

		key = KEYPAD_getPressedKey();
    170c:	0e 94 ac 1b 	call	0x3758	; 0x3758 <KEYPAD_getPressedKey>
    1710:	8c af       	std	Y+60, r24	; 0x3c
    1712:	80 e0       	ldi	r24, 0x00	; 0
    1714:	90 e0       	ldi	r25, 0x00	; 0
    1716:	a8 e4       	ldi	r26, 0x48	; 72
    1718:	b2 e4       	ldi	r27, 0x42	; 66
    171a:	8b 87       	std	Y+11, r24	; 0x0b
    171c:	9c 87       	std	Y+12, r25	; 0x0c
    171e:	ad 87       	std	Y+13, r26	; 0x0d
    1720:	be 87       	std	Y+14, r27	; 0x0e
 */
void
_delay_ms(double __ms)
{
	uint16_t __ticks;
	double __tmp = ((F_CPU) / 4e3) * __ms;
    1722:	6b 85       	ldd	r22, Y+11	; 0x0b
    1724:	7c 85       	ldd	r23, Y+12	; 0x0c
    1726:	8d 85       	ldd	r24, Y+13	; 0x0d
    1728:	9e 85       	ldd	r25, Y+14	; 0x0e
    172a:	20 e0       	ldi	r18, 0x00	; 0
    172c:	30 e0       	ldi	r19, 0x00	; 0
    172e:	4a ef       	ldi	r20, 0xFA	; 250
    1730:	54 e4       	ldi	r21, 0x44	; 68
    1732:	0e 94 1f 02 	call	0x43e	; 0x43e <__mulsf3>
    1736:	dc 01       	movw	r26, r24
    1738:	cb 01       	movw	r24, r22
    173a:	8f 83       	std	Y+7, r24	; 0x07
    173c:	98 87       	std	Y+8, r25	; 0x08
    173e:	a9 87       	std	Y+9, r26	; 0x09
    1740:	ba 87       	std	Y+10, r27	; 0x0a
	if (__tmp < 1.0)
    1742:	6f 81       	ldd	r22, Y+7	; 0x07
    1744:	78 85       	ldd	r23, Y+8	; 0x08
    1746:	89 85       	ldd	r24, Y+9	; 0x09
    1748:	9a 85       	ldd	r25, Y+10	; 0x0a
    174a:	20 e0       	ldi	r18, 0x00	; 0
    174c:	30 e0       	ldi	r19, 0x00	; 0
    174e:	40 e8       	ldi	r20, 0x80	; 128
    1750:	5f e3       	ldi	r21, 0x3F	; 63
    1752:	0e 94 79 03 	call	0x6f2	; 0x6f2 <__ltsf2>
    1756:	88 23       	and	r24, r24
    1758:	2c f4       	brge	.+10     	; 0x1764 <handle_retrieve_faults+0x410>
		__ticks = 1;
    175a:	81 e0       	ldi	r24, 0x01	; 1
    175c:	90 e0       	ldi	r25, 0x00	; 0
    175e:	9e 83       	std	Y+6, r25	; 0x06
    1760:	8d 83       	std	Y+5, r24	; 0x05
    1762:	3f c0       	rjmp	.+126    	; 0x17e2 <handle_retrieve_faults+0x48e>
	else if (__tmp > 65535)
    1764:	6f 81       	ldd	r22, Y+7	; 0x07
    1766:	78 85       	ldd	r23, Y+8	; 0x08
    1768:	89 85       	ldd	r24, Y+9	; 0x09
    176a:	9a 85       	ldd	r25, Y+10	; 0x0a
    176c:	20 e0       	ldi	r18, 0x00	; 0
    176e:	3f ef       	ldi	r19, 0xFF	; 255
    1770:	4f e7       	ldi	r20, 0x7F	; 127
    1772:	57 e4       	ldi	r21, 0x47	; 71
    1774:	0e 94 19 03 	call	0x632	; 0x632 <__gtsf2>
    1778:	18 16       	cp	r1, r24
    177a:	4c f5       	brge	.+82     	; 0x17ce <handle_retrieve_faults+0x47a>
	{
		//	__ticks = requested delay in 1/10 ms
		__ticks = (uint16_t) (__ms * 10.0);
    177c:	6b 85       	ldd	r22, Y+11	; 0x0b
    177e:	7c 85       	ldd	r23, Y+12	; 0x0c
    1780:	8d 85       	ldd	r24, Y+13	; 0x0d
    1782:	9e 85       	ldd	r25, Y+14	; 0x0e
    1784:	20 e0       	ldi	r18, 0x00	; 0
    1786:	30 e0       	ldi	r19, 0x00	; 0
    1788:	40 e2       	ldi	r20, 0x20	; 32
    178a:	51 e4       	ldi	r21, 0x41	; 65
    178c:	0e 94 1f 02 	call	0x43e	; 0x43e <__mulsf3>
    1790:	dc 01       	movw	r26, r24
    1792:	cb 01       	movw	r24, r22
    1794:	bc 01       	movw	r22, r24
    1796:	cd 01       	movw	r24, r26
    1798:	0e 94 49 00 	call	0x92	; 0x92 <__fixunssfsi>
    179c:	dc 01       	movw	r26, r24
    179e:	cb 01       	movw	r24, r22
    17a0:	9e 83       	std	Y+6, r25	; 0x06
    17a2:	8d 83       	std	Y+5, r24	; 0x05
    17a4:	0f c0       	rjmp	.+30     	; 0x17c4 <handle_retrieve_faults+0x470>
    17a6:	88 ec       	ldi	r24, 0xC8	; 200
    17a8:	90 e0       	ldi	r25, 0x00	; 0
    17aa:	9c 83       	std	Y+4, r25	; 0x04
    17ac:	8b 83       	std	Y+3, r24	; 0x03
    17ae:	8b 81       	ldd	r24, Y+3	; 0x03
    17b0:	9c 81       	ldd	r25, Y+4	; 0x04
    17b2:	01 97       	sbiw	r24, 0x01	; 1
    17b4:	f1 f7       	brne	.-4      	; 0x17b2 <handle_retrieve_faults+0x45e>
    17b6:	9c 83       	std	Y+4, r25	; 0x04
    17b8:	8b 83       	std	Y+3, r24	; 0x03
		while(__ticks)
		{
			// wait 1/10 ms
			_delay_loop_2(((F_CPU) / 4e3) / 10);
			__ticks --;
    17ba:	8d 81       	ldd	r24, Y+5	; 0x05
    17bc:	9e 81       	ldd	r25, Y+6	; 0x06
    17be:	01 97       	sbiw	r24, 0x01	; 1
    17c0:	9e 83       	std	Y+6, r25	; 0x06
    17c2:	8d 83       	std	Y+5, r24	; 0x05
		__ticks = 1;
	else if (__tmp > 65535)
	{
		//	__ticks = requested delay in 1/10 ms
		__ticks = (uint16_t) (__ms * 10.0);
		while(__ticks)
    17c4:	8d 81       	ldd	r24, Y+5	; 0x05
    17c6:	9e 81       	ldd	r25, Y+6	; 0x06
    17c8:	00 97       	sbiw	r24, 0x00	; 0
    17ca:	69 f7       	brne	.-38     	; 0x17a6 <handle_retrieve_faults+0x452>
    17cc:	14 c0       	rjmp	.+40     	; 0x17f6 <handle_retrieve_faults+0x4a2>
			__ticks --;
		}
		return;
	}
	else
		__ticks = (uint16_t)__tmp;
    17ce:	6f 81       	ldd	r22, Y+7	; 0x07
    17d0:	78 85       	ldd	r23, Y+8	; 0x08
    17d2:	89 85       	ldd	r24, Y+9	; 0x09
    17d4:	9a 85       	ldd	r25, Y+10	; 0x0a
    17d6:	0e 94 49 00 	call	0x92	; 0x92 <__fixunssfsi>
    17da:	dc 01       	movw	r26, r24
    17dc:	cb 01       	movw	r24, r22
    17de:	9e 83       	std	Y+6, r25	; 0x06
    17e0:	8d 83       	std	Y+5, r24	; 0x05
    17e2:	8d 81       	ldd	r24, Y+5	; 0x05
    17e4:	9e 81       	ldd	r25, Y+6	; 0x06
    17e6:	9a 83       	std	Y+2, r25	; 0x02
    17e8:	89 83       	std	Y+1, r24	; 0x01
    17ea:	89 81       	ldd	r24, Y+1	; 0x01
    17ec:	9a 81       	ldd	r25, Y+2	; 0x02
    17ee:	01 97       	sbiw	r24, 0x01	; 1
    17f0:	f1 f7       	brne	.-4      	; 0x17ee <handle_retrieve_faults+0x49a>
    17f2:	9a 83       	std	Y+2, r25	; 0x02
    17f4:	89 83       	std	Y+1, r24	; 0x01
		_delay_ms(50);

	} while (key == '3');
    17f6:	8c ad       	ldd	r24, Y+60	; 0x3c
    17f8:	83 33       	cpi	r24, 0x33	; 51
    17fa:	09 f4       	brne	.+2      	; 0x17fe <handle_retrieve_faults+0x4aa>
    17fc:	b5 cd       	rjmp	.-1174   	; 0x1368 <handle_retrieve_faults+0x14>
}
    17fe:	ec 96       	adiw	r28, 0x3c	; 60
    1800:	0f b6       	in	r0, 0x3f	; 63
    1802:	f8 94       	cli
    1804:	de bf       	out	0x3e, r29	; 62
    1806:	0f be       	out	0x3f, r0	; 63
    1808:	cd bf       	out	0x3d, r28	; 61
    180a:	cf 91       	pop	r28
    180c:	df 91       	pop	r29
    180e:	08 95       	ret

00001810 <handle_stop_monitoring>:

// Handles '4-Stop Monitoring' menu selection
void handle_stop_monitoring(void)
{
    1810:	df 93       	push	r29
    1812:	cf 93       	push	r28
    1814:	cd b7       	in	r28, 0x3d	; 61
    1816:	de b7       	in	r29, 0x3e	; 62
    1818:	2e 97       	sbiw	r28, 0x0e	; 14
    181a:	0f b6       	in	r0, 0x3f	; 63
    181c:	f8 94       	cli
    181e:	de bf       	out	0x3e, r29	; 62
    1820:	0f be       	out	0x3f, r0	; 63
    1822:	cd bf       	out	0x3d, r28	; 61
	UART_sendByte(HMI_CMD_STOP_MONITORING); // Send command
    1824:	84 e0       	ldi	r24, 0x04	; 4
    1826:	0e 94 c1 15 	call	0x2b82	; 0x2b82 <UART_sendByte>

	LCD_clearScreen(); // Show confirmation
    182a:	0e 94 74 1b 	call	0x36e8	; 0x36e8 <LCD_clearScreen>
	LCD_displayStringRowColumn(0, 0, "System          ");
    182e:	2d ec       	ldi	r18, 0xCD	; 205
    1830:	31 e0       	ldi	r19, 0x01	; 1
    1832:	80 e0       	ldi	r24, 0x00	; 0
    1834:	60 e0       	ldi	r22, 0x00	; 0
    1836:	a9 01       	movw	r20, r18
    1838:	0e 94 38 1b 	call	0x3670	; 0x3670 <LCD_displayStringRowColumn>
	LCD_displayStringRowColumn(1, 0, "Monitoring      ");
    183c:	29 ec       	ldi	r18, 0xC9	; 201
    183e:	30 e0       	ldi	r19, 0x00	; 0
    1840:	81 e0       	ldi	r24, 0x01	; 1
    1842:	60 e0       	ldi	r22, 0x00	; 0
    1844:	a9 01       	movw	r20, r18
    1846:	0e 94 38 1b 	call	0x3670	; 0x3670 <LCD_displayStringRowColumn>
	LCD_displayStringRowColumn(2, 0, "Stopped!        ");
    184a:	2e ed       	ldi	r18, 0xDE	; 222
    184c:	31 e0       	ldi	r19, 0x01	; 1
    184e:	82 e0       	ldi	r24, 0x02	; 2
    1850:	60 e0       	ldi	r22, 0x00	; 0
    1852:	a9 01       	movw	r20, r18
    1854:	0e 94 38 1b 	call	0x3670	; 0x3670 <LCD_displayStringRowColumn>
    1858:	80 e0       	ldi	r24, 0x00	; 0
    185a:	90 e8       	ldi	r25, 0x80	; 128
    185c:	ab e3       	ldi	r26, 0x3B	; 59
    185e:	b5 e4       	ldi	r27, 0x45	; 69
    1860:	8b 87       	std	Y+11, r24	; 0x0b
    1862:	9c 87       	std	Y+12, r25	; 0x0c
    1864:	ad 87       	std	Y+13, r26	; 0x0d
    1866:	be 87       	std	Y+14, r27	; 0x0e
 */
void
_delay_ms(double __ms)
{
	uint16_t __ticks;
	double __tmp = ((F_CPU) / 4e3) * __ms;
    1868:	6b 85       	ldd	r22, Y+11	; 0x0b
    186a:	7c 85       	ldd	r23, Y+12	; 0x0c
    186c:	8d 85       	ldd	r24, Y+13	; 0x0d
    186e:	9e 85       	ldd	r25, Y+14	; 0x0e
    1870:	20 e0       	ldi	r18, 0x00	; 0
    1872:	30 e0       	ldi	r19, 0x00	; 0
    1874:	4a ef       	ldi	r20, 0xFA	; 250
    1876:	54 e4       	ldi	r21, 0x44	; 68
    1878:	0e 94 1f 02 	call	0x43e	; 0x43e <__mulsf3>
    187c:	dc 01       	movw	r26, r24
    187e:	cb 01       	movw	r24, r22
    1880:	8f 83       	std	Y+7, r24	; 0x07
    1882:	98 87       	std	Y+8, r25	; 0x08
    1884:	a9 87       	std	Y+9, r26	; 0x09
    1886:	ba 87       	std	Y+10, r27	; 0x0a
	if (__tmp < 1.0)
    1888:	6f 81       	ldd	r22, Y+7	; 0x07
    188a:	78 85       	ldd	r23, Y+8	; 0x08
    188c:	89 85       	ldd	r24, Y+9	; 0x09
    188e:	9a 85       	ldd	r25, Y+10	; 0x0a
    1890:	20 e0       	ldi	r18, 0x00	; 0
    1892:	30 e0       	ldi	r19, 0x00	; 0
    1894:	40 e8       	ldi	r20, 0x80	; 128
    1896:	5f e3       	ldi	r21, 0x3F	; 63
    1898:	0e 94 79 03 	call	0x6f2	; 0x6f2 <__ltsf2>
    189c:	88 23       	and	r24, r24
    189e:	2c f4       	brge	.+10     	; 0x18aa <handle_stop_monitoring+0x9a>
		__ticks = 1;
    18a0:	81 e0       	ldi	r24, 0x01	; 1
    18a2:	90 e0       	ldi	r25, 0x00	; 0
    18a4:	9e 83       	std	Y+6, r25	; 0x06
    18a6:	8d 83       	std	Y+5, r24	; 0x05
    18a8:	3f c0       	rjmp	.+126    	; 0x1928 <handle_stop_monitoring+0x118>
	else if (__tmp > 65535)
    18aa:	6f 81       	ldd	r22, Y+7	; 0x07
    18ac:	78 85       	ldd	r23, Y+8	; 0x08
    18ae:	89 85       	ldd	r24, Y+9	; 0x09
    18b0:	9a 85       	ldd	r25, Y+10	; 0x0a
    18b2:	20 e0       	ldi	r18, 0x00	; 0
    18b4:	3f ef       	ldi	r19, 0xFF	; 255
    18b6:	4f e7       	ldi	r20, 0x7F	; 127
    18b8:	57 e4       	ldi	r21, 0x47	; 71
    18ba:	0e 94 19 03 	call	0x632	; 0x632 <__gtsf2>
    18be:	18 16       	cp	r1, r24
    18c0:	4c f5       	brge	.+82     	; 0x1914 <handle_stop_monitoring+0x104>
	{
		//	__ticks = requested delay in 1/10 ms
		__ticks = (uint16_t) (__ms * 10.0);
    18c2:	6b 85       	ldd	r22, Y+11	; 0x0b
    18c4:	7c 85       	ldd	r23, Y+12	; 0x0c
    18c6:	8d 85       	ldd	r24, Y+13	; 0x0d
    18c8:	9e 85       	ldd	r25, Y+14	; 0x0e
    18ca:	20 e0       	ldi	r18, 0x00	; 0
    18cc:	30 e0       	ldi	r19, 0x00	; 0
    18ce:	40 e2       	ldi	r20, 0x20	; 32
    18d0:	51 e4       	ldi	r21, 0x41	; 65
    18d2:	0e 94 1f 02 	call	0x43e	; 0x43e <__mulsf3>
    18d6:	dc 01       	movw	r26, r24
    18d8:	cb 01       	movw	r24, r22
    18da:	bc 01       	movw	r22, r24
    18dc:	cd 01       	movw	r24, r26
    18de:	0e 94 49 00 	call	0x92	; 0x92 <__fixunssfsi>
    18e2:	dc 01       	movw	r26, r24
    18e4:	cb 01       	movw	r24, r22
    18e6:	9e 83       	std	Y+6, r25	; 0x06
    18e8:	8d 83       	std	Y+5, r24	; 0x05
    18ea:	0f c0       	rjmp	.+30     	; 0x190a <handle_stop_monitoring+0xfa>
    18ec:	88 ec       	ldi	r24, 0xC8	; 200
    18ee:	90 e0       	ldi	r25, 0x00	; 0
    18f0:	9c 83       	std	Y+4, r25	; 0x04
    18f2:	8b 83       	std	Y+3, r24	; 0x03
    18f4:	8b 81       	ldd	r24, Y+3	; 0x03
    18f6:	9c 81       	ldd	r25, Y+4	; 0x04
    18f8:	01 97       	sbiw	r24, 0x01	; 1
    18fa:	f1 f7       	brne	.-4      	; 0x18f8 <handle_stop_monitoring+0xe8>
    18fc:	9c 83       	std	Y+4, r25	; 0x04
    18fe:	8b 83       	std	Y+3, r24	; 0x03
		while(__ticks)
		{
			// wait 1/10 ms
			_delay_loop_2(((F_CPU) / 4e3) / 10);
			__ticks --;
    1900:	8d 81       	ldd	r24, Y+5	; 0x05
    1902:	9e 81       	ldd	r25, Y+6	; 0x06
    1904:	01 97       	sbiw	r24, 0x01	; 1
    1906:	9e 83       	std	Y+6, r25	; 0x06
    1908:	8d 83       	std	Y+5, r24	; 0x05
		__ticks = 1;
	else if (__tmp > 65535)
	{
		//	__ticks = requested delay in 1/10 ms
		__ticks = (uint16_t) (__ms * 10.0);
		while(__ticks)
    190a:	8d 81       	ldd	r24, Y+5	; 0x05
    190c:	9e 81       	ldd	r25, Y+6	; 0x06
    190e:	00 97       	sbiw	r24, 0x00	; 0
    1910:	69 f7       	brne	.-38     	; 0x18ec <handle_stop_monitoring+0xdc>
    1912:	14 c0       	rjmp	.+40     	; 0x193c <handle_stop_monitoring+0x12c>
			__ticks --;
		}
		return;
	}
	else
		__ticks = (uint16_t)__tmp;
    1914:	6f 81       	ldd	r22, Y+7	; 0x07
    1916:	78 85       	ldd	r23, Y+8	; 0x08
    1918:	89 85       	ldd	r24, Y+9	; 0x09
    191a:	9a 85       	ldd	r25, Y+10	; 0x0a
    191c:	0e 94 49 00 	call	0x92	; 0x92 <__fixunssfsi>
    1920:	dc 01       	movw	r26, r24
    1922:	cb 01       	movw	r24, r22
    1924:	9e 83       	std	Y+6, r25	; 0x06
    1926:	8d 83       	std	Y+5, r24	; 0x05
    1928:	8d 81       	ldd	r24, Y+5	; 0x05
    192a:	9e 81       	ldd	r25, Y+6	; 0x06
    192c:	9a 83       	std	Y+2, r25	; 0x02
    192e:	89 83       	std	Y+1, r24	; 0x01
    1930:	89 81       	ldd	r24, Y+1	; 0x01
    1932:	9a 81       	ldd	r25, Y+2	; 0x02
    1934:	01 97       	sbiw	r24, 0x01	; 1
    1936:	f1 f7       	brne	.-4      	; 0x1934 <handle_stop_monitoring+0x124>
    1938:	9a 83       	std	Y+2, r25	; 0x02
    193a:	89 83       	std	Y+1, r24	; 0x01

	_delay_ms(DISPLAY_TIME_SECONDS);
}
    193c:	2e 96       	adiw	r28, 0x0e	; 14
    193e:	0f b6       	in	r0, 0x3f	; 63
    1940:	f8 94       	cli
    1942:	de bf       	out	0x3e, r29	; 62
    1944:	0f be       	out	0x3f, r0	; 63
    1946:	cd bf       	out	0x3d, r28	; 61
    1948:	cf 91       	pop	r28
    194a:	df 91       	pop	r29
    194c:	08 95       	ret

0000194e <UART_recieveWord>:

// Receives a 16-bit word (u16) from UART
u16 UART_recieveWord(void)
{
    194e:	df 93       	push	r29
    1950:	cf 93       	push	r28
    1952:	00 d0       	rcall	.+0      	; 0x1954 <UART_recieveWord+0x6>
    1954:	00 d0       	rcall	.+0      	; 0x1956 <UART_recieveWord+0x8>
    1956:	cd b7       	in	r28, 0x3d	; 61
    1958:	de b7       	in	r29, 0x3e	; 62
	u16 high_byte = UART_recieveByte(); // High byte is sent first
    195a:	0e 94 d8 15 	call	0x2bb0	; 0x2bb0 <UART_recieveByte>
    195e:	88 2f       	mov	r24, r24
    1960:	90 e0       	ldi	r25, 0x00	; 0
    1962:	9c 83       	std	Y+4, r25	; 0x04
    1964:	8b 83       	std	Y+3, r24	; 0x03
	u16 low_byte  = UART_recieveByte(); // Low byte is sent second
    1966:	0e 94 d8 15 	call	0x2bb0	; 0x2bb0 <UART_recieveByte>
    196a:	88 2f       	mov	r24, r24
    196c:	90 e0       	ldi	r25, 0x00	; 0
    196e:	9a 83       	std	Y+2, r25	; 0x02
    1970:	89 83       	std	Y+1, r24	; 0x01

	return ( (high_byte << 8) | low_byte ); // Combine bytes
    1972:	8b 81       	ldd	r24, Y+3	; 0x03
    1974:	9c 81       	ldd	r25, Y+4	; 0x04
    1976:	38 2f       	mov	r19, r24
    1978:	22 27       	eor	r18, r18
    197a:	89 81       	ldd	r24, Y+1	; 0x01
    197c:	9a 81       	ldd	r25, Y+2	; 0x02
    197e:	82 2b       	or	r24, r18
    1980:	93 2b       	or	r25, r19
}
    1982:	0f 90       	pop	r0
    1984:	0f 90       	pop	r0
    1986:	0f 90       	pop	r0
    1988:	0f 90       	pop	r0
    198a:	cf 91       	pop	r28
    198c:	df 91       	pop	r29
    198e:	08 95       	ret

00001990 <main>:

// Main function
int main(void)
{
    1990:	df 93       	push	r29
    1992:	cf 93       	push	r28
    1994:	cd b7       	in	r28, 0x3d	; 61
    1996:	de b7       	in	r29, 0x3e	; 62
    1998:	ad 97       	sbiw	r28, 0x2d	; 45
    199a:	0f b6       	in	r0, 0x3f	; 63
    199c:	f8 94       	cli
    199e:	de bf       	out	0x3e, r29	; 62
    19a0:	0f be       	out	0x3f, r0	; 63
    19a2:	cd bf       	out	0x3d, r28	; 61
	u8 key_pressed = 0;
    19a4:	1b a6       	std	Y+43, r1	; 0x2b

	HMI_Init(); // Initialize all peripherals
    19a6:	0e 94 ad 05 	call	0xb5a	; 0xb5a <HMI_Init>
	DisplayMainMenu(); // Show menu first
    19aa:	0e 94 f1 05 	call	0xbe2	; 0xbe2 <DisplayMainMenu>

	sei(); // Enable global interrupts
    19ae:	78 94       	sei

	// Welcome Message
	LCD_clearScreen();
    19b0:	0e 94 74 1b 	call	0x36e8	; 0x36e8 <LCD_clearScreen>
	LCD_displayStringRowColumn(0, 0, "Vehicle Fault   ");
    19b4:	2f ee       	ldi	r18, 0xEF	; 239
    19b6:	31 e0       	ldi	r19, 0x01	; 1
    19b8:	80 e0       	ldi	r24, 0x00	; 0
    19ba:	60 e0       	ldi	r22, 0x00	; 0
    19bc:	a9 01       	movw	r20, r18
    19be:	0e 94 38 1b 	call	0x3670	; 0x3670 <LCD_displayStringRowColumn>
	LCD_displayStringRowColumn(1, 0, "Detection System");
    19c2:	20 e0       	ldi	r18, 0x00	; 0
    19c4:	32 e0       	ldi	r19, 0x02	; 2
    19c6:	81 e0       	ldi	r24, 0x01	; 1
    19c8:	60 e0       	ldi	r22, 0x00	; 0
    19ca:	a9 01       	movw	r20, r18
    19cc:	0e 94 38 1b 	call	0x3670	; 0x3670 <LCD_displayStringRowColumn>
	LCD_displayStringRowColumn(2, 0, "HMI Ready...    ");
    19d0:	21 e1       	ldi	r18, 0x11	; 17
    19d2:	32 e0       	ldi	r19, 0x02	; 2
    19d4:	82 e0       	ldi	r24, 0x02	; 2
    19d6:	60 e0       	ldi	r22, 0x00	; 0
    19d8:	a9 01       	movw	r20, r18
    19da:	0e 94 38 1b 	call	0x3670	; 0x3670 <LCD_displayStringRowColumn>
    19de:	80 e0       	ldi	r24, 0x00	; 0
    19e0:	90 e8       	ldi	r25, 0x80	; 128
    19e2:	ab e3       	ldi	r26, 0x3B	; 59
    19e4:	b5 e4       	ldi	r27, 0x45	; 69
    19e6:	8f a3       	std	Y+39, r24	; 0x27
    19e8:	98 a7       	std	Y+40, r25	; 0x28
    19ea:	a9 a7       	std	Y+41, r26	; 0x29
    19ec:	ba a7       	std	Y+42, r27	; 0x2a
 */
void
_delay_ms(double __ms)
{
	uint16_t __ticks;
	double __tmp = ((F_CPU) / 4e3) * __ms;
    19ee:	6f a1       	ldd	r22, Y+39	; 0x27
    19f0:	78 a5       	ldd	r23, Y+40	; 0x28
    19f2:	89 a5       	ldd	r24, Y+41	; 0x29
    19f4:	9a a5       	ldd	r25, Y+42	; 0x2a
    19f6:	20 e0       	ldi	r18, 0x00	; 0
    19f8:	30 e0       	ldi	r19, 0x00	; 0
    19fa:	4a ef       	ldi	r20, 0xFA	; 250
    19fc:	54 e4       	ldi	r21, 0x44	; 68
    19fe:	0e 94 1f 02 	call	0x43e	; 0x43e <__mulsf3>
    1a02:	dc 01       	movw	r26, r24
    1a04:	cb 01       	movw	r24, r22
    1a06:	8b a3       	std	Y+35, r24	; 0x23
    1a08:	9c a3       	std	Y+36, r25	; 0x24
    1a0a:	ad a3       	std	Y+37, r26	; 0x25
    1a0c:	be a3       	std	Y+38, r27	; 0x26
	if (__tmp < 1.0)
    1a0e:	6b a1       	ldd	r22, Y+35	; 0x23
    1a10:	7c a1       	ldd	r23, Y+36	; 0x24
    1a12:	8d a1       	ldd	r24, Y+37	; 0x25
    1a14:	9e a1       	ldd	r25, Y+38	; 0x26
    1a16:	20 e0       	ldi	r18, 0x00	; 0
    1a18:	30 e0       	ldi	r19, 0x00	; 0
    1a1a:	40 e8       	ldi	r20, 0x80	; 128
    1a1c:	5f e3       	ldi	r21, 0x3F	; 63
    1a1e:	0e 94 79 03 	call	0x6f2	; 0x6f2 <__ltsf2>
    1a22:	88 23       	and	r24, r24
    1a24:	2c f4       	brge	.+10     	; 0x1a30 <main+0xa0>
		__ticks = 1;
    1a26:	81 e0       	ldi	r24, 0x01	; 1
    1a28:	90 e0       	ldi	r25, 0x00	; 0
    1a2a:	9a a3       	std	Y+34, r25	; 0x22
    1a2c:	89 a3       	std	Y+33, r24	; 0x21
    1a2e:	3f c0       	rjmp	.+126    	; 0x1aae <main+0x11e>
	else if (__tmp > 65535)
    1a30:	6b a1       	ldd	r22, Y+35	; 0x23
    1a32:	7c a1       	ldd	r23, Y+36	; 0x24
    1a34:	8d a1       	ldd	r24, Y+37	; 0x25
    1a36:	9e a1       	ldd	r25, Y+38	; 0x26
    1a38:	20 e0       	ldi	r18, 0x00	; 0
    1a3a:	3f ef       	ldi	r19, 0xFF	; 255
    1a3c:	4f e7       	ldi	r20, 0x7F	; 127
    1a3e:	57 e4       	ldi	r21, 0x47	; 71
    1a40:	0e 94 19 03 	call	0x632	; 0x632 <__gtsf2>
    1a44:	18 16       	cp	r1, r24
    1a46:	4c f5       	brge	.+82     	; 0x1a9a <main+0x10a>
	{
		//	__ticks = requested delay in 1/10 ms
		__ticks = (uint16_t) (__ms * 10.0);
    1a48:	6f a1       	ldd	r22, Y+39	; 0x27
    1a4a:	78 a5       	ldd	r23, Y+40	; 0x28
    1a4c:	89 a5       	ldd	r24, Y+41	; 0x29
    1a4e:	9a a5       	ldd	r25, Y+42	; 0x2a
    1a50:	20 e0       	ldi	r18, 0x00	; 0
    1a52:	30 e0       	ldi	r19, 0x00	; 0
    1a54:	40 e2       	ldi	r20, 0x20	; 32
    1a56:	51 e4       	ldi	r21, 0x41	; 65
    1a58:	0e 94 1f 02 	call	0x43e	; 0x43e <__mulsf3>
    1a5c:	dc 01       	movw	r26, r24
    1a5e:	cb 01       	movw	r24, r22
    1a60:	bc 01       	movw	r22, r24
    1a62:	cd 01       	movw	r24, r26
    1a64:	0e 94 49 00 	call	0x92	; 0x92 <__fixunssfsi>
    1a68:	dc 01       	movw	r26, r24
    1a6a:	cb 01       	movw	r24, r22
    1a6c:	9a a3       	std	Y+34, r25	; 0x22
    1a6e:	89 a3       	std	Y+33, r24	; 0x21
    1a70:	0f c0       	rjmp	.+30     	; 0x1a90 <main+0x100>
    1a72:	88 ec       	ldi	r24, 0xC8	; 200
    1a74:	90 e0       	ldi	r25, 0x00	; 0
    1a76:	98 a3       	std	Y+32, r25	; 0x20
    1a78:	8f 8f       	std	Y+31, r24	; 0x1f
    1a7a:	8f 8d       	ldd	r24, Y+31	; 0x1f
    1a7c:	98 a1       	ldd	r25, Y+32	; 0x20
    1a7e:	01 97       	sbiw	r24, 0x01	; 1
    1a80:	f1 f7       	brne	.-4      	; 0x1a7e <main+0xee>
    1a82:	98 a3       	std	Y+32, r25	; 0x20
    1a84:	8f 8f       	std	Y+31, r24	; 0x1f
		while(__ticks)
		{
			// wait 1/10 ms
			_delay_loop_2(((F_CPU) / 4e3) / 10);
			__ticks --;
    1a86:	89 a1       	ldd	r24, Y+33	; 0x21
    1a88:	9a a1       	ldd	r25, Y+34	; 0x22
    1a8a:	01 97       	sbiw	r24, 0x01	; 1
    1a8c:	9a a3       	std	Y+34, r25	; 0x22
    1a8e:	89 a3       	std	Y+33, r24	; 0x21
		__ticks = 1;
	else if (__tmp > 65535)
	{
		//	__ticks = requested delay in 1/10 ms
		__ticks = (uint16_t) (__ms * 10.0);
		while(__ticks)
    1a90:	89 a1       	ldd	r24, Y+33	; 0x21
    1a92:	9a a1       	ldd	r25, Y+34	; 0x22
    1a94:	00 97       	sbiw	r24, 0x00	; 0
    1a96:	69 f7       	brne	.-38     	; 0x1a72 <main+0xe2>
    1a98:	14 c0       	rjmp	.+40     	; 0x1ac2 <main+0x132>
			__ticks --;
		}
		return;
	}
	else
		__ticks = (uint16_t)__tmp;
    1a9a:	6b a1       	ldd	r22, Y+35	; 0x23
    1a9c:	7c a1       	ldd	r23, Y+36	; 0x24
    1a9e:	8d a1       	ldd	r24, Y+37	; 0x25
    1aa0:	9e a1       	ldd	r25, Y+38	; 0x26
    1aa2:	0e 94 49 00 	call	0x92	; 0x92 <__fixunssfsi>
    1aa6:	dc 01       	movw	r26, r24
    1aa8:	cb 01       	movw	r24, r22
    1aaa:	9a a3       	std	Y+34, r25	; 0x22
    1aac:	89 a3       	std	Y+33, r24	; 0x21
    1aae:	89 a1       	ldd	r24, Y+33	; 0x21
    1ab0:	9a a1       	ldd	r25, Y+34	; 0x22
    1ab2:	9e 8f       	std	Y+30, r25	; 0x1e
    1ab4:	8d 8f       	std	Y+29, r24	; 0x1d
    1ab6:	8d 8d       	ldd	r24, Y+29	; 0x1d
    1ab8:	9e 8d       	ldd	r25, Y+30	; 0x1e
    1aba:	01 97       	sbiw	r24, 0x01	; 1
    1abc:	f1 f7       	brne	.-4      	; 0x1aba <main+0x12a>
    1abe:	9e 8f       	std	Y+30, r25	; 0x1e
    1ac0:	8d 8f       	std	Y+29, r24	; 0x1d
	_delay_ms(DISPLAY_TIME_SECONDS);

	// Main loop
	while(1)
	{
		DisplayMainMenu(); // Show main menu
    1ac2:	0e 94 f1 05 	call	0xbe2	; 0xbe2 <DisplayMainMenu>

		key_pressed = KEYPAD_getPressedKey(); // Wait for user input
    1ac6:	0e 94 ac 1b 	call	0x3758	; 0x3758 <KEYPAD_getPressedKey>
    1aca:	8b a7       	std	Y+43, r24	; 0x2b
    1acc:	80 e0       	ldi	r24, 0x00	; 0
    1ace:	90 e0       	ldi	r25, 0x00	; 0
    1ad0:	a8 e4       	ldi	r26, 0x48	; 72
    1ad2:	b2 e4       	ldi	r27, 0x42	; 66
    1ad4:	89 8f       	std	Y+25, r24	; 0x19
    1ad6:	9a 8f       	std	Y+26, r25	; 0x1a
    1ad8:	ab 8f       	std	Y+27, r26	; 0x1b
    1ada:	bc 8f       	std	Y+28, r27	; 0x1c
 */
void
_delay_ms(double __ms)
{
	uint16_t __ticks;
	double __tmp = ((F_CPU) / 4e3) * __ms;
    1adc:	69 8d       	ldd	r22, Y+25	; 0x19
    1ade:	7a 8d       	ldd	r23, Y+26	; 0x1a
    1ae0:	8b 8d       	ldd	r24, Y+27	; 0x1b
    1ae2:	9c 8d       	ldd	r25, Y+28	; 0x1c
    1ae4:	20 e0       	ldi	r18, 0x00	; 0
    1ae6:	30 e0       	ldi	r19, 0x00	; 0
    1ae8:	4a ef       	ldi	r20, 0xFA	; 250
    1aea:	54 e4       	ldi	r21, 0x44	; 68
    1aec:	0e 94 1f 02 	call	0x43e	; 0x43e <__mulsf3>
    1af0:	dc 01       	movw	r26, r24
    1af2:	cb 01       	movw	r24, r22
    1af4:	8d 8b       	std	Y+21, r24	; 0x15
    1af6:	9e 8b       	std	Y+22, r25	; 0x16
    1af8:	af 8b       	std	Y+23, r26	; 0x17
    1afa:	b8 8f       	std	Y+24, r27	; 0x18
	if (__tmp < 1.0)
    1afc:	6d 89       	ldd	r22, Y+21	; 0x15
    1afe:	7e 89       	ldd	r23, Y+22	; 0x16
    1b00:	8f 89       	ldd	r24, Y+23	; 0x17
    1b02:	98 8d       	ldd	r25, Y+24	; 0x18
    1b04:	20 e0       	ldi	r18, 0x00	; 0
    1b06:	30 e0       	ldi	r19, 0x00	; 0
    1b08:	40 e8       	ldi	r20, 0x80	; 128
    1b0a:	5f e3       	ldi	r21, 0x3F	; 63
    1b0c:	0e 94 79 03 	call	0x6f2	; 0x6f2 <__ltsf2>
    1b10:	88 23       	and	r24, r24
    1b12:	2c f4       	brge	.+10     	; 0x1b1e <main+0x18e>
		__ticks = 1;
    1b14:	81 e0       	ldi	r24, 0x01	; 1
    1b16:	90 e0       	ldi	r25, 0x00	; 0
    1b18:	9c 8b       	std	Y+20, r25	; 0x14
    1b1a:	8b 8b       	std	Y+19, r24	; 0x13
    1b1c:	3f c0       	rjmp	.+126    	; 0x1b9c <main+0x20c>
	else if (__tmp > 65535)
    1b1e:	6d 89       	ldd	r22, Y+21	; 0x15
    1b20:	7e 89       	ldd	r23, Y+22	; 0x16
    1b22:	8f 89       	ldd	r24, Y+23	; 0x17
    1b24:	98 8d       	ldd	r25, Y+24	; 0x18
    1b26:	20 e0       	ldi	r18, 0x00	; 0
    1b28:	3f ef       	ldi	r19, 0xFF	; 255
    1b2a:	4f e7       	ldi	r20, 0x7F	; 127
    1b2c:	57 e4       	ldi	r21, 0x47	; 71
    1b2e:	0e 94 19 03 	call	0x632	; 0x632 <__gtsf2>
    1b32:	18 16       	cp	r1, r24
    1b34:	4c f5       	brge	.+82     	; 0x1b88 <main+0x1f8>
	{
		//	__ticks = requested delay in 1/10 ms
		__ticks = (uint16_t) (__ms * 10.0);
    1b36:	69 8d       	ldd	r22, Y+25	; 0x19
    1b38:	7a 8d       	ldd	r23, Y+26	; 0x1a
    1b3a:	8b 8d       	ldd	r24, Y+27	; 0x1b
    1b3c:	9c 8d       	ldd	r25, Y+28	; 0x1c
    1b3e:	20 e0       	ldi	r18, 0x00	; 0
    1b40:	30 e0       	ldi	r19, 0x00	; 0
    1b42:	40 e2       	ldi	r20, 0x20	; 32
    1b44:	51 e4       	ldi	r21, 0x41	; 65
    1b46:	0e 94 1f 02 	call	0x43e	; 0x43e <__mulsf3>
    1b4a:	dc 01       	movw	r26, r24
    1b4c:	cb 01       	movw	r24, r22
    1b4e:	bc 01       	movw	r22, r24
    1b50:	cd 01       	movw	r24, r26
    1b52:	0e 94 49 00 	call	0x92	; 0x92 <__fixunssfsi>
    1b56:	dc 01       	movw	r26, r24
    1b58:	cb 01       	movw	r24, r22
    1b5a:	9c 8b       	std	Y+20, r25	; 0x14
    1b5c:	8b 8b       	std	Y+19, r24	; 0x13
    1b5e:	0f c0       	rjmp	.+30     	; 0x1b7e <main+0x1ee>
    1b60:	88 ec       	ldi	r24, 0xC8	; 200
    1b62:	90 e0       	ldi	r25, 0x00	; 0
    1b64:	9a 8b       	std	Y+18, r25	; 0x12
    1b66:	89 8b       	std	Y+17, r24	; 0x11
    1b68:	89 89       	ldd	r24, Y+17	; 0x11
    1b6a:	9a 89       	ldd	r25, Y+18	; 0x12
    1b6c:	01 97       	sbiw	r24, 0x01	; 1
    1b6e:	f1 f7       	brne	.-4      	; 0x1b6c <main+0x1dc>
    1b70:	9a 8b       	std	Y+18, r25	; 0x12
    1b72:	89 8b       	std	Y+17, r24	; 0x11
		while(__ticks)
		{
			// wait 1/10 ms
			_delay_loop_2(((F_CPU) / 4e3) / 10);
			__ticks --;
    1b74:	8b 89       	ldd	r24, Y+19	; 0x13
    1b76:	9c 89       	ldd	r25, Y+20	; 0x14
    1b78:	01 97       	sbiw	r24, 0x01	; 1
    1b7a:	9c 8b       	std	Y+20, r25	; 0x14
    1b7c:	8b 8b       	std	Y+19, r24	; 0x13
		__ticks = 1;
	else if (__tmp > 65535)
	{
		//	__ticks = requested delay in 1/10 ms
		__ticks = (uint16_t) (__ms * 10.0);
		while(__ticks)
    1b7e:	8b 89       	ldd	r24, Y+19	; 0x13
    1b80:	9c 89       	ldd	r25, Y+20	; 0x14
    1b82:	00 97       	sbiw	r24, 0x00	; 0
    1b84:	69 f7       	brne	.-38     	; 0x1b60 <main+0x1d0>
    1b86:	14 c0       	rjmp	.+40     	; 0x1bb0 <main+0x220>
			__ticks --;
		}
		return;
	}
	else
		__ticks = (uint16_t)__tmp;
    1b88:	6d 89       	ldd	r22, Y+21	; 0x15
    1b8a:	7e 89       	ldd	r23, Y+22	; 0x16
    1b8c:	8f 89       	ldd	r24, Y+23	; 0x17
    1b8e:	98 8d       	ldd	r25, Y+24	; 0x18
    1b90:	0e 94 49 00 	call	0x92	; 0x92 <__fixunssfsi>
    1b94:	dc 01       	movw	r26, r24
    1b96:	cb 01       	movw	r24, r22
    1b98:	9c 8b       	std	Y+20, r25	; 0x14
    1b9a:	8b 8b       	std	Y+19, r24	; 0x13
    1b9c:	8b 89       	ldd	r24, Y+19	; 0x13
    1b9e:	9c 89       	ldd	r25, Y+20	; 0x14
    1ba0:	98 8b       	std	Y+16, r25	; 0x10
    1ba2:	8f 87       	std	Y+15, r24	; 0x0f
    1ba4:	8f 85       	ldd	r24, Y+15	; 0x0f
    1ba6:	98 89       	ldd	r25, Y+16	; 0x10
    1ba8:	01 97       	sbiw	r24, 0x01	; 1
    1baa:	f1 f7       	brne	.-4      	; 0x1ba8 <main+0x218>
    1bac:	98 8b       	std	Y+16, r25	; 0x10
    1bae:	8f 87       	std	Y+15, r24	; 0x0f

		_delay_ms(50); // Simple debounce

		// Handle menu selection
		switch(key_pressed)
    1bb0:	8b a5       	ldd	r24, Y+43	; 0x2b
    1bb2:	28 2f       	mov	r18, r24
    1bb4:	30 e0       	ldi	r19, 0x00	; 0
    1bb6:	3d a7       	std	Y+45, r19	; 0x2d
    1bb8:	2c a7       	std	Y+44, r18	; 0x2c
    1bba:	8c a5       	ldd	r24, Y+44	; 0x2c
    1bbc:	9d a5       	ldd	r25, Y+45	; 0x2d
    1bbe:	82 33       	cpi	r24, 0x32	; 50
    1bc0:	91 05       	cpc	r25, r1
    1bc2:	c9 f0       	breq	.+50     	; 0x1bf6 <main+0x266>
    1bc4:	2c a5       	ldd	r18, Y+44	; 0x2c
    1bc6:	3d a5       	ldd	r19, Y+45	; 0x2d
    1bc8:	23 33       	cpi	r18, 0x33	; 51
    1bca:	31 05       	cpc	r19, r1
    1bcc:	34 f4       	brge	.+12     	; 0x1bda <main+0x24a>
    1bce:	8c a5       	ldd	r24, Y+44	; 0x2c
    1bd0:	9d a5       	ldd	r25, Y+45	; 0x2d
    1bd2:	81 33       	cpi	r24, 0x31	; 49
    1bd4:	91 05       	cpc	r25, r1
    1bd6:	61 f0       	breq	.+24     	; 0x1bf0 <main+0x260>
    1bd8:	17 c0       	rjmp	.+46     	; 0x1c08 <main+0x278>
    1bda:	2c a5       	ldd	r18, Y+44	; 0x2c
    1bdc:	3d a5       	ldd	r19, Y+45	; 0x2d
    1bde:	23 33       	cpi	r18, 0x33	; 51
    1be0:	31 05       	cpc	r19, r1
    1be2:	61 f0       	breq	.+24     	; 0x1bfc <main+0x26c>
    1be4:	8c a5       	ldd	r24, Y+44	; 0x2c
    1be6:	9d a5       	ldd	r25, Y+45	; 0x2d
    1be8:	84 33       	cpi	r24, 0x34	; 52
    1bea:	91 05       	cpc	r25, r1
    1bec:	51 f0       	breq	.+20     	; 0x1c02 <main+0x272>
    1bee:	0c c0       	rjmp	.+24     	; 0x1c08 <main+0x278>
		{
		case '1':
			handle_start_operation();
    1bf0:	0e 94 8c 07 	call	0xf18	; 0xf18 <handle_start_operation>
    1bf4:	66 cf       	rjmp	.-308    	; 0x1ac2 <main+0x132>
			break;

		case '2':
			handle_display_values();
    1bf6:	0e 94 32 08 	call	0x1064	; 0x1064 <handle_display_values>
    1bfa:	63 cf       	rjmp	.-314    	; 0x1ac2 <main+0x132>
			break;

		case '3':
			handle_retrieve_faults();
    1bfc:	0e 94 aa 09 	call	0x1354	; 0x1354 <handle_retrieve_faults>
    1c00:	60 cf       	rjmp	.-320    	; 0x1ac2 <main+0x132>
			break;

		case '4':
			handle_stop_monitoring();
    1c02:	0e 94 08 0c 	call	0x1810	; 0x1810 <handle_stop_monitoring>
    1c06:	5d cf       	rjmp	.-326    	; 0x1ac2 <main+0x132>
			break;

		default: // Handle invalid input
			LCD_clearScreen();
    1c08:	0e 94 74 1b 	call	0x36e8	; 0x36e8 <LCD_clearScreen>
			LCD_displayStringRowColumn(1, 3, "Invalid Key!");
    1c0c:	22 e2       	ldi	r18, 0x22	; 34
    1c0e:	32 e0       	ldi	r19, 0x02	; 2
    1c10:	81 e0       	ldi	r24, 0x01	; 1
    1c12:	63 e0       	ldi	r22, 0x03	; 3
    1c14:	a9 01       	movw	r20, r18
    1c16:	0e 94 38 1b 	call	0x3670	; 0x3670 <LCD_displayStringRowColumn>
    1c1a:	80 e0       	ldi	r24, 0x00	; 0
    1c1c:	90 e0       	ldi	r25, 0x00	; 0
    1c1e:	aa ef       	ldi	r26, 0xFA	; 250
    1c20:	b4 e4       	ldi	r27, 0x44	; 68
    1c22:	8b 87       	std	Y+11, r24	; 0x0b
    1c24:	9c 87       	std	Y+12, r25	; 0x0c
    1c26:	ad 87       	std	Y+13, r26	; 0x0d
    1c28:	be 87       	std	Y+14, r27	; 0x0e
 */
void
_delay_ms(double __ms)
{
	uint16_t __ticks;
	double __tmp = ((F_CPU) / 4e3) * __ms;
    1c2a:	6b 85       	ldd	r22, Y+11	; 0x0b
    1c2c:	7c 85       	ldd	r23, Y+12	; 0x0c
    1c2e:	8d 85       	ldd	r24, Y+13	; 0x0d
    1c30:	9e 85       	ldd	r25, Y+14	; 0x0e
    1c32:	20 e0       	ldi	r18, 0x00	; 0
    1c34:	30 e0       	ldi	r19, 0x00	; 0
    1c36:	4a ef       	ldi	r20, 0xFA	; 250
    1c38:	54 e4       	ldi	r21, 0x44	; 68
    1c3a:	0e 94 1f 02 	call	0x43e	; 0x43e <__mulsf3>
    1c3e:	dc 01       	movw	r26, r24
    1c40:	cb 01       	movw	r24, r22
    1c42:	8f 83       	std	Y+7, r24	; 0x07
    1c44:	98 87       	std	Y+8, r25	; 0x08
    1c46:	a9 87       	std	Y+9, r26	; 0x09
    1c48:	ba 87       	std	Y+10, r27	; 0x0a
	if (__tmp < 1.0)
    1c4a:	6f 81       	ldd	r22, Y+7	; 0x07
    1c4c:	78 85       	ldd	r23, Y+8	; 0x08
    1c4e:	89 85       	ldd	r24, Y+9	; 0x09
    1c50:	9a 85       	ldd	r25, Y+10	; 0x0a
    1c52:	20 e0       	ldi	r18, 0x00	; 0
    1c54:	30 e0       	ldi	r19, 0x00	; 0
    1c56:	40 e8       	ldi	r20, 0x80	; 128
    1c58:	5f e3       	ldi	r21, 0x3F	; 63
    1c5a:	0e 94 79 03 	call	0x6f2	; 0x6f2 <__ltsf2>
    1c5e:	88 23       	and	r24, r24
    1c60:	2c f4       	brge	.+10     	; 0x1c6c <main+0x2dc>
		__ticks = 1;
    1c62:	81 e0       	ldi	r24, 0x01	; 1
    1c64:	90 e0       	ldi	r25, 0x00	; 0
    1c66:	9e 83       	std	Y+6, r25	; 0x06
    1c68:	8d 83       	std	Y+5, r24	; 0x05
    1c6a:	3f c0       	rjmp	.+126    	; 0x1cea <main+0x35a>
	else if (__tmp > 65535)
    1c6c:	6f 81       	ldd	r22, Y+7	; 0x07
    1c6e:	78 85       	ldd	r23, Y+8	; 0x08
    1c70:	89 85       	ldd	r24, Y+9	; 0x09
    1c72:	9a 85       	ldd	r25, Y+10	; 0x0a
    1c74:	20 e0       	ldi	r18, 0x00	; 0
    1c76:	3f ef       	ldi	r19, 0xFF	; 255
    1c78:	4f e7       	ldi	r20, 0x7F	; 127
    1c7a:	57 e4       	ldi	r21, 0x47	; 71
    1c7c:	0e 94 19 03 	call	0x632	; 0x632 <__gtsf2>
    1c80:	18 16       	cp	r1, r24
    1c82:	4c f5       	brge	.+82     	; 0x1cd6 <main+0x346>
	{
		//	__ticks = requested delay in 1/10 ms
		__ticks = (uint16_t) (__ms * 10.0);
    1c84:	6b 85       	ldd	r22, Y+11	; 0x0b
    1c86:	7c 85       	ldd	r23, Y+12	; 0x0c
    1c88:	8d 85       	ldd	r24, Y+13	; 0x0d
    1c8a:	9e 85       	ldd	r25, Y+14	; 0x0e
    1c8c:	20 e0       	ldi	r18, 0x00	; 0
    1c8e:	30 e0       	ldi	r19, 0x00	; 0
    1c90:	40 e2       	ldi	r20, 0x20	; 32
    1c92:	51 e4       	ldi	r21, 0x41	; 65
    1c94:	0e 94 1f 02 	call	0x43e	; 0x43e <__mulsf3>
    1c98:	dc 01       	movw	r26, r24
    1c9a:	cb 01       	movw	r24, r22
    1c9c:	bc 01       	movw	r22, r24
    1c9e:	cd 01       	movw	r24, r26
    1ca0:	0e 94 49 00 	call	0x92	; 0x92 <__fixunssfsi>
    1ca4:	dc 01       	movw	r26, r24
    1ca6:	cb 01       	movw	r24, r22
    1ca8:	9e 83       	std	Y+6, r25	; 0x06
    1caa:	8d 83       	std	Y+5, r24	; 0x05
    1cac:	0f c0       	rjmp	.+30     	; 0x1ccc <main+0x33c>
    1cae:	88 ec       	ldi	r24, 0xC8	; 200
    1cb0:	90 e0       	ldi	r25, 0x00	; 0
    1cb2:	9c 83       	std	Y+4, r25	; 0x04
    1cb4:	8b 83       	std	Y+3, r24	; 0x03
    1cb6:	8b 81       	ldd	r24, Y+3	; 0x03
    1cb8:	9c 81       	ldd	r25, Y+4	; 0x04
    1cba:	01 97       	sbiw	r24, 0x01	; 1
    1cbc:	f1 f7       	brne	.-4      	; 0x1cba <main+0x32a>
    1cbe:	9c 83       	std	Y+4, r25	; 0x04
    1cc0:	8b 83       	std	Y+3, r24	; 0x03
		while(__ticks)
		{
			// wait 1/10 ms
			_delay_loop_2(((F_CPU) / 4e3) / 10);
			__ticks --;
    1cc2:	8d 81       	ldd	r24, Y+5	; 0x05
    1cc4:	9e 81       	ldd	r25, Y+6	; 0x06
    1cc6:	01 97       	sbiw	r24, 0x01	; 1
    1cc8:	9e 83       	std	Y+6, r25	; 0x06
    1cca:	8d 83       	std	Y+5, r24	; 0x05
		__ticks = 1;
	else if (__tmp > 65535)
	{
		//	__ticks = requested delay in 1/10 ms
		__ticks = (uint16_t) (__ms * 10.0);
		while(__ticks)
    1ccc:	8d 81       	ldd	r24, Y+5	; 0x05
    1cce:	9e 81       	ldd	r25, Y+6	; 0x06
    1cd0:	00 97       	sbiw	r24, 0x00	; 0
    1cd2:	69 f7       	brne	.-38     	; 0x1cae <main+0x31e>
    1cd4:	f6 ce       	rjmp	.-532    	; 0x1ac2 <main+0x132>
			__ticks --;
		}
		return;
	}
	else
		__ticks = (uint16_t)__tmp;
    1cd6:	6f 81       	ldd	r22, Y+7	; 0x07
    1cd8:	78 85       	ldd	r23, Y+8	; 0x08
    1cda:	89 85       	ldd	r24, Y+9	; 0x09
    1cdc:	9a 85       	ldd	r25, Y+10	; 0x0a
    1cde:	0e 94 49 00 	call	0x92	; 0x92 <__fixunssfsi>
    1ce2:	dc 01       	movw	r26, r24
    1ce4:	cb 01       	movw	r24, r22
    1ce6:	9e 83       	std	Y+6, r25	; 0x06
    1ce8:	8d 83       	std	Y+5, r24	; 0x05
    1cea:	8d 81       	ldd	r24, Y+5	; 0x05
    1cec:	9e 81       	ldd	r25, Y+6	; 0x06
    1cee:	9a 83       	std	Y+2, r25	; 0x02
    1cf0:	89 83       	std	Y+1, r24	; 0x01
    1cf2:	89 81       	ldd	r24, Y+1	; 0x01
    1cf4:	9a 81       	ldd	r25, Y+2	; 0x02
    1cf6:	01 97       	sbiw	r24, 0x01	; 1
    1cf8:	f1 f7       	brne	.-4      	; 0x1cf6 <main+0x366>
    1cfa:	9a 83       	std	Y+2, r25	; 0x02
    1cfc:	89 83       	std	Y+1, r24	; 0x01
    1cfe:	e1 ce       	rjmp	.-574    	; 0x1ac2 <main+0x132>

00001d00 <GPIO_voidSetPortDirection>:
#include "../MACROS/macros.h"
#include "../MACROS/STD_types.h"
#include "GPIO_inteface.h"

void GPIO_voidSetPortDirection(u8 Copy_u8PortNum,u8 Copy_u8PortDirection)
{
    1d00:	df 93       	push	r29
    1d02:	cf 93       	push	r28
    1d04:	00 d0       	rcall	.+0      	; 0x1d06 <GPIO_voidSetPortDirection+0x6>
    1d06:	00 d0       	rcall	.+0      	; 0x1d08 <GPIO_voidSetPortDirection+0x8>
    1d08:	cd b7       	in	r28, 0x3d	; 61
    1d0a:	de b7       	in	r29, 0x3e	; 62
    1d0c:	89 83       	std	Y+1, r24	; 0x01
    1d0e:	6a 83       	std	Y+2, r22	; 0x02
	switch(Copy_u8PortNum)
    1d10:	89 81       	ldd	r24, Y+1	; 0x01
    1d12:	28 2f       	mov	r18, r24
    1d14:	30 e0       	ldi	r19, 0x00	; 0
    1d16:	3c 83       	std	Y+4, r19	; 0x04
    1d18:	2b 83       	std	Y+3, r18	; 0x03
    1d1a:	8b 81       	ldd	r24, Y+3	; 0x03
    1d1c:	9c 81       	ldd	r25, Y+4	; 0x04
    1d1e:	81 30       	cpi	r24, 0x01	; 1
    1d20:	91 05       	cpc	r25, r1
    1d22:	d1 f0       	breq	.+52     	; 0x1d58 <GPIO_voidSetPortDirection+0x58>
    1d24:	2b 81       	ldd	r18, Y+3	; 0x03
    1d26:	3c 81       	ldd	r19, Y+4	; 0x04
    1d28:	22 30       	cpi	r18, 0x02	; 2
    1d2a:	31 05       	cpc	r19, r1
    1d2c:	2c f4       	brge	.+10     	; 0x1d38 <GPIO_voidSetPortDirection+0x38>
    1d2e:	8b 81       	ldd	r24, Y+3	; 0x03
    1d30:	9c 81       	ldd	r25, Y+4	; 0x04
    1d32:	00 97       	sbiw	r24, 0x00	; 0
    1d34:	61 f0       	breq	.+24     	; 0x1d4e <GPIO_voidSetPortDirection+0x4e>
    1d36:	1e c0       	rjmp	.+60     	; 0x1d74 <GPIO_voidSetPortDirection+0x74>
    1d38:	2b 81       	ldd	r18, Y+3	; 0x03
    1d3a:	3c 81       	ldd	r19, Y+4	; 0x04
    1d3c:	22 30       	cpi	r18, 0x02	; 2
    1d3e:	31 05       	cpc	r19, r1
    1d40:	81 f0       	breq	.+32     	; 0x1d62 <GPIO_voidSetPortDirection+0x62>
    1d42:	8b 81       	ldd	r24, Y+3	; 0x03
    1d44:	9c 81       	ldd	r25, Y+4	; 0x04
    1d46:	83 30       	cpi	r24, 0x03	; 3
    1d48:	91 05       	cpc	r25, r1
    1d4a:	81 f0       	breq	.+32     	; 0x1d6c <GPIO_voidSetPortDirection+0x6c>
    1d4c:	13 c0       	rjmp	.+38     	; 0x1d74 <GPIO_voidSetPortDirection+0x74>
	{
	case PORT_u8A:DDRA=Copy_u8PortDirection;
    1d4e:	ea e3       	ldi	r30, 0x3A	; 58
    1d50:	f0 e0       	ldi	r31, 0x00	; 0
    1d52:	8a 81       	ldd	r24, Y+2	; 0x02
    1d54:	80 83       	st	Z, r24
    1d56:	0e c0       	rjmp	.+28     	; 0x1d74 <GPIO_voidSetPortDirection+0x74>
	break;
	case PORT_u8B:DDRB=Copy_u8PortDirection;
    1d58:	e7 e3       	ldi	r30, 0x37	; 55
    1d5a:	f0 e0       	ldi	r31, 0x00	; 0
    1d5c:	8a 81       	ldd	r24, Y+2	; 0x02
    1d5e:	80 83       	st	Z, r24
    1d60:	09 c0       	rjmp	.+18     	; 0x1d74 <GPIO_voidSetPortDirection+0x74>
	break;
	case PORT_u8C:DDRC=Copy_u8PortDirection;
    1d62:	e4 e3       	ldi	r30, 0x34	; 52
    1d64:	f0 e0       	ldi	r31, 0x00	; 0
    1d66:	8a 81       	ldd	r24, Y+2	; 0x02
    1d68:	80 83       	st	Z, r24
    1d6a:	04 c0       	rjmp	.+8      	; 0x1d74 <GPIO_voidSetPortDirection+0x74>
	break;
	case PORT_u8D:DDRD=Copy_u8PortDirection;
    1d6c:	e1 e3       	ldi	r30, 0x31	; 49
    1d6e:	f0 e0       	ldi	r31, 0x00	; 0
    1d70:	8a 81       	ldd	r24, Y+2	; 0x02
    1d72:	80 83       	st	Z, r24
	break;
	}
}
    1d74:	0f 90       	pop	r0
    1d76:	0f 90       	pop	r0
    1d78:	0f 90       	pop	r0
    1d7a:	0f 90       	pop	r0
    1d7c:	cf 91       	pop	r28
    1d7e:	df 91       	pop	r29
    1d80:	08 95       	ret

00001d82 <GPIO_voidSetPinDirection>:
void GPIO_voidSetPinDirection(u8 Copy_u8PortNum,u8 Copy_u8PinNum,u8
		Copy_u8PinDirection)
{
    1d82:	df 93       	push	r29
    1d84:	cf 93       	push	r28
    1d86:	cd b7       	in	r28, 0x3d	; 61
    1d88:	de b7       	in	r29, 0x3e	; 62
    1d8a:	27 97       	sbiw	r28, 0x07	; 7
    1d8c:	0f b6       	in	r0, 0x3f	; 63
    1d8e:	f8 94       	cli
    1d90:	de bf       	out	0x3e, r29	; 62
    1d92:	0f be       	out	0x3f, r0	; 63
    1d94:	cd bf       	out	0x3d, r28	; 61
    1d96:	89 83       	std	Y+1, r24	; 0x01
    1d98:	6a 83       	std	Y+2, r22	; 0x02
    1d9a:	4b 83       	std	Y+3, r20	; 0x03
	if(Copy_u8PinDirection==PIN_OUT)
    1d9c:	8b 81       	ldd	r24, Y+3	; 0x03
    1d9e:	81 30       	cpi	r24, 0x01	; 1
    1da0:	09 f0       	breq	.+2      	; 0x1da4 <GPIO_voidSetPinDirection+0x22>
    1da2:	6f c0       	rjmp	.+222    	; 0x1e82 <GPIO_voidSetPinDirection+0x100>
	{
		switch(Copy_u8PortNum)
    1da4:	89 81       	ldd	r24, Y+1	; 0x01
    1da6:	28 2f       	mov	r18, r24
    1da8:	30 e0       	ldi	r19, 0x00	; 0
    1daa:	3f 83       	std	Y+7, r19	; 0x07
    1dac:	2e 83       	std	Y+6, r18	; 0x06
    1dae:	8e 81       	ldd	r24, Y+6	; 0x06
    1db0:	9f 81       	ldd	r25, Y+7	; 0x07
    1db2:	81 30       	cpi	r24, 0x01	; 1
    1db4:	91 05       	cpc	r25, r1
    1db6:	49 f1       	breq	.+82     	; 0x1e0a <GPIO_voidSetPinDirection+0x88>
    1db8:	2e 81       	ldd	r18, Y+6	; 0x06
    1dba:	3f 81       	ldd	r19, Y+7	; 0x07
    1dbc:	22 30       	cpi	r18, 0x02	; 2
    1dbe:	31 05       	cpc	r19, r1
    1dc0:	2c f4       	brge	.+10     	; 0x1dcc <GPIO_voidSetPinDirection+0x4a>
    1dc2:	8e 81       	ldd	r24, Y+6	; 0x06
    1dc4:	9f 81       	ldd	r25, Y+7	; 0x07
    1dc6:	00 97       	sbiw	r24, 0x00	; 0
    1dc8:	61 f0       	breq	.+24     	; 0x1de2 <GPIO_voidSetPinDirection+0x60>
    1dca:	d2 c0       	rjmp	.+420    	; 0x1f70 <GPIO_voidSetPinDirection+0x1ee>
    1dcc:	2e 81       	ldd	r18, Y+6	; 0x06
    1dce:	3f 81       	ldd	r19, Y+7	; 0x07
    1dd0:	22 30       	cpi	r18, 0x02	; 2
    1dd2:	31 05       	cpc	r19, r1
    1dd4:	71 f1       	breq	.+92     	; 0x1e32 <GPIO_voidSetPinDirection+0xb0>
    1dd6:	8e 81       	ldd	r24, Y+6	; 0x06
    1dd8:	9f 81       	ldd	r25, Y+7	; 0x07
    1dda:	83 30       	cpi	r24, 0x03	; 3
    1ddc:	91 05       	cpc	r25, r1
    1dde:	e9 f1       	breq	.+122    	; 0x1e5a <GPIO_voidSetPinDirection+0xd8>
    1de0:	c7 c0       	rjmp	.+398    	; 0x1f70 <GPIO_voidSetPinDirection+0x1ee>
		{
		case PORT_u8A:SET_BIT(DDRA,Copy_u8PinNum);
    1de2:	aa e3       	ldi	r26, 0x3A	; 58
    1de4:	b0 e0       	ldi	r27, 0x00	; 0
    1de6:	ea e3       	ldi	r30, 0x3A	; 58
    1de8:	f0 e0       	ldi	r31, 0x00	; 0
    1dea:	80 81       	ld	r24, Z
    1dec:	48 2f       	mov	r20, r24
    1dee:	8a 81       	ldd	r24, Y+2	; 0x02
    1df0:	28 2f       	mov	r18, r24
    1df2:	30 e0       	ldi	r19, 0x00	; 0
    1df4:	81 e0       	ldi	r24, 0x01	; 1
    1df6:	90 e0       	ldi	r25, 0x00	; 0
    1df8:	02 2e       	mov	r0, r18
    1dfa:	02 c0       	rjmp	.+4      	; 0x1e00 <GPIO_voidSetPinDirection+0x7e>
    1dfc:	88 0f       	add	r24, r24
    1dfe:	99 1f       	adc	r25, r25
    1e00:	0a 94       	dec	r0
    1e02:	e2 f7       	brpl	.-8      	; 0x1dfc <GPIO_voidSetPinDirection+0x7a>
    1e04:	84 2b       	or	r24, r20
    1e06:	8c 93       	st	X, r24
    1e08:	b3 c0       	rjmp	.+358    	; 0x1f70 <GPIO_voidSetPinDirection+0x1ee>
		break;
		case PORT_u8B:SET_BIT(DDRB,Copy_u8PinNum);
    1e0a:	a7 e3       	ldi	r26, 0x37	; 55
    1e0c:	b0 e0       	ldi	r27, 0x00	; 0
    1e0e:	e7 e3       	ldi	r30, 0x37	; 55
    1e10:	f0 e0       	ldi	r31, 0x00	; 0
    1e12:	80 81       	ld	r24, Z
    1e14:	48 2f       	mov	r20, r24
    1e16:	8a 81       	ldd	r24, Y+2	; 0x02
    1e18:	28 2f       	mov	r18, r24
    1e1a:	30 e0       	ldi	r19, 0x00	; 0
    1e1c:	81 e0       	ldi	r24, 0x01	; 1
    1e1e:	90 e0       	ldi	r25, 0x00	; 0
    1e20:	02 2e       	mov	r0, r18
    1e22:	02 c0       	rjmp	.+4      	; 0x1e28 <GPIO_voidSetPinDirection+0xa6>
    1e24:	88 0f       	add	r24, r24
    1e26:	99 1f       	adc	r25, r25
    1e28:	0a 94       	dec	r0
    1e2a:	e2 f7       	brpl	.-8      	; 0x1e24 <GPIO_voidSetPinDirection+0xa2>
    1e2c:	84 2b       	or	r24, r20
    1e2e:	8c 93       	st	X, r24
    1e30:	9f c0       	rjmp	.+318    	; 0x1f70 <GPIO_voidSetPinDirection+0x1ee>
		break;
		case PORT_u8C:SET_BIT(DDRC,Copy_u8PinNum);
    1e32:	a4 e3       	ldi	r26, 0x34	; 52
    1e34:	b0 e0       	ldi	r27, 0x00	; 0
    1e36:	e4 e3       	ldi	r30, 0x34	; 52
    1e38:	f0 e0       	ldi	r31, 0x00	; 0
    1e3a:	80 81       	ld	r24, Z
    1e3c:	48 2f       	mov	r20, r24
    1e3e:	8a 81       	ldd	r24, Y+2	; 0x02
    1e40:	28 2f       	mov	r18, r24
    1e42:	30 e0       	ldi	r19, 0x00	; 0
    1e44:	81 e0       	ldi	r24, 0x01	; 1
    1e46:	90 e0       	ldi	r25, 0x00	; 0
    1e48:	02 2e       	mov	r0, r18
    1e4a:	02 c0       	rjmp	.+4      	; 0x1e50 <GPIO_voidSetPinDirection+0xce>
    1e4c:	88 0f       	add	r24, r24
    1e4e:	99 1f       	adc	r25, r25
    1e50:	0a 94       	dec	r0
    1e52:	e2 f7       	brpl	.-8      	; 0x1e4c <GPIO_voidSetPinDirection+0xca>
    1e54:	84 2b       	or	r24, r20
    1e56:	8c 93       	st	X, r24
    1e58:	8b c0       	rjmp	.+278    	; 0x1f70 <GPIO_voidSetPinDirection+0x1ee>
		break;
		case PORT_u8D:SET_BIT(DDRD,Copy_u8PinNum);
    1e5a:	a1 e3       	ldi	r26, 0x31	; 49
    1e5c:	b0 e0       	ldi	r27, 0x00	; 0
    1e5e:	e1 e3       	ldi	r30, 0x31	; 49
    1e60:	f0 e0       	ldi	r31, 0x00	; 0
    1e62:	80 81       	ld	r24, Z
    1e64:	48 2f       	mov	r20, r24
    1e66:	8a 81       	ldd	r24, Y+2	; 0x02
    1e68:	28 2f       	mov	r18, r24
    1e6a:	30 e0       	ldi	r19, 0x00	; 0
    1e6c:	81 e0       	ldi	r24, 0x01	; 1
    1e6e:	90 e0       	ldi	r25, 0x00	; 0
    1e70:	02 2e       	mov	r0, r18
    1e72:	02 c0       	rjmp	.+4      	; 0x1e78 <GPIO_voidSetPinDirection+0xf6>
    1e74:	88 0f       	add	r24, r24
    1e76:	99 1f       	adc	r25, r25
    1e78:	0a 94       	dec	r0
    1e7a:	e2 f7       	brpl	.-8      	; 0x1e74 <GPIO_voidSetPinDirection+0xf2>
    1e7c:	84 2b       	or	r24, r20
    1e7e:	8c 93       	st	X, r24
    1e80:	77 c0       	rjmp	.+238    	; 0x1f70 <GPIO_voidSetPinDirection+0x1ee>
		break;
		}
	}
	else if(Copy_u8PinDirection==PIN_IN)
    1e82:	8b 81       	ldd	r24, Y+3	; 0x03
    1e84:	88 23       	and	r24, r24
    1e86:	09 f0       	breq	.+2      	; 0x1e8a <GPIO_voidSetPinDirection+0x108>
    1e88:	73 c0       	rjmp	.+230    	; 0x1f70 <GPIO_voidSetPinDirection+0x1ee>
	{
		switch(Copy_u8PortNum)
    1e8a:	89 81       	ldd	r24, Y+1	; 0x01
    1e8c:	28 2f       	mov	r18, r24
    1e8e:	30 e0       	ldi	r19, 0x00	; 0
    1e90:	3d 83       	std	Y+5, r19	; 0x05
    1e92:	2c 83       	std	Y+4, r18	; 0x04
    1e94:	8c 81       	ldd	r24, Y+4	; 0x04
    1e96:	9d 81       	ldd	r25, Y+5	; 0x05
    1e98:	81 30       	cpi	r24, 0x01	; 1
    1e9a:	91 05       	cpc	r25, r1
    1e9c:	59 f1       	breq	.+86     	; 0x1ef4 <GPIO_voidSetPinDirection+0x172>
    1e9e:	2c 81       	ldd	r18, Y+4	; 0x04
    1ea0:	3d 81       	ldd	r19, Y+5	; 0x05
    1ea2:	22 30       	cpi	r18, 0x02	; 2
    1ea4:	31 05       	cpc	r19, r1
    1ea6:	2c f4       	brge	.+10     	; 0x1eb2 <GPIO_voidSetPinDirection+0x130>
    1ea8:	8c 81       	ldd	r24, Y+4	; 0x04
    1eaa:	9d 81       	ldd	r25, Y+5	; 0x05
    1eac:	00 97       	sbiw	r24, 0x00	; 0
    1eae:	69 f0       	breq	.+26     	; 0x1eca <GPIO_voidSetPinDirection+0x148>
    1eb0:	5f c0       	rjmp	.+190    	; 0x1f70 <GPIO_voidSetPinDirection+0x1ee>
    1eb2:	2c 81       	ldd	r18, Y+4	; 0x04
    1eb4:	3d 81       	ldd	r19, Y+5	; 0x05
    1eb6:	22 30       	cpi	r18, 0x02	; 2
    1eb8:	31 05       	cpc	r19, r1
    1eba:	89 f1       	breq	.+98     	; 0x1f1e <GPIO_voidSetPinDirection+0x19c>
    1ebc:	8c 81       	ldd	r24, Y+4	; 0x04
    1ebe:	9d 81       	ldd	r25, Y+5	; 0x05
    1ec0:	83 30       	cpi	r24, 0x03	; 3
    1ec2:	91 05       	cpc	r25, r1
    1ec4:	09 f4       	brne	.+2      	; 0x1ec8 <GPIO_voidSetPinDirection+0x146>
    1ec6:	40 c0       	rjmp	.+128    	; 0x1f48 <GPIO_voidSetPinDirection+0x1c6>
    1ec8:	53 c0       	rjmp	.+166    	; 0x1f70 <GPIO_voidSetPinDirection+0x1ee>
		{
		case PORT_u8A:CLEAR_BIT(DDRA,Copy_u8PinNum);
    1eca:	aa e3       	ldi	r26, 0x3A	; 58
    1ecc:	b0 e0       	ldi	r27, 0x00	; 0
    1ece:	ea e3       	ldi	r30, 0x3A	; 58
    1ed0:	f0 e0       	ldi	r31, 0x00	; 0
    1ed2:	80 81       	ld	r24, Z
    1ed4:	48 2f       	mov	r20, r24
    1ed6:	8a 81       	ldd	r24, Y+2	; 0x02
    1ed8:	28 2f       	mov	r18, r24
    1eda:	30 e0       	ldi	r19, 0x00	; 0
    1edc:	81 e0       	ldi	r24, 0x01	; 1
    1ede:	90 e0       	ldi	r25, 0x00	; 0
    1ee0:	02 2e       	mov	r0, r18
    1ee2:	02 c0       	rjmp	.+4      	; 0x1ee8 <GPIO_voidSetPinDirection+0x166>
    1ee4:	88 0f       	add	r24, r24
    1ee6:	99 1f       	adc	r25, r25
    1ee8:	0a 94       	dec	r0
    1eea:	e2 f7       	brpl	.-8      	; 0x1ee4 <GPIO_voidSetPinDirection+0x162>
    1eec:	80 95       	com	r24
    1eee:	84 23       	and	r24, r20
    1ef0:	8c 93       	st	X, r24
    1ef2:	3e c0       	rjmp	.+124    	; 0x1f70 <GPIO_voidSetPinDirection+0x1ee>
		break;
		case PORT_u8B:CLEAR_BIT(DDRB,Copy_u8PinNum);
    1ef4:	a7 e3       	ldi	r26, 0x37	; 55
    1ef6:	b0 e0       	ldi	r27, 0x00	; 0
    1ef8:	e7 e3       	ldi	r30, 0x37	; 55
    1efa:	f0 e0       	ldi	r31, 0x00	; 0
    1efc:	80 81       	ld	r24, Z
    1efe:	48 2f       	mov	r20, r24
    1f00:	8a 81       	ldd	r24, Y+2	; 0x02
    1f02:	28 2f       	mov	r18, r24
    1f04:	30 e0       	ldi	r19, 0x00	; 0
    1f06:	81 e0       	ldi	r24, 0x01	; 1
    1f08:	90 e0       	ldi	r25, 0x00	; 0
    1f0a:	02 2e       	mov	r0, r18
    1f0c:	02 c0       	rjmp	.+4      	; 0x1f12 <GPIO_voidSetPinDirection+0x190>
    1f0e:	88 0f       	add	r24, r24
    1f10:	99 1f       	adc	r25, r25
    1f12:	0a 94       	dec	r0
    1f14:	e2 f7       	brpl	.-8      	; 0x1f0e <GPIO_voidSetPinDirection+0x18c>
    1f16:	80 95       	com	r24
    1f18:	84 23       	and	r24, r20
    1f1a:	8c 93       	st	X, r24
    1f1c:	29 c0       	rjmp	.+82     	; 0x1f70 <GPIO_voidSetPinDirection+0x1ee>
		break;
		case PORT_u8C:CLEAR_BIT(DDRC,Copy_u8PinNum);
    1f1e:	a4 e3       	ldi	r26, 0x34	; 52
    1f20:	b0 e0       	ldi	r27, 0x00	; 0
    1f22:	e4 e3       	ldi	r30, 0x34	; 52
    1f24:	f0 e0       	ldi	r31, 0x00	; 0
    1f26:	80 81       	ld	r24, Z
    1f28:	48 2f       	mov	r20, r24
    1f2a:	8a 81       	ldd	r24, Y+2	; 0x02
    1f2c:	28 2f       	mov	r18, r24
    1f2e:	30 e0       	ldi	r19, 0x00	; 0
    1f30:	81 e0       	ldi	r24, 0x01	; 1
    1f32:	90 e0       	ldi	r25, 0x00	; 0
    1f34:	02 2e       	mov	r0, r18
    1f36:	02 c0       	rjmp	.+4      	; 0x1f3c <GPIO_voidSetPinDirection+0x1ba>
    1f38:	88 0f       	add	r24, r24
    1f3a:	99 1f       	adc	r25, r25
    1f3c:	0a 94       	dec	r0
    1f3e:	e2 f7       	brpl	.-8      	; 0x1f38 <GPIO_voidSetPinDirection+0x1b6>
    1f40:	80 95       	com	r24
    1f42:	84 23       	and	r24, r20
    1f44:	8c 93       	st	X, r24
    1f46:	14 c0       	rjmp	.+40     	; 0x1f70 <GPIO_voidSetPinDirection+0x1ee>
		break;
		case PORT_u8D:CLEAR_BIT(DDRD,Copy_u8PinNum);
    1f48:	a1 e3       	ldi	r26, 0x31	; 49
    1f4a:	b0 e0       	ldi	r27, 0x00	; 0
    1f4c:	e1 e3       	ldi	r30, 0x31	; 49
    1f4e:	f0 e0       	ldi	r31, 0x00	; 0
    1f50:	80 81       	ld	r24, Z
    1f52:	48 2f       	mov	r20, r24
    1f54:	8a 81       	ldd	r24, Y+2	; 0x02
    1f56:	28 2f       	mov	r18, r24
    1f58:	30 e0       	ldi	r19, 0x00	; 0
    1f5a:	81 e0       	ldi	r24, 0x01	; 1
    1f5c:	90 e0       	ldi	r25, 0x00	; 0
    1f5e:	02 2e       	mov	r0, r18
    1f60:	02 c0       	rjmp	.+4      	; 0x1f66 <GPIO_voidSetPinDirection+0x1e4>
    1f62:	88 0f       	add	r24, r24
    1f64:	99 1f       	adc	r25, r25
    1f66:	0a 94       	dec	r0
    1f68:	e2 f7       	brpl	.-8      	; 0x1f62 <GPIO_voidSetPinDirection+0x1e0>
    1f6a:	80 95       	com	r24
    1f6c:	84 23       	and	r24, r20
    1f6e:	8c 93       	st	X, r24
		break;
		}
	}
}
    1f70:	27 96       	adiw	r28, 0x07	; 7
    1f72:	0f b6       	in	r0, 0x3f	; 63
    1f74:	f8 94       	cli
    1f76:	de bf       	out	0x3e, r29	; 62
    1f78:	0f be       	out	0x3f, r0	; 63
    1f7a:	cd bf       	out	0x3d, r28	; 61
    1f7c:	cf 91       	pop	r28
    1f7e:	df 91       	pop	r29
    1f80:	08 95       	ret

00001f82 <GPIO_voidSetPortValue>:

void GPIO_voidSetPortValue(u8 Copy_u8PortNum,u8 Copy_u8PortValue)
{
    1f82:	df 93       	push	r29
    1f84:	cf 93       	push	r28
    1f86:	00 d0       	rcall	.+0      	; 0x1f88 <GPIO_voidSetPortValue+0x6>
    1f88:	00 d0       	rcall	.+0      	; 0x1f8a <GPIO_voidSetPortValue+0x8>
    1f8a:	cd b7       	in	r28, 0x3d	; 61
    1f8c:	de b7       	in	r29, 0x3e	; 62
    1f8e:	89 83       	std	Y+1, r24	; 0x01
    1f90:	6a 83       	std	Y+2, r22	; 0x02
	switch(Copy_u8PortNum)
    1f92:	89 81       	ldd	r24, Y+1	; 0x01
    1f94:	28 2f       	mov	r18, r24
    1f96:	30 e0       	ldi	r19, 0x00	; 0
    1f98:	3c 83       	std	Y+4, r19	; 0x04
    1f9a:	2b 83       	std	Y+3, r18	; 0x03
    1f9c:	8b 81       	ldd	r24, Y+3	; 0x03
    1f9e:	9c 81       	ldd	r25, Y+4	; 0x04
    1fa0:	81 30       	cpi	r24, 0x01	; 1
    1fa2:	91 05       	cpc	r25, r1
    1fa4:	d1 f0       	breq	.+52     	; 0x1fda <GPIO_voidSetPortValue+0x58>
    1fa6:	2b 81       	ldd	r18, Y+3	; 0x03
    1fa8:	3c 81       	ldd	r19, Y+4	; 0x04
    1faa:	22 30       	cpi	r18, 0x02	; 2
    1fac:	31 05       	cpc	r19, r1
    1fae:	2c f4       	brge	.+10     	; 0x1fba <GPIO_voidSetPortValue+0x38>
    1fb0:	8b 81       	ldd	r24, Y+3	; 0x03
    1fb2:	9c 81       	ldd	r25, Y+4	; 0x04
    1fb4:	00 97       	sbiw	r24, 0x00	; 0
    1fb6:	61 f0       	breq	.+24     	; 0x1fd0 <GPIO_voidSetPortValue+0x4e>
    1fb8:	1e c0       	rjmp	.+60     	; 0x1ff6 <GPIO_voidSetPortValue+0x74>
    1fba:	2b 81       	ldd	r18, Y+3	; 0x03
    1fbc:	3c 81       	ldd	r19, Y+4	; 0x04
    1fbe:	22 30       	cpi	r18, 0x02	; 2
    1fc0:	31 05       	cpc	r19, r1
    1fc2:	81 f0       	breq	.+32     	; 0x1fe4 <GPIO_voidSetPortValue+0x62>
    1fc4:	8b 81       	ldd	r24, Y+3	; 0x03
    1fc6:	9c 81       	ldd	r25, Y+4	; 0x04
    1fc8:	83 30       	cpi	r24, 0x03	; 3
    1fca:	91 05       	cpc	r25, r1
    1fcc:	81 f0       	breq	.+32     	; 0x1fee <GPIO_voidSetPortValue+0x6c>
    1fce:	13 c0       	rjmp	.+38     	; 0x1ff6 <GPIO_voidSetPortValue+0x74>
	{
	case PORT_u8A:PORTA=Copy_u8PortValue;
    1fd0:	eb e3       	ldi	r30, 0x3B	; 59
    1fd2:	f0 e0       	ldi	r31, 0x00	; 0
    1fd4:	8a 81       	ldd	r24, Y+2	; 0x02
    1fd6:	80 83       	st	Z, r24
    1fd8:	0e c0       	rjmp	.+28     	; 0x1ff6 <GPIO_voidSetPortValue+0x74>
	break;
	case PORT_u8B:PORTB=Copy_u8PortValue;
    1fda:	e8 e3       	ldi	r30, 0x38	; 56
    1fdc:	f0 e0       	ldi	r31, 0x00	; 0
    1fde:	8a 81       	ldd	r24, Y+2	; 0x02
    1fe0:	80 83       	st	Z, r24
    1fe2:	09 c0       	rjmp	.+18     	; 0x1ff6 <GPIO_voidSetPortValue+0x74>
	break;
	case PORT_u8C:PORTC=Copy_u8PortValue;
    1fe4:	e5 e3       	ldi	r30, 0x35	; 53
    1fe6:	f0 e0       	ldi	r31, 0x00	; 0
    1fe8:	8a 81       	ldd	r24, Y+2	; 0x02
    1fea:	80 83       	st	Z, r24
    1fec:	04 c0       	rjmp	.+8      	; 0x1ff6 <GPIO_voidSetPortValue+0x74>
	break;
	case PORT_u8D:PORTD=Copy_u8PortValue;
    1fee:	e2 e3       	ldi	r30, 0x32	; 50
    1ff0:	f0 e0       	ldi	r31, 0x00	; 0
    1ff2:	8a 81       	ldd	r24, Y+2	; 0x02
    1ff4:	80 83       	st	Z, r24
	break;
	}
}
    1ff6:	0f 90       	pop	r0
    1ff8:	0f 90       	pop	r0
    1ffa:	0f 90       	pop	r0
    1ffc:	0f 90       	pop	r0
    1ffe:	cf 91       	pop	r28
    2000:	df 91       	pop	r29
    2002:	08 95       	ret

00002004 <GPIO_voidSetPinValue>:
void GPIO_voidSetPinValue(u8 Copy_u8PortNum,u8 Copy_u8PinNum,u8 Copy_u8PinValue)
{
    2004:	df 93       	push	r29
    2006:	cf 93       	push	r28
    2008:	cd b7       	in	r28, 0x3d	; 61
    200a:	de b7       	in	r29, 0x3e	; 62
    200c:	27 97       	sbiw	r28, 0x07	; 7
    200e:	0f b6       	in	r0, 0x3f	; 63
    2010:	f8 94       	cli
    2012:	de bf       	out	0x3e, r29	; 62
    2014:	0f be       	out	0x3f, r0	; 63
    2016:	cd bf       	out	0x3d, r28	; 61
    2018:	89 83       	std	Y+1, r24	; 0x01
    201a:	6a 83       	std	Y+2, r22	; 0x02
    201c:	4b 83       	std	Y+3, r20	; 0x03
	if(Copy_u8PinValue==PIN_HIGH)
    201e:	8b 81       	ldd	r24, Y+3	; 0x03
    2020:	81 30       	cpi	r24, 0x01	; 1
    2022:	09 f0       	breq	.+2      	; 0x2026 <GPIO_voidSetPinValue+0x22>
    2024:	6f c0       	rjmp	.+222    	; 0x2104 <GPIO_voidSetPinValue+0x100>
	{
		switch(Copy_u8PortNum)
    2026:	89 81       	ldd	r24, Y+1	; 0x01
    2028:	28 2f       	mov	r18, r24
    202a:	30 e0       	ldi	r19, 0x00	; 0
    202c:	3f 83       	std	Y+7, r19	; 0x07
    202e:	2e 83       	std	Y+6, r18	; 0x06
    2030:	8e 81       	ldd	r24, Y+6	; 0x06
    2032:	9f 81       	ldd	r25, Y+7	; 0x07
    2034:	81 30       	cpi	r24, 0x01	; 1
    2036:	91 05       	cpc	r25, r1
    2038:	49 f1       	breq	.+82     	; 0x208c <GPIO_voidSetPinValue+0x88>
    203a:	2e 81       	ldd	r18, Y+6	; 0x06
    203c:	3f 81       	ldd	r19, Y+7	; 0x07
    203e:	22 30       	cpi	r18, 0x02	; 2
    2040:	31 05       	cpc	r19, r1
    2042:	2c f4       	brge	.+10     	; 0x204e <GPIO_voidSetPinValue+0x4a>
    2044:	8e 81       	ldd	r24, Y+6	; 0x06
    2046:	9f 81       	ldd	r25, Y+7	; 0x07
    2048:	00 97       	sbiw	r24, 0x00	; 0
    204a:	61 f0       	breq	.+24     	; 0x2064 <GPIO_voidSetPinValue+0x60>
    204c:	d2 c0       	rjmp	.+420    	; 0x21f2 <GPIO_voidSetPinValue+0x1ee>
    204e:	2e 81       	ldd	r18, Y+6	; 0x06
    2050:	3f 81       	ldd	r19, Y+7	; 0x07
    2052:	22 30       	cpi	r18, 0x02	; 2
    2054:	31 05       	cpc	r19, r1
    2056:	71 f1       	breq	.+92     	; 0x20b4 <GPIO_voidSetPinValue+0xb0>
    2058:	8e 81       	ldd	r24, Y+6	; 0x06
    205a:	9f 81       	ldd	r25, Y+7	; 0x07
    205c:	83 30       	cpi	r24, 0x03	; 3
    205e:	91 05       	cpc	r25, r1
    2060:	e9 f1       	breq	.+122    	; 0x20dc <GPIO_voidSetPinValue+0xd8>
    2062:	c7 c0       	rjmp	.+398    	; 0x21f2 <GPIO_voidSetPinValue+0x1ee>
		{
		case PORT_u8A:SET_BIT(PORTA,Copy_u8PinNum);
    2064:	ab e3       	ldi	r26, 0x3B	; 59
    2066:	b0 e0       	ldi	r27, 0x00	; 0
    2068:	eb e3       	ldi	r30, 0x3B	; 59
    206a:	f0 e0       	ldi	r31, 0x00	; 0
    206c:	80 81       	ld	r24, Z
    206e:	48 2f       	mov	r20, r24
    2070:	8a 81       	ldd	r24, Y+2	; 0x02
    2072:	28 2f       	mov	r18, r24
    2074:	30 e0       	ldi	r19, 0x00	; 0
    2076:	81 e0       	ldi	r24, 0x01	; 1
    2078:	90 e0       	ldi	r25, 0x00	; 0
    207a:	02 2e       	mov	r0, r18
    207c:	02 c0       	rjmp	.+4      	; 0x2082 <GPIO_voidSetPinValue+0x7e>
    207e:	88 0f       	add	r24, r24
    2080:	99 1f       	adc	r25, r25
    2082:	0a 94       	dec	r0
    2084:	e2 f7       	brpl	.-8      	; 0x207e <GPIO_voidSetPinValue+0x7a>
    2086:	84 2b       	or	r24, r20
    2088:	8c 93       	st	X, r24
    208a:	b3 c0       	rjmp	.+358    	; 0x21f2 <GPIO_voidSetPinValue+0x1ee>
		break;
		case PORT_u8B:SET_BIT(PORTB,Copy_u8PinNum);
    208c:	a8 e3       	ldi	r26, 0x38	; 56
    208e:	b0 e0       	ldi	r27, 0x00	; 0
    2090:	e8 e3       	ldi	r30, 0x38	; 56
    2092:	f0 e0       	ldi	r31, 0x00	; 0
    2094:	80 81       	ld	r24, Z
    2096:	48 2f       	mov	r20, r24
    2098:	8a 81       	ldd	r24, Y+2	; 0x02
    209a:	28 2f       	mov	r18, r24
    209c:	30 e0       	ldi	r19, 0x00	; 0
    209e:	81 e0       	ldi	r24, 0x01	; 1
    20a0:	90 e0       	ldi	r25, 0x00	; 0
    20a2:	02 2e       	mov	r0, r18
    20a4:	02 c0       	rjmp	.+4      	; 0x20aa <GPIO_voidSetPinValue+0xa6>
    20a6:	88 0f       	add	r24, r24
    20a8:	99 1f       	adc	r25, r25
    20aa:	0a 94       	dec	r0
    20ac:	e2 f7       	brpl	.-8      	; 0x20a6 <GPIO_voidSetPinValue+0xa2>
    20ae:	84 2b       	or	r24, r20
    20b0:	8c 93       	st	X, r24
    20b2:	9f c0       	rjmp	.+318    	; 0x21f2 <GPIO_voidSetPinValue+0x1ee>
		break;
		case PORT_u8C:SET_BIT(PORTC,Copy_u8PinNum);
    20b4:	a5 e3       	ldi	r26, 0x35	; 53
    20b6:	b0 e0       	ldi	r27, 0x00	; 0
    20b8:	e5 e3       	ldi	r30, 0x35	; 53
    20ba:	f0 e0       	ldi	r31, 0x00	; 0
    20bc:	80 81       	ld	r24, Z
    20be:	48 2f       	mov	r20, r24
    20c0:	8a 81       	ldd	r24, Y+2	; 0x02
    20c2:	28 2f       	mov	r18, r24
    20c4:	30 e0       	ldi	r19, 0x00	; 0
    20c6:	81 e0       	ldi	r24, 0x01	; 1
    20c8:	90 e0       	ldi	r25, 0x00	; 0
    20ca:	02 2e       	mov	r0, r18
    20cc:	02 c0       	rjmp	.+4      	; 0x20d2 <GPIO_voidSetPinValue+0xce>
    20ce:	88 0f       	add	r24, r24
    20d0:	99 1f       	adc	r25, r25
    20d2:	0a 94       	dec	r0
    20d4:	e2 f7       	brpl	.-8      	; 0x20ce <GPIO_voidSetPinValue+0xca>
    20d6:	84 2b       	or	r24, r20
    20d8:	8c 93       	st	X, r24
    20da:	8b c0       	rjmp	.+278    	; 0x21f2 <GPIO_voidSetPinValue+0x1ee>
		break;
		case PORT_u8D:SET_BIT(PORTD,Copy_u8PinNum);
    20dc:	a2 e3       	ldi	r26, 0x32	; 50
    20de:	b0 e0       	ldi	r27, 0x00	; 0
    20e0:	e2 e3       	ldi	r30, 0x32	; 50
    20e2:	f0 e0       	ldi	r31, 0x00	; 0
    20e4:	80 81       	ld	r24, Z
    20e6:	48 2f       	mov	r20, r24
    20e8:	8a 81       	ldd	r24, Y+2	; 0x02
    20ea:	28 2f       	mov	r18, r24
    20ec:	30 e0       	ldi	r19, 0x00	; 0
    20ee:	81 e0       	ldi	r24, 0x01	; 1
    20f0:	90 e0       	ldi	r25, 0x00	; 0
    20f2:	02 2e       	mov	r0, r18
    20f4:	02 c0       	rjmp	.+4      	; 0x20fa <GPIO_voidSetPinValue+0xf6>
    20f6:	88 0f       	add	r24, r24
    20f8:	99 1f       	adc	r25, r25
    20fa:	0a 94       	dec	r0
    20fc:	e2 f7       	brpl	.-8      	; 0x20f6 <GPIO_voidSetPinValue+0xf2>
    20fe:	84 2b       	or	r24, r20
    2100:	8c 93       	st	X, r24
    2102:	77 c0       	rjmp	.+238    	; 0x21f2 <GPIO_voidSetPinValue+0x1ee>
		break;
		}
	}
	else if(Copy_u8PinValue==PIN_LOW)
    2104:	8b 81       	ldd	r24, Y+3	; 0x03
    2106:	88 23       	and	r24, r24
    2108:	09 f0       	breq	.+2      	; 0x210c <GPIO_voidSetPinValue+0x108>
    210a:	73 c0       	rjmp	.+230    	; 0x21f2 <GPIO_voidSetPinValue+0x1ee>
	{
		switch(Copy_u8PortNum)
    210c:	89 81       	ldd	r24, Y+1	; 0x01
    210e:	28 2f       	mov	r18, r24
    2110:	30 e0       	ldi	r19, 0x00	; 0
    2112:	3d 83       	std	Y+5, r19	; 0x05
    2114:	2c 83       	std	Y+4, r18	; 0x04
    2116:	8c 81       	ldd	r24, Y+4	; 0x04
    2118:	9d 81       	ldd	r25, Y+5	; 0x05
    211a:	81 30       	cpi	r24, 0x01	; 1
    211c:	91 05       	cpc	r25, r1
    211e:	59 f1       	breq	.+86     	; 0x2176 <GPIO_voidSetPinValue+0x172>
    2120:	2c 81       	ldd	r18, Y+4	; 0x04
    2122:	3d 81       	ldd	r19, Y+5	; 0x05
    2124:	22 30       	cpi	r18, 0x02	; 2
    2126:	31 05       	cpc	r19, r1
    2128:	2c f4       	brge	.+10     	; 0x2134 <GPIO_voidSetPinValue+0x130>
    212a:	8c 81       	ldd	r24, Y+4	; 0x04
    212c:	9d 81       	ldd	r25, Y+5	; 0x05
    212e:	00 97       	sbiw	r24, 0x00	; 0
    2130:	69 f0       	breq	.+26     	; 0x214c <GPIO_voidSetPinValue+0x148>
    2132:	5f c0       	rjmp	.+190    	; 0x21f2 <GPIO_voidSetPinValue+0x1ee>
    2134:	2c 81       	ldd	r18, Y+4	; 0x04
    2136:	3d 81       	ldd	r19, Y+5	; 0x05
    2138:	22 30       	cpi	r18, 0x02	; 2
    213a:	31 05       	cpc	r19, r1
    213c:	89 f1       	breq	.+98     	; 0x21a0 <GPIO_voidSetPinValue+0x19c>
    213e:	8c 81       	ldd	r24, Y+4	; 0x04
    2140:	9d 81       	ldd	r25, Y+5	; 0x05
    2142:	83 30       	cpi	r24, 0x03	; 3
    2144:	91 05       	cpc	r25, r1
    2146:	09 f4       	brne	.+2      	; 0x214a <GPIO_voidSetPinValue+0x146>
    2148:	40 c0       	rjmp	.+128    	; 0x21ca <GPIO_voidSetPinValue+0x1c6>
    214a:	53 c0       	rjmp	.+166    	; 0x21f2 <GPIO_voidSetPinValue+0x1ee>
		{
		case PORT_u8A:CLEAR_BIT(PORTA,Copy_u8PinNum);
    214c:	ab e3       	ldi	r26, 0x3B	; 59
    214e:	b0 e0       	ldi	r27, 0x00	; 0
    2150:	eb e3       	ldi	r30, 0x3B	; 59
    2152:	f0 e0       	ldi	r31, 0x00	; 0
    2154:	80 81       	ld	r24, Z
    2156:	48 2f       	mov	r20, r24
    2158:	8a 81       	ldd	r24, Y+2	; 0x02
    215a:	28 2f       	mov	r18, r24
    215c:	30 e0       	ldi	r19, 0x00	; 0
    215e:	81 e0       	ldi	r24, 0x01	; 1
    2160:	90 e0       	ldi	r25, 0x00	; 0
    2162:	02 2e       	mov	r0, r18
    2164:	02 c0       	rjmp	.+4      	; 0x216a <GPIO_voidSetPinValue+0x166>
    2166:	88 0f       	add	r24, r24
    2168:	99 1f       	adc	r25, r25
    216a:	0a 94       	dec	r0
    216c:	e2 f7       	brpl	.-8      	; 0x2166 <GPIO_voidSetPinValue+0x162>
    216e:	80 95       	com	r24
    2170:	84 23       	and	r24, r20
    2172:	8c 93       	st	X, r24
    2174:	3e c0       	rjmp	.+124    	; 0x21f2 <GPIO_voidSetPinValue+0x1ee>
		break;
		case PORT_u8B:CLEAR_BIT(PORTB,Copy_u8PinNum);
    2176:	a8 e3       	ldi	r26, 0x38	; 56
    2178:	b0 e0       	ldi	r27, 0x00	; 0
    217a:	e8 e3       	ldi	r30, 0x38	; 56
    217c:	f0 e0       	ldi	r31, 0x00	; 0
    217e:	80 81       	ld	r24, Z
    2180:	48 2f       	mov	r20, r24
    2182:	8a 81       	ldd	r24, Y+2	; 0x02
    2184:	28 2f       	mov	r18, r24
    2186:	30 e0       	ldi	r19, 0x00	; 0
    2188:	81 e0       	ldi	r24, 0x01	; 1
    218a:	90 e0       	ldi	r25, 0x00	; 0
    218c:	02 2e       	mov	r0, r18
    218e:	02 c0       	rjmp	.+4      	; 0x2194 <GPIO_voidSetPinValue+0x190>
    2190:	88 0f       	add	r24, r24
    2192:	99 1f       	adc	r25, r25
    2194:	0a 94       	dec	r0
    2196:	e2 f7       	brpl	.-8      	; 0x2190 <GPIO_voidSetPinValue+0x18c>
    2198:	80 95       	com	r24
    219a:	84 23       	and	r24, r20
    219c:	8c 93       	st	X, r24
    219e:	29 c0       	rjmp	.+82     	; 0x21f2 <GPIO_voidSetPinValue+0x1ee>
		break;
		case PORT_u8C:CLEAR_BIT(PORTC,Copy_u8PinNum);
    21a0:	a5 e3       	ldi	r26, 0x35	; 53
    21a2:	b0 e0       	ldi	r27, 0x00	; 0
    21a4:	e5 e3       	ldi	r30, 0x35	; 53
    21a6:	f0 e0       	ldi	r31, 0x00	; 0
    21a8:	80 81       	ld	r24, Z
    21aa:	48 2f       	mov	r20, r24
    21ac:	8a 81       	ldd	r24, Y+2	; 0x02
    21ae:	28 2f       	mov	r18, r24
    21b0:	30 e0       	ldi	r19, 0x00	; 0
    21b2:	81 e0       	ldi	r24, 0x01	; 1
    21b4:	90 e0       	ldi	r25, 0x00	; 0
    21b6:	02 2e       	mov	r0, r18
    21b8:	02 c0       	rjmp	.+4      	; 0x21be <GPIO_voidSetPinValue+0x1ba>
    21ba:	88 0f       	add	r24, r24
    21bc:	99 1f       	adc	r25, r25
    21be:	0a 94       	dec	r0
    21c0:	e2 f7       	brpl	.-8      	; 0x21ba <GPIO_voidSetPinValue+0x1b6>
    21c2:	80 95       	com	r24
    21c4:	84 23       	and	r24, r20
    21c6:	8c 93       	st	X, r24
    21c8:	14 c0       	rjmp	.+40     	; 0x21f2 <GPIO_voidSetPinValue+0x1ee>
		break;
		case PORT_u8D:CLEAR_BIT(PORTD,Copy_u8PinNum);
    21ca:	a2 e3       	ldi	r26, 0x32	; 50
    21cc:	b0 e0       	ldi	r27, 0x00	; 0
    21ce:	e2 e3       	ldi	r30, 0x32	; 50
    21d0:	f0 e0       	ldi	r31, 0x00	; 0
    21d2:	80 81       	ld	r24, Z
    21d4:	48 2f       	mov	r20, r24
    21d6:	8a 81       	ldd	r24, Y+2	; 0x02
    21d8:	28 2f       	mov	r18, r24
    21da:	30 e0       	ldi	r19, 0x00	; 0
    21dc:	81 e0       	ldi	r24, 0x01	; 1
    21de:	90 e0       	ldi	r25, 0x00	; 0
    21e0:	02 2e       	mov	r0, r18
    21e2:	02 c0       	rjmp	.+4      	; 0x21e8 <GPIO_voidSetPinValue+0x1e4>
    21e4:	88 0f       	add	r24, r24
    21e6:	99 1f       	adc	r25, r25
    21e8:	0a 94       	dec	r0
    21ea:	e2 f7       	brpl	.-8      	; 0x21e4 <GPIO_voidSetPinValue+0x1e0>
    21ec:	80 95       	com	r24
    21ee:	84 23       	and	r24, r20
    21f0:	8c 93       	st	X, r24
		break;
		}
	}
}
    21f2:	27 96       	adiw	r28, 0x07	; 7
    21f4:	0f b6       	in	r0, 0x3f	; 63
    21f6:	f8 94       	cli
    21f8:	de bf       	out	0x3e, r29	; 62
    21fa:	0f be       	out	0x3f, r0	; 63
    21fc:	cd bf       	out	0x3d, r28	; 61
    21fe:	cf 91       	pop	r28
    2200:	df 91       	pop	r29
    2202:	08 95       	ret

00002204 <GPIO_u8GetPinValue>:

u8 GPIO_u8GetPinValue(u8 Copy_u8PortNum,u8 Copy_u8PinNum)
{
    2204:	df 93       	push	r29
    2206:	cf 93       	push	r28
    2208:	00 d0       	rcall	.+0      	; 0x220a <GPIO_u8GetPinValue+0x6>
    220a:	00 d0       	rcall	.+0      	; 0x220c <GPIO_u8GetPinValue+0x8>
    220c:	0f 92       	push	r0
    220e:	cd b7       	in	r28, 0x3d	; 61
    2210:	de b7       	in	r29, 0x3e	; 62
    2212:	8a 83       	std	Y+2, r24	; 0x02
    2214:	6b 83       	std	Y+3, r22	; 0x03
	u8 Local_u8PinState=0;
    2216:	19 82       	std	Y+1, r1	; 0x01
	switch(Copy_u8PortNum)
    2218:	8a 81       	ldd	r24, Y+2	; 0x02
    221a:	28 2f       	mov	r18, r24
    221c:	30 e0       	ldi	r19, 0x00	; 0
    221e:	3d 83       	std	Y+5, r19	; 0x05
    2220:	2c 83       	std	Y+4, r18	; 0x04
    2222:	4c 81       	ldd	r20, Y+4	; 0x04
    2224:	5d 81       	ldd	r21, Y+5	; 0x05
    2226:	41 30       	cpi	r20, 0x01	; 1
    2228:	51 05       	cpc	r21, r1
    222a:	41 f1       	breq	.+80     	; 0x227c <GPIO_u8GetPinValue+0x78>
    222c:	8c 81       	ldd	r24, Y+4	; 0x04
    222e:	9d 81       	ldd	r25, Y+5	; 0x05
    2230:	82 30       	cpi	r24, 0x02	; 2
    2232:	91 05       	cpc	r25, r1
    2234:	34 f4       	brge	.+12     	; 0x2242 <GPIO_u8GetPinValue+0x3e>
    2236:	2c 81       	ldd	r18, Y+4	; 0x04
    2238:	3d 81       	ldd	r19, Y+5	; 0x05
    223a:	21 15       	cp	r18, r1
    223c:	31 05       	cpc	r19, r1
    223e:	61 f0       	breq	.+24     	; 0x2258 <GPIO_u8GetPinValue+0x54>
    2240:	52 c0       	rjmp	.+164    	; 0x22e6 <GPIO_u8GetPinValue+0xe2>
    2242:	4c 81       	ldd	r20, Y+4	; 0x04
    2244:	5d 81       	ldd	r21, Y+5	; 0x05
    2246:	42 30       	cpi	r20, 0x02	; 2
    2248:	51 05       	cpc	r21, r1
    224a:	51 f1       	breq	.+84     	; 0x22a0 <GPIO_u8GetPinValue+0x9c>
    224c:	8c 81       	ldd	r24, Y+4	; 0x04
    224e:	9d 81       	ldd	r25, Y+5	; 0x05
    2250:	83 30       	cpi	r24, 0x03	; 3
    2252:	91 05       	cpc	r25, r1
    2254:	b9 f1       	breq	.+110    	; 0x22c4 <GPIO_u8GetPinValue+0xc0>
    2256:	47 c0       	rjmp	.+142    	; 0x22e6 <GPIO_u8GetPinValue+0xe2>
	{
	case PORT_u8A:Local_u8PinState=GET_BIT(PINA,Copy_u8PinNum);
    2258:	e9 e3       	ldi	r30, 0x39	; 57
    225a:	f0 e0       	ldi	r31, 0x00	; 0
    225c:	80 81       	ld	r24, Z
    225e:	28 2f       	mov	r18, r24
    2260:	30 e0       	ldi	r19, 0x00	; 0
    2262:	8b 81       	ldd	r24, Y+3	; 0x03
    2264:	88 2f       	mov	r24, r24
    2266:	90 e0       	ldi	r25, 0x00	; 0
    2268:	a9 01       	movw	r20, r18
    226a:	02 c0       	rjmp	.+4      	; 0x2270 <GPIO_u8GetPinValue+0x6c>
    226c:	55 95       	asr	r21
    226e:	47 95       	ror	r20
    2270:	8a 95       	dec	r24
    2272:	e2 f7       	brpl	.-8      	; 0x226c <GPIO_u8GetPinValue+0x68>
    2274:	ca 01       	movw	r24, r20
    2276:	81 70       	andi	r24, 0x01	; 1
    2278:	89 83       	std	Y+1, r24	; 0x01
    227a:	35 c0       	rjmp	.+106    	; 0x22e6 <GPIO_u8GetPinValue+0xe2>
	break;
	case PORT_u8B:Local_u8PinState=GET_BIT(PINB,Copy_u8PinNum);
    227c:	e6 e3       	ldi	r30, 0x36	; 54
    227e:	f0 e0       	ldi	r31, 0x00	; 0
    2280:	80 81       	ld	r24, Z
    2282:	28 2f       	mov	r18, r24
    2284:	30 e0       	ldi	r19, 0x00	; 0
    2286:	8b 81       	ldd	r24, Y+3	; 0x03
    2288:	88 2f       	mov	r24, r24
    228a:	90 e0       	ldi	r25, 0x00	; 0
    228c:	a9 01       	movw	r20, r18
    228e:	02 c0       	rjmp	.+4      	; 0x2294 <GPIO_u8GetPinValue+0x90>
    2290:	55 95       	asr	r21
    2292:	47 95       	ror	r20
    2294:	8a 95       	dec	r24
    2296:	e2 f7       	brpl	.-8      	; 0x2290 <GPIO_u8GetPinValue+0x8c>
    2298:	ca 01       	movw	r24, r20
    229a:	81 70       	andi	r24, 0x01	; 1
    229c:	89 83       	std	Y+1, r24	; 0x01
    229e:	23 c0       	rjmp	.+70     	; 0x22e6 <GPIO_u8GetPinValue+0xe2>
	break;
	case PORT_u8C:Local_u8PinState=GET_BIT(PINC,Copy_u8PinNum);
    22a0:	e3 e3       	ldi	r30, 0x33	; 51
    22a2:	f0 e0       	ldi	r31, 0x00	; 0
    22a4:	80 81       	ld	r24, Z
    22a6:	28 2f       	mov	r18, r24
    22a8:	30 e0       	ldi	r19, 0x00	; 0
    22aa:	8b 81       	ldd	r24, Y+3	; 0x03
    22ac:	88 2f       	mov	r24, r24
    22ae:	90 e0       	ldi	r25, 0x00	; 0
    22b0:	a9 01       	movw	r20, r18
    22b2:	02 c0       	rjmp	.+4      	; 0x22b8 <GPIO_u8GetPinValue+0xb4>
    22b4:	55 95       	asr	r21
    22b6:	47 95       	ror	r20
    22b8:	8a 95       	dec	r24
    22ba:	e2 f7       	brpl	.-8      	; 0x22b4 <GPIO_u8GetPinValue+0xb0>
    22bc:	ca 01       	movw	r24, r20
    22be:	81 70       	andi	r24, 0x01	; 1
    22c0:	89 83       	std	Y+1, r24	; 0x01
    22c2:	11 c0       	rjmp	.+34     	; 0x22e6 <GPIO_u8GetPinValue+0xe2>
	break;
	case PORT_u8D:Local_u8PinState=GET_BIT(PIND,Copy_u8PinNum);
    22c4:	e0 e3       	ldi	r30, 0x30	; 48
    22c6:	f0 e0       	ldi	r31, 0x00	; 0
    22c8:	80 81       	ld	r24, Z
    22ca:	28 2f       	mov	r18, r24
    22cc:	30 e0       	ldi	r19, 0x00	; 0
    22ce:	8b 81       	ldd	r24, Y+3	; 0x03
    22d0:	88 2f       	mov	r24, r24
    22d2:	90 e0       	ldi	r25, 0x00	; 0
    22d4:	a9 01       	movw	r20, r18
    22d6:	02 c0       	rjmp	.+4      	; 0x22dc <GPIO_u8GetPinValue+0xd8>
    22d8:	55 95       	asr	r21
    22da:	47 95       	ror	r20
    22dc:	8a 95       	dec	r24
    22de:	e2 f7       	brpl	.-8      	; 0x22d8 <GPIO_u8GetPinValue+0xd4>
    22e0:	ca 01       	movw	r24, r20
    22e2:	81 70       	andi	r24, 0x01	; 1
    22e4:	89 83       	std	Y+1, r24	; 0x01
	break;
	}

	return Local_u8PinState;
    22e6:	89 81       	ldd	r24, Y+1	; 0x01
}
    22e8:	0f 90       	pop	r0
    22ea:	0f 90       	pop	r0
    22ec:	0f 90       	pop	r0
    22ee:	0f 90       	pop	r0
    22f0:	0f 90       	pop	r0
    22f2:	cf 91       	pop	r28
    22f4:	df 91       	pop	r29
    22f6:	08 95       	ret

000022f8 <Timer_init>:
/*******************************************************************************
 *                          Functions Definitions                              *
 *******************************************************************************/

void Timer_init(const Timer_ConfigType *Config_Ptr)
{
    22f8:	df 93       	push	r29
    22fa:	cf 93       	push	r28
    22fc:	00 d0       	rcall	.+0      	; 0x22fe <Timer_init+0x6>
    22fe:	00 d0       	rcall	.+0      	; 0x2300 <Timer_init+0x8>
    2300:	cd b7       	in	r28, 0x3d	; 61
    2302:	de b7       	in	r29, 0x3e	; 62
    2304:	9a 83       	std	Y+2, r25	; 0x02
    2306:	89 83       	std	Y+1, r24	; 0x01
	switch (Config_Ptr->timer_ID)
    2308:	e9 81       	ldd	r30, Y+1	; 0x01
    230a:	fa 81       	ldd	r31, Y+2	; 0x02
    230c:	84 81       	ldd	r24, Z+4	; 0x04
    230e:	28 2f       	mov	r18, r24
    2310:	30 e0       	ldi	r19, 0x00	; 0
    2312:	3c 83       	std	Y+4, r19	; 0x04
    2314:	2b 83       	std	Y+3, r18	; 0x03
    2316:	8b 81       	ldd	r24, Y+3	; 0x03
    2318:	9c 81       	ldd	r25, Y+4	; 0x04
    231a:	81 30       	cpi	r24, 0x01	; 1
    231c:	91 05       	cpc	r25, r1
    231e:	09 f4       	brne	.+2      	; 0x2322 <Timer_init+0x2a>
    2320:	5c c0       	rjmp	.+184    	; 0x23da <Timer_init+0xe2>
    2322:	2b 81       	ldd	r18, Y+3	; 0x03
    2324:	3c 81       	ldd	r19, Y+4	; 0x04
    2326:	22 30       	cpi	r18, 0x02	; 2
    2328:	31 05       	cpc	r19, r1
    232a:	09 f4       	brne	.+2      	; 0x232e <Timer_init+0x36>
    232c:	c7 c0       	rjmp	.+398    	; 0x24bc <Timer_init+0x1c4>
    232e:	8b 81       	ldd	r24, Y+3	; 0x03
    2330:	9c 81       	ldd	r25, Y+4	; 0x04
    2332:	00 97       	sbiw	r24, 0x00	; 0
    2334:	09 f0       	breq	.+2      	; 0x2338 <Timer_init+0x40>
    2336:	12 c1       	rjmp	.+548    	; 0x255c <Timer_init+0x264>
	{
	case TIMER0_ID:
		/* Set initial value */
		TCNT0 = (u8)Config_Ptr->timer_InitialValue;
    2338:	a2 e5       	ldi	r26, 0x52	; 82
    233a:	b0 e0       	ldi	r27, 0x00	; 0
    233c:	e9 81       	ldd	r30, Y+1	; 0x01
    233e:	fa 81       	ldd	r31, Y+2	; 0x02
    2340:	80 81       	ld	r24, Z
    2342:	91 81       	ldd	r25, Z+1	; 0x01
    2344:	8c 93       	st	X, r24

		if (Config_Ptr->timer_mode == NORMAL_MODE)
    2346:	e9 81       	ldd	r30, Y+1	; 0x01
    2348:	fa 81       	ldd	r31, Y+2	; 0x02
    234a:	86 81       	ldd	r24, Z+6	; 0x06
    234c:	88 23       	and	r24, r24
    234e:	b1 f4       	brne	.+44     	; 0x237c <Timer_init+0x84>
		{
			/* Normal mode */
			CLEAR_BIT(TCCR0, WGM00);
    2350:	a3 e5       	ldi	r26, 0x53	; 83
    2352:	b0 e0       	ldi	r27, 0x00	; 0
    2354:	e3 e5       	ldi	r30, 0x53	; 83
    2356:	f0 e0       	ldi	r31, 0x00	; 0
    2358:	80 81       	ld	r24, Z
    235a:	8f 7b       	andi	r24, 0xBF	; 191
    235c:	8c 93       	st	X, r24
			CLEAR_BIT(TCCR0, WGM01);
    235e:	a3 e5       	ldi	r26, 0x53	; 83
    2360:	b0 e0       	ldi	r27, 0x00	; 0
    2362:	e3 e5       	ldi	r30, 0x53	; 83
    2364:	f0 e0       	ldi	r31, 0x00	; 0
    2366:	80 81       	ld	r24, Z
    2368:	87 7f       	andi	r24, 0xF7	; 247
    236a:	8c 93       	st	X, r24

			/* Enable overflow interrupt */
			SET_BIT(TIMSK, TOIE0);
    236c:	a9 e5       	ldi	r26, 0x59	; 89
    236e:	b0 e0       	ldi	r27, 0x00	; 0
    2370:	e9 e5       	ldi	r30, 0x59	; 89
    2372:	f0 e0       	ldi	r31, 0x00	; 0
    2374:	80 81       	ld	r24, Z
    2376:	81 60       	ori	r24, 0x01	; 1
    2378:	8c 93       	st	X, r24
    237a:	21 c0       	rjmp	.+66     	; 0x23be <Timer_init+0xc6>
		}
		else if (Config_Ptr->timer_mode == COMPARE_MODE)
    237c:	e9 81       	ldd	r30, Y+1	; 0x01
    237e:	fa 81       	ldd	r31, Y+2	; 0x02
    2380:	86 81       	ldd	r24, Z+6	; 0x06
    2382:	81 30       	cpi	r24, 0x01	; 1
    2384:	e1 f4       	brne	.+56     	; 0x23be <Timer_init+0xc6>
		{
			/* CTC mode */
			CLEAR_BIT(TCCR0, WGM00);
    2386:	a3 e5       	ldi	r26, 0x53	; 83
    2388:	b0 e0       	ldi	r27, 0x00	; 0
    238a:	e3 e5       	ldi	r30, 0x53	; 83
    238c:	f0 e0       	ldi	r31, 0x00	; 0
    238e:	80 81       	ld	r24, Z
    2390:	8f 7b       	andi	r24, 0xBF	; 191
    2392:	8c 93       	st	X, r24
			SET_BIT(TCCR0, WGM01);
    2394:	a3 e5       	ldi	r26, 0x53	; 83
    2396:	b0 e0       	ldi	r27, 0x00	; 0
    2398:	e3 e5       	ldi	r30, 0x53	; 83
    239a:	f0 e0       	ldi	r31, 0x00	; 0
    239c:	80 81       	ld	r24, Z
    239e:	88 60       	ori	r24, 0x08	; 8
    23a0:	8c 93       	st	X, r24

			/* Set Compare value */
			OCR0 = (u8)Config_Ptr->timer_Compare_MatchValue;
    23a2:	ac e5       	ldi	r26, 0x5C	; 92
    23a4:	b0 e0       	ldi	r27, 0x00	; 0
    23a6:	e9 81       	ldd	r30, Y+1	; 0x01
    23a8:	fa 81       	ldd	r31, Y+2	; 0x02
    23aa:	82 81       	ldd	r24, Z+2	; 0x02
    23ac:	93 81       	ldd	r25, Z+3	; 0x03
    23ae:	8c 93       	st	X, r24

			/* Enable compare interrupt */
			SET_BIT(TIMSK, OCIE0);
    23b0:	a9 e5       	ldi	r26, 0x59	; 89
    23b2:	b0 e0       	ldi	r27, 0x00	; 0
    23b4:	e9 e5       	ldi	r30, 0x59	; 89
    23b6:	f0 e0       	ldi	r31, 0x00	; 0
    23b8:	80 81       	ld	r24, Z
    23ba:	82 60       	ori	r24, 0x02	; 2
    23bc:	8c 93       	st	X, r24
		}

		/* Configure the clock */
		TCCR0 = (TCCR0 & 0xF8) | (Config_Ptr->timer_clock & 0x07);
    23be:	a3 e5       	ldi	r26, 0x53	; 83
    23c0:	b0 e0       	ldi	r27, 0x00	; 0
    23c2:	e3 e5       	ldi	r30, 0x53	; 83
    23c4:	f0 e0       	ldi	r31, 0x00	; 0
    23c6:	80 81       	ld	r24, Z
    23c8:	98 2f       	mov	r25, r24
    23ca:	98 7f       	andi	r25, 0xF8	; 248
    23cc:	e9 81       	ldd	r30, Y+1	; 0x01
    23ce:	fa 81       	ldd	r31, Y+2	; 0x02
    23d0:	85 81       	ldd	r24, Z+5	; 0x05
    23d2:	87 70       	andi	r24, 0x07	; 7
    23d4:	89 2b       	or	r24, r25
    23d6:	8c 93       	st	X, r24
    23d8:	c1 c0       	rjmp	.+386    	; 0x255c <Timer_init+0x264>
		break;

	case TIMER1_ID:
		/* Set initial value */
		TCNT1 = Config_Ptr->timer_InitialValue;
    23da:	ac e4       	ldi	r26, 0x4C	; 76
    23dc:	b0 e0       	ldi	r27, 0x00	; 0
    23de:	e9 81       	ldd	r30, Y+1	; 0x01
    23e0:	fa 81       	ldd	r31, Y+2	; 0x02
    23e2:	80 81       	ld	r24, Z
    23e4:	91 81       	ldd	r25, Z+1	; 0x01
    23e6:	11 96       	adiw	r26, 0x01	; 1
    23e8:	9c 93       	st	X, r25
    23ea:	8e 93       	st	-X, r24

		if (Config_Ptr->timer_mode == NORMAL_MODE)
    23ec:	e9 81       	ldd	r30, Y+1	; 0x01
    23ee:	fa 81       	ldd	r31, Y+2	; 0x02
    23f0:	86 81       	ldd	r24, Z+6	; 0x06
    23f2:	88 23       	and	r24, r24
    23f4:	21 f5       	brne	.+72     	; 0x243e <Timer_init+0x146>
		{
			/* Normal mode */
			CLEAR_BIT(TCCR1A, WGM10);
    23f6:	af e4       	ldi	r26, 0x4F	; 79
    23f8:	b0 e0       	ldi	r27, 0x00	; 0
    23fa:	ef e4       	ldi	r30, 0x4F	; 79
    23fc:	f0 e0       	ldi	r31, 0x00	; 0
    23fe:	80 81       	ld	r24, Z
    2400:	8e 7f       	andi	r24, 0xFE	; 254
    2402:	8c 93       	st	X, r24
			CLEAR_BIT(TCCR1A, WGM11);
    2404:	af e4       	ldi	r26, 0x4F	; 79
    2406:	b0 e0       	ldi	r27, 0x00	; 0
    2408:	ef e4       	ldi	r30, 0x4F	; 79
    240a:	f0 e0       	ldi	r31, 0x00	; 0
    240c:	80 81       	ld	r24, Z
    240e:	8d 7f       	andi	r24, 0xFD	; 253
    2410:	8c 93       	st	X, r24
			CLEAR_BIT(TCCR1B, WGM12);
    2412:	ae e4       	ldi	r26, 0x4E	; 78
    2414:	b0 e0       	ldi	r27, 0x00	; 0
    2416:	ee e4       	ldi	r30, 0x4E	; 78
    2418:	f0 e0       	ldi	r31, 0x00	; 0
    241a:	80 81       	ld	r24, Z
    241c:	87 7f       	andi	r24, 0xF7	; 247
    241e:	8c 93       	st	X, r24
			CLEAR_BIT(TCCR1B, WGM13);
    2420:	ae e4       	ldi	r26, 0x4E	; 78
    2422:	b0 e0       	ldi	r27, 0x00	; 0
    2424:	ee e4       	ldi	r30, 0x4E	; 78
    2426:	f0 e0       	ldi	r31, 0x00	; 0
    2428:	80 81       	ld	r24, Z
    242a:	8f 7e       	andi	r24, 0xEF	; 239
    242c:	8c 93       	st	X, r24

			/* Enable overflow interrupt */
			SET_BIT(TIMSK, TOIE1);
    242e:	a9 e5       	ldi	r26, 0x59	; 89
    2430:	b0 e0       	ldi	r27, 0x00	; 0
    2432:	e9 e5       	ldi	r30, 0x59	; 89
    2434:	f0 e0       	ldi	r31, 0x00	; 0
    2436:	80 81       	ld	r24, Z
    2438:	84 60       	ori	r24, 0x04	; 4
    243a:	8c 93       	st	X, r24
    243c:	31 c0       	rjmp	.+98     	; 0x24a0 <Timer_init+0x1a8>
		}
		else if (Config_Ptr->timer_mode == COMPARE_MODE)
    243e:	e9 81       	ldd	r30, Y+1	; 0x01
    2440:	fa 81       	ldd	r31, Y+2	; 0x02
    2442:	86 81       	ldd	r24, Z+6	; 0x06
    2444:	81 30       	cpi	r24, 0x01	; 1
    2446:	61 f5       	brne	.+88     	; 0x24a0 <Timer_init+0x1a8>
		{
			/* CTC mode (OCR1A as TOP) */
			CLEAR_BIT(TCCR1A, WGM10);
    2448:	af e4       	ldi	r26, 0x4F	; 79
    244a:	b0 e0       	ldi	r27, 0x00	; 0
    244c:	ef e4       	ldi	r30, 0x4F	; 79
    244e:	f0 e0       	ldi	r31, 0x00	; 0
    2450:	80 81       	ld	r24, Z
    2452:	8e 7f       	andi	r24, 0xFE	; 254
    2454:	8c 93       	st	X, r24
			CLEAR_BIT(TCCR1A, WGM11);
    2456:	af e4       	ldi	r26, 0x4F	; 79
    2458:	b0 e0       	ldi	r27, 0x00	; 0
    245a:	ef e4       	ldi	r30, 0x4F	; 79
    245c:	f0 e0       	ldi	r31, 0x00	; 0
    245e:	80 81       	ld	r24, Z
    2460:	8d 7f       	andi	r24, 0xFD	; 253
    2462:	8c 93       	st	X, r24
			SET_BIT(TCCR1B, WGM12);
    2464:	ae e4       	ldi	r26, 0x4E	; 78
    2466:	b0 e0       	ldi	r27, 0x00	; 0
    2468:	ee e4       	ldi	r30, 0x4E	; 78
    246a:	f0 e0       	ldi	r31, 0x00	; 0
    246c:	80 81       	ld	r24, Z
    246e:	88 60       	ori	r24, 0x08	; 8
    2470:	8c 93       	st	X, r24
			CLEAR_BIT(TCCR1B, WGM13);
    2472:	ae e4       	ldi	r26, 0x4E	; 78
    2474:	b0 e0       	ldi	r27, 0x00	; 0
    2476:	ee e4       	ldi	r30, 0x4E	; 78
    2478:	f0 e0       	ldi	r31, 0x00	; 0
    247a:	80 81       	ld	r24, Z
    247c:	8f 7e       	andi	r24, 0xEF	; 239
    247e:	8c 93       	st	X, r24

			/* Set Compare value */
			OCR1A = Config_Ptr->timer_Compare_MatchValue;
    2480:	aa e4       	ldi	r26, 0x4A	; 74
    2482:	b0 e0       	ldi	r27, 0x00	; 0
    2484:	e9 81       	ldd	r30, Y+1	; 0x01
    2486:	fa 81       	ldd	r31, Y+2	; 0x02
    2488:	82 81       	ldd	r24, Z+2	; 0x02
    248a:	93 81       	ldd	r25, Z+3	; 0x03
    248c:	11 96       	adiw	r26, 0x01	; 1
    248e:	9c 93       	st	X, r25
    2490:	8e 93       	st	-X, r24

			/* Enable compare A interrupt */
			SET_BIT(TIMSK, OCIE1A);
    2492:	a9 e5       	ldi	r26, 0x59	; 89
    2494:	b0 e0       	ldi	r27, 0x00	; 0
    2496:	e9 e5       	ldi	r30, 0x59	; 89
    2498:	f0 e0       	ldi	r31, 0x00	; 0
    249a:	80 81       	ld	r24, Z
    249c:	80 61       	ori	r24, 0x10	; 16
    249e:	8c 93       	st	X, r24
		}

		/* Configure the clock */
		TCCR1B = (TCCR1B & 0xF8) | (Config_Ptr->timer_clock & 0x07);
    24a0:	ae e4       	ldi	r26, 0x4E	; 78
    24a2:	b0 e0       	ldi	r27, 0x00	; 0
    24a4:	ee e4       	ldi	r30, 0x4E	; 78
    24a6:	f0 e0       	ldi	r31, 0x00	; 0
    24a8:	80 81       	ld	r24, Z
    24aa:	98 2f       	mov	r25, r24
    24ac:	98 7f       	andi	r25, 0xF8	; 248
    24ae:	e9 81       	ldd	r30, Y+1	; 0x01
    24b0:	fa 81       	ldd	r31, Y+2	; 0x02
    24b2:	85 81       	ldd	r24, Z+5	; 0x05
    24b4:	87 70       	andi	r24, 0x07	; 7
    24b6:	89 2b       	or	r24, r25
    24b8:	8c 93       	st	X, r24
    24ba:	50 c0       	rjmp	.+160    	; 0x255c <Timer_init+0x264>
		break;

	case TIMER2_ID:
		/* Set initial value */
		TCNT2 = (u8)Config_Ptr->timer_InitialValue;
    24bc:	a4 e4       	ldi	r26, 0x44	; 68
    24be:	b0 e0       	ldi	r27, 0x00	; 0
    24c0:	e9 81       	ldd	r30, Y+1	; 0x01
    24c2:	fa 81       	ldd	r31, Y+2	; 0x02
    24c4:	80 81       	ld	r24, Z
    24c6:	91 81       	ldd	r25, Z+1	; 0x01
    24c8:	8c 93       	st	X, r24

		if (Config_Ptr->timer_mode == NORMAL_MODE)
    24ca:	e9 81       	ldd	r30, Y+1	; 0x01
    24cc:	fa 81       	ldd	r31, Y+2	; 0x02
    24ce:	86 81       	ldd	r24, Z+6	; 0x06
    24d0:	88 23       	and	r24, r24
    24d2:	b1 f4       	brne	.+44     	; 0x2500 <Timer_init+0x208>
		{
			CLEAR_BIT(TCCR2, WGM20);
    24d4:	a5 e4       	ldi	r26, 0x45	; 69
    24d6:	b0 e0       	ldi	r27, 0x00	; 0
    24d8:	e5 e4       	ldi	r30, 0x45	; 69
    24da:	f0 e0       	ldi	r31, 0x00	; 0
    24dc:	80 81       	ld	r24, Z
    24de:	8f 7b       	andi	r24, 0xBF	; 191
    24e0:	8c 93       	st	X, r24
			CLEAR_BIT(TCCR2, WGM21);
    24e2:	a5 e4       	ldi	r26, 0x45	; 69
    24e4:	b0 e0       	ldi	r27, 0x00	; 0
    24e6:	e5 e4       	ldi	r30, 0x45	; 69
    24e8:	f0 e0       	ldi	r31, 0x00	; 0
    24ea:	80 81       	ld	r24, Z
    24ec:	87 7f       	andi	r24, 0xF7	; 247
    24ee:	8c 93       	st	X, r24
			SET_BIT(TIMSK, TOIE2);
    24f0:	a9 e5       	ldi	r26, 0x59	; 89
    24f2:	b0 e0       	ldi	r27, 0x00	; 0
    24f4:	e9 e5       	ldi	r30, 0x59	; 89
    24f6:	f0 e0       	ldi	r31, 0x00	; 0
    24f8:	80 81       	ld	r24, Z
    24fa:	80 64       	ori	r24, 0x40	; 64
    24fc:	8c 93       	st	X, r24
    24fe:	21 c0       	rjmp	.+66     	; 0x2542 <Timer_init+0x24a>
		}
		else if (Config_Ptr->timer_mode == COMPARE_MODE)
    2500:	e9 81       	ldd	r30, Y+1	; 0x01
    2502:	fa 81       	ldd	r31, Y+2	; 0x02
    2504:	86 81       	ldd	r24, Z+6	; 0x06
    2506:	81 30       	cpi	r24, 0x01	; 1
    2508:	e1 f4       	brne	.+56     	; 0x2542 <Timer_init+0x24a>
		{
			CLEAR_BIT(TCCR2, WGM20);
    250a:	a5 e4       	ldi	r26, 0x45	; 69
    250c:	b0 e0       	ldi	r27, 0x00	; 0
    250e:	e5 e4       	ldi	r30, 0x45	; 69
    2510:	f0 e0       	ldi	r31, 0x00	; 0
    2512:	80 81       	ld	r24, Z
    2514:	8f 7b       	andi	r24, 0xBF	; 191
    2516:	8c 93       	st	X, r24
			SET_BIT(TCCR2, WGM21);
    2518:	a5 e4       	ldi	r26, 0x45	; 69
    251a:	b0 e0       	ldi	r27, 0x00	; 0
    251c:	e5 e4       	ldi	r30, 0x45	; 69
    251e:	f0 e0       	ldi	r31, 0x00	; 0
    2520:	80 81       	ld	r24, Z
    2522:	88 60       	ori	r24, 0x08	; 8
    2524:	8c 93       	st	X, r24
			OCR2 = (u8)Config_Ptr->timer_Compare_MatchValue;
    2526:	a3 e4       	ldi	r26, 0x43	; 67
    2528:	b0 e0       	ldi	r27, 0x00	; 0
    252a:	e9 81       	ldd	r30, Y+1	; 0x01
    252c:	fa 81       	ldd	r31, Y+2	; 0x02
    252e:	82 81       	ldd	r24, Z+2	; 0x02
    2530:	93 81       	ldd	r25, Z+3	; 0x03
    2532:	8c 93       	st	X, r24
			SET_BIT(TIMSK, OCIE2);
    2534:	a9 e5       	ldi	r26, 0x59	; 89
    2536:	b0 e0       	ldi	r27, 0x00	; 0
    2538:	e9 e5       	ldi	r30, 0x59	; 89
    253a:	f0 e0       	ldi	r31, 0x00	; 0
    253c:	80 81       	ld	r24, Z
    253e:	80 68       	ori	r24, 0x80	; 128
    2540:	8c 93       	st	X, r24
		}

		/* Configure clock */
		TCCR2 = (TCCR2 & 0xF8) | (Config_Ptr->timer_clock & 0x07);
    2542:	a5 e4       	ldi	r26, 0x45	; 69
    2544:	b0 e0       	ldi	r27, 0x00	; 0
    2546:	e5 e4       	ldi	r30, 0x45	; 69
    2548:	f0 e0       	ldi	r31, 0x00	; 0
    254a:	80 81       	ld	r24, Z
    254c:	98 2f       	mov	r25, r24
    254e:	98 7f       	andi	r25, 0xF8	; 248
    2550:	e9 81       	ldd	r30, Y+1	; 0x01
    2552:	fa 81       	ldd	r31, Y+2	; 0x02
    2554:	85 81       	ldd	r24, Z+5	; 0x05
    2556:	87 70       	andi	r24, 0x07	; 7
    2558:	89 2b       	or	r24, r25
    255a:	8c 93       	st	X, r24
		break;
	}
}
    255c:	0f 90       	pop	r0
    255e:	0f 90       	pop	r0
    2560:	0f 90       	pop	r0
    2562:	0f 90       	pop	r0
    2564:	cf 91       	pop	r28
    2566:	df 91       	pop	r29
    2568:	08 95       	ret

0000256a <Timer_deInit>:

void Timer_deInit(Timer_ID_Type timer_type)
{
    256a:	df 93       	push	r29
    256c:	cf 93       	push	r28
    256e:	00 d0       	rcall	.+0      	; 0x2570 <Timer_deInit+0x6>
    2570:	0f 92       	push	r0
    2572:	cd b7       	in	r28, 0x3d	; 61
    2574:	de b7       	in	r29, 0x3e	; 62
    2576:	89 83       	std	Y+1, r24	; 0x01
	switch (timer_type)
    2578:	89 81       	ldd	r24, Y+1	; 0x01
    257a:	28 2f       	mov	r18, r24
    257c:	30 e0       	ldi	r19, 0x00	; 0
    257e:	3b 83       	std	Y+3, r19	; 0x03
    2580:	2a 83       	std	Y+2, r18	; 0x02
    2582:	8a 81       	ldd	r24, Y+2	; 0x02
    2584:	9b 81       	ldd	r25, Y+3	; 0x03
    2586:	81 30       	cpi	r24, 0x01	; 1
    2588:	91 05       	cpc	r25, r1
    258a:	f9 f0       	breq	.+62     	; 0x25ca <Timer_deInit+0x60>
    258c:	2a 81       	ldd	r18, Y+2	; 0x02
    258e:	3b 81       	ldd	r19, Y+3	; 0x03
    2590:	22 30       	cpi	r18, 0x02	; 2
    2592:	31 05       	cpc	r19, r1
    2594:	99 f1       	breq	.+102    	; 0x25fc <Timer_deInit+0x92>
    2596:	8a 81       	ldd	r24, Y+2	; 0x02
    2598:	9b 81       	ldd	r25, Y+3	; 0x03
    259a:	00 97       	sbiw	r24, 0x00	; 0
    259c:	09 f0       	breq	.+2      	; 0x25a0 <Timer_deInit+0x36>
    259e:	42 c0       	rjmp	.+132    	; 0x2624 <Timer_deInit+0xba>
	{
	case TIMER0_ID:
		TCCR0 = 0;
    25a0:	e3 e5       	ldi	r30, 0x53	; 83
    25a2:	f0 e0       	ldi	r31, 0x00	; 0
    25a4:	10 82       	st	Z, r1
		TCNT0 = 0;
    25a6:	e2 e5       	ldi	r30, 0x52	; 82
    25a8:	f0 e0       	ldi	r31, 0x00	; 0
    25aa:	10 82       	st	Z, r1
		CLEAR_BIT(TIMSK, TOIE0);
    25ac:	a9 e5       	ldi	r26, 0x59	; 89
    25ae:	b0 e0       	ldi	r27, 0x00	; 0
    25b0:	e9 e5       	ldi	r30, 0x59	; 89
    25b2:	f0 e0       	ldi	r31, 0x00	; 0
    25b4:	80 81       	ld	r24, Z
    25b6:	8e 7f       	andi	r24, 0xFE	; 254
    25b8:	8c 93       	st	X, r24
		CLEAR_BIT(TIMSK, OCIE0);
    25ba:	a9 e5       	ldi	r26, 0x59	; 89
    25bc:	b0 e0       	ldi	r27, 0x00	; 0
    25be:	e9 e5       	ldi	r30, 0x59	; 89
    25c0:	f0 e0       	ldi	r31, 0x00	; 0
    25c2:	80 81       	ld	r24, Z
    25c4:	8d 7f       	andi	r24, 0xFD	; 253
    25c6:	8c 93       	st	X, r24
    25c8:	2d c0       	rjmp	.+90     	; 0x2624 <Timer_deInit+0xba>
		break;

	case TIMER1_ID:
		TCCR1A = 0;
    25ca:	ef e4       	ldi	r30, 0x4F	; 79
    25cc:	f0 e0       	ldi	r31, 0x00	; 0
    25ce:	10 82       	st	Z, r1
		TCCR1B = 0;
    25d0:	ee e4       	ldi	r30, 0x4E	; 78
    25d2:	f0 e0       	ldi	r31, 0x00	; 0
    25d4:	10 82       	st	Z, r1
		TCNT1 = 0;
    25d6:	ec e4       	ldi	r30, 0x4C	; 76
    25d8:	f0 e0       	ldi	r31, 0x00	; 0
    25da:	11 82       	std	Z+1, r1	; 0x01
    25dc:	10 82       	st	Z, r1
		CLEAR_BIT(TIMSK, TOIE1);
    25de:	a9 e5       	ldi	r26, 0x59	; 89
    25e0:	b0 e0       	ldi	r27, 0x00	; 0
    25e2:	e9 e5       	ldi	r30, 0x59	; 89
    25e4:	f0 e0       	ldi	r31, 0x00	; 0
    25e6:	80 81       	ld	r24, Z
    25e8:	8b 7f       	andi	r24, 0xFB	; 251
    25ea:	8c 93       	st	X, r24
		CLEAR_BIT(TIMSK, OCIE1A);
    25ec:	a9 e5       	ldi	r26, 0x59	; 89
    25ee:	b0 e0       	ldi	r27, 0x00	; 0
    25f0:	e9 e5       	ldi	r30, 0x59	; 89
    25f2:	f0 e0       	ldi	r31, 0x00	; 0
    25f4:	80 81       	ld	r24, Z
    25f6:	8f 7e       	andi	r24, 0xEF	; 239
    25f8:	8c 93       	st	X, r24
    25fa:	14 c0       	rjmp	.+40     	; 0x2624 <Timer_deInit+0xba>
		break;

	case TIMER2_ID:
		TCCR2 = 0;
    25fc:	e5 e4       	ldi	r30, 0x45	; 69
    25fe:	f0 e0       	ldi	r31, 0x00	; 0
    2600:	10 82       	st	Z, r1
		TCNT2 = 0;
    2602:	e4 e4       	ldi	r30, 0x44	; 68
    2604:	f0 e0       	ldi	r31, 0x00	; 0
    2606:	10 82       	st	Z, r1
		CLEAR_BIT(TIMSK, TOIE2);
    2608:	a9 e5       	ldi	r26, 0x59	; 89
    260a:	b0 e0       	ldi	r27, 0x00	; 0
    260c:	e9 e5       	ldi	r30, 0x59	; 89
    260e:	f0 e0       	ldi	r31, 0x00	; 0
    2610:	80 81       	ld	r24, Z
    2612:	8f 7b       	andi	r24, 0xBF	; 191
    2614:	8c 93       	st	X, r24
		CLEAR_BIT(TIMSK, OCIE2);
    2616:	a9 e5       	ldi	r26, 0x59	; 89
    2618:	b0 e0       	ldi	r27, 0x00	; 0
    261a:	e9 e5       	ldi	r30, 0x59	; 89
    261c:	f0 e0       	ldi	r31, 0x00	; 0
    261e:	80 81       	ld	r24, Z
    2620:	8f 77       	andi	r24, 0x7F	; 127
    2622:	8c 93       	st	X, r24
		break;
	}
}
    2624:	0f 90       	pop	r0
    2626:	0f 90       	pop	r0
    2628:	0f 90       	pop	r0
    262a:	cf 91       	pop	r28
    262c:	df 91       	pop	r29
    262e:	08 95       	ret

00002630 <Timer_setCallBack>:

void Timer_setCallBack(void(*a_ptr)(void), Timer_ID_Type a_timer_ID)
{
    2630:	df 93       	push	r29
    2632:	cf 93       	push	r28
    2634:	00 d0       	rcall	.+0      	; 0x2636 <Timer_setCallBack+0x6>
    2636:	00 d0       	rcall	.+0      	; 0x2638 <Timer_setCallBack+0x8>
    2638:	0f 92       	push	r0
    263a:	cd b7       	in	r28, 0x3d	; 61
    263c:	de b7       	in	r29, 0x3e	; 62
    263e:	9a 83       	std	Y+2, r25	; 0x02
    2640:	89 83       	std	Y+1, r24	; 0x01
    2642:	6b 83       	std	Y+3, r22	; 0x03
	switch (a_timer_ID)
    2644:	8b 81       	ldd	r24, Y+3	; 0x03
    2646:	28 2f       	mov	r18, r24
    2648:	30 e0       	ldi	r19, 0x00	; 0
    264a:	3d 83       	std	Y+5, r19	; 0x05
    264c:	2c 83       	std	Y+4, r18	; 0x04
    264e:	8c 81       	ldd	r24, Y+4	; 0x04
    2650:	9d 81       	ldd	r25, Y+5	; 0x05
    2652:	81 30       	cpi	r24, 0x01	; 1
    2654:	91 05       	cpc	r25, r1
    2656:	81 f0       	breq	.+32     	; 0x2678 <Timer_setCallBack+0x48>
    2658:	2c 81       	ldd	r18, Y+4	; 0x04
    265a:	3d 81       	ldd	r19, Y+5	; 0x05
    265c:	22 30       	cpi	r18, 0x02	; 2
    265e:	31 05       	cpc	r19, r1
    2660:	91 f0       	breq	.+36     	; 0x2686 <Timer_setCallBack+0x56>
    2662:	8c 81       	ldd	r24, Y+4	; 0x04
    2664:	9d 81       	ldd	r25, Y+5	; 0x05
    2666:	00 97       	sbiw	r24, 0x00	; 0
    2668:	a1 f4       	brne	.+40     	; 0x2692 <Timer_setCallBack+0x62>
	{
	case TIMER0_ID: g_Timer0_CallBackPtr = a_ptr; break;
    266a:	89 81       	ldd	r24, Y+1	; 0x01
    266c:	9a 81       	ldd	r25, Y+2	; 0x02
    266e:	90 93 48 02 	sts	0x0248, r25
    2672:	80 93 47 02 	sts	0x0247, r24
    2676:	0d c0       	rjmp	.+26     	; 0x2692 <Timer_setCallBack+0x62>
	case TIMER1_ID: g_Timer1_CallBackPtr = a_ptr; break;
    2678:	89 81       	ldd	r24, Y+1	; 0x01
    267a:	9a 81       	ldd	r25, Y+2	; 0x02
    267c:	90 93 4a 02 	sts	0x024A, r25
    2680:	80 93 49 02 	sts	0x0249, r24
    2684:	06 c0       	rjmp	.+12     	; 0x2692 <Timer_setCallBack+0x62>
	case TIMER2_ID: g_Timer2_CallBackPtr = a_ptr; break;
    2686:	89 81       	ldd	r24, Y+1	; 0x01
    2688:	9a 81       	ldd	r25, Y+2	; 0x02
    268a:	90 93 4c 02 	sts	0x024C, r25
    268e:	80 93 4b 02 	sts	0x024B, r24
	}
}
    2692:	0f 90       	pop	r0
    2694:	0f 90       	pop	r0
    2696:	0f 90       	pop	r0
    2698:	0f 90       	pop	r0
    269a:	0f 90       	pop	r0
    269c:	cf 91       	pop	r28
    269e:	df 91       	pop	r29
    26a0:	08 95       	ret

000026a2 <__vector_11>:
 *                          ISR Definitions                                    *
 *******************************************************************************/

/* Timer0 Overflow */
ISR(TIMER0_OVF_vect)
{
    26a2:	1f 92       	push	r1
    26a4:	0f 92       	push	r0
    26a6:	0f b6       	in	r0, 0x3f	; 63
    26a8:	0f 92       	push	r0
    26aa:	11 24       	eor	r1, r1
    26ac:	2f 93       	push	r18
    26ae:	3f 93       	push	r19
    26b0:	4f 93       	push	r20
    26b2:	5f 93       	push	r21
    26b4:	6f 93       	push	r22
    26b6:	7f 93       	push	r23
    26b8:	8f 93       	push	r24
    26ba:	9f 93       	push	r25
    26bc:	af 93       	push	r26
    26be:	bf 93       	push	r27
    26c0:	ef 93       	push	r30
    26c2:	ff 93       	push	r31
    26c4:	df 93       	push	r29
    26c6:	cf 93       	push	r28
    26c8:	cd b7       	in	r28, 0x3d	; 61
    26ca:	de b7       	in	r29, 0x3e	; 62
	if (g_Timer0_CallBackPtr != NULL_PTR)
    26cc:	80 91 47 02 	lds	r24, 0x0247
    26d0:	90 91 48 02 	lds	r25, 0x0248
    26d4:	00 97       	sbiw	r24, 0x00	; 0
    26d6:	29 f0       	breq	.+10     	; 0x26e2 <__vector_11+0x40>
		(*g_Timer0_CallBackPtr)();
    26d8:	e0 91 47 02 	lds	r30, 0x0247
    26dc:	f0 91 48 02 	lds	r31, 0x0248
    26e0:	09 95       	icall
}
    26e2:	cf 91       	pop	r28
    26e4:	df 91       	pop	r29
    26e6:	ff 91       	pop	r31
    26e8:	ef 91       	pop	r30
    26ea:	bf 91       	pop	r27
    26ec:	af 91       	pop	r26
    26ee:	9f 91       	pop	r25
    26f0:	8f 91       	pop	r24
    26f2:	7f 91       	pop	r23
    26f4:	6f 91       	pop	r22
    26f6:	5f 91       	pop	r21
    26f8:	4f 91       	pop	r20
    26fa:	3f 91       	pop	r19
    26fc:	2f 91       	pop	r18
    26fe:	0f 90       	pop	r0
    2700:	0f be       	out	0x3f, r0	; 63
    2702:	0f 90       	pop	r0
    2704:	1f 90       	pop	r1
    2706:	18 95       	reti

00002708 <__vector_10>:

/* Timer0 Compare Match */
ISR(TIMER0_COMP_vect)
{
    2708:	1f 92       	push	r1
    270a:	0f 92       	push	r0
    270c:	0f b6       	in	r0, 0x3f	; 63
    270e:	0f 92       	push	r0
    2710:	11 24       	eor	r1, r1
    2712:	2f 93       	push	r18
    2714:	3f 93       	push	r19
    2716:	4f 93       	push	r20
    2718:	5f 93       	push	r21
    271a:	6f 93       	push	r22
    271c:	7f 93       	push	r23
    271e:	8f 93       	push	r24
    2720:	9f 93       	push	r25
    2722:	af 93       	push	r26
    2724:	bf 93       	push	r27
    2726:	ef 93       	push	r30
    2728:	ff 93       	push	r31
    272a:	df 93       	push	r29
    272c:	cf 93       	push	r28
    272e:	cd b7       	in	r28, 0x3d	; 61
    2730:	de b7       	in	r29, 0x3e	; 62
	if (g_Timer0_CallBackPtr != NULL_PTR)
    2732:	80 91 47 02 	lds	r24, 0x0247
    2736:	90 91 48 02 	lds	r25, 0x0248
    273a:	00 97       	sbiw	r24, 0x00	; 0
    273c:	29 f0       	breq	.+10     	; 0x2748 <__vector_10+0x40>
		(*g_Timer0_CallBackPtr)();
    273e:	e0 91 47 02 	lds	r30, 0x0247
    2742:	f0 91 48 02 	lds	r31, 0x0248
    2746:	09 95       	icall
}
    2748:	cf 91       	pop	r28
    274a:	df 91       	pop	r29
    274c:	ff 91       	pop	r31
    274e:	ef 91       	pop	r30
    2750:	bf 91       	pop	r27
    2752:	af 91       	pop	r26
    2754:	9f 91       	pop	r25
    2756:	8f 91       	pop	r24
    2758:	7f 91       	pop	r23
    275a:	6f 91       	pop	r22
    275c:	5f 91       	pop	r21
    275e:	4f 91       	pop	r20
    2760:	3f 91       	pop	r19
    2762:	2f 91       	pop	r18
    2764:	0f 90       	pop	r0
    2766:	0f be       	out	0x3f, r0	; 63
    2768:	0f 90       	pop	r0
    276a:	1f 90       	pop	r1
    276c:	18 95       	reti

0000276e <__vector_9>:

/* Timer1 Overflow */
ISR(TIMER1_OVF_vect)
{
    276e:	1f 92       	push	r1
    2770:	0f 92       	push	r0
    2772:	0f b6       	in	r0, 0x3f	; 63
    2774:	0f 92       	push	r0
    2776:	11 24       	eor	r1, r1
    2778:	2f 93       	push	r18
    277a:	3f 93       	push	r19
    277c:	4f 93       	push	r20
    277e:	5f 93       	push	r21
    2780:	6f 93       	push	r22
    2782:	7f 93       	push	r23
    2784:	8f 93       	push	r24
    2786:	9f 93       	push	r25
    2788:	af 93       	push	r26
    278a:	bf 93       	push	r27
    278c:	ef 93       	push	r30
    278e:	ff 93       	push	r31
    2790:	df 93       	push	r29
    2792:	cf 93       	push	r28
    2794:	cd b7       	in	r28, 0x3d	; 61
    2796:	de b7       	in	r29, 0x3e	; 62
	if (g_Timer1_CallBackPtr != NULL_PTR)
    2798:	80 91 49 02 	lds	r24, 0x0249
    279c:	90 91 4a 02 	lds	r25, 0x024A
    27a0:	00 97       	sbiw	r24, 0x00	; 0
    27a2:	29 f0       	breq	.+10     	; 0x27ae <__vector_9+0x40>
		(*g_Timer1_CallBackPtr)();
    27a4:	e0 91 49 02 	lds	r30, 0x0249
    27a8:	f0 91 4a 02 	lds	r31, 0x024A
    27ac:	09 95       	icall
}
    27ae:	cf 91       	pop	r28
    27b0:	df 91       	pop	r29
    27b2:	ff 91       	pop	r31
    27b4:	ef 91       	pop	r30
    27b6:	bf 91       	pop	r27
    27b8:	af 91       	pop	r26
    27ba:	9f 91       	pop	r25
    27bc:	8f 91       	pop	r24
    27be:	7f 91       	pop	r23
    27c0:	6f 91       	pop	r22
    27c2:	5f 91       	pop	r21
    27c4:	4f 91       	pop	r20
    27c6:	3f 91       	pop	r19
    27c8:	2f 91       	pop	r18
    27ca:	0f 90       	pop	r0
    27cc:	0f be       	out	0x3f, r0	; 63
    27ce:	0f 90       	pop	r0
    27d0:	1f 90       	pop	r1
    27d2:	18 95       	reti

000027d4 <__vector_7>:

/* Timer1 Compare Match A */
ISR(TIMER1_COMPA_vect)
{
    27d4:	1f 92       	push	r1
    27d6:	0f 92       	push	r0
    27d8:	0f b6       	in	r0, 0x3f	; 63
    27da:	0f 92       	push	r0
    27dc:	11 24       	eor	r1, r1
    27de:	2f 93       	push	r18
    27e0:	3f 93       	push	r19
    27e2:	4f 93       	push	r20
    27e4:	5f 93       	push	r21
    27e6:	6f 93       	push	r22
    27e8:	7f 93       	push	r23
    27ea:	8f 93       	push	r24
    27ec:	9f 93       	push	r25
    27ee:	af 93       	push	r26
    27f0:	bf 93       	push	r27
    27f2:	ef 93       	push	r30
    27f4:	ff 93       	push	r31
    27f6:	df 93       	push	r29
    27f8:	cf 93       	push	r28
    27fa:	cd b7       	in	r28, 0x3d	; 61
    27fc:	de b7       	in	r29, 0x3e	; 62
	if (g_Timer1_CallBackPtr != NULL_PTR)
    27fe:	80 91 49 02 	lds	r24, 0x0249
    2802:	90 91 4a 02 	lds	r25, 0x024A
    2806:	00 97       	sbiw	r24, 0x00	; 0
    2808:	29 f0       	breq	.+10     	; 0x2814 <__vector_7+0x40>
		(*g_Timer1_CallBackPtr)();
    280a:	e0 91 49 02 	lds	r30, 0x0249
    280e:	f0 91 4a 02 	lds	r31, 0x024A
    2812:	09 95       	icall
}
    2814:	cf 91       	pop	r28
    2816:	df 91       	pop	r29
    2818:	ff 91       	pop	r31
    281a:	ef 91       	pop	r30
    281c:	bf 91       	pop	r27
    281e:	af 91       	pop	r26
    2820:	9f 91       	pop	r25
    2822:	8f 91       	pop	r24
    2824:	7f 91       	pop	r23
    2826:	6f 91       	pop	r22
    2828:	5f 91       	pop	r21
    282a:	4f 91       	pop	r20
    282c:	3f 91       	pop	r19
    282e:	2f 91       	pop	r18
    2830:	0f 90       	pop	r0
    2832:	0f be       	out	0x3f, r0	; 63
    2834:	0f 90       	pop	r0
    2836:	1f 90       	pop	r1
    2838:	18 95       	reti

0000283a <__vector_5>:

/* Timer2 Overflow */
ISR(TIMER2_OVF_vect)
{
    283a:	1f 92       	push	r1
    283c:	0f 92       	push	r0
    283e:	0f b6       	in	r0, 0x3f	; 63
    2840:	0f 92       	push	r0
    2842:	11 24       	eor	r1, r1
    2844:	2f 93       	push	r18
    2846:	3f 93       	push	r19
    2848:	4f 93       	push	r20
    284a:	5f 93       	push	r21
    284c:	6f 93       	push	r22
    284e:	7f 93       	push	r23
    2850:	8f 93       	push	r24
    2852:	9f 93       	push	r25
    2854:	af 93       	push	r26
    2856:	bf 93       	push	r27
    2858:	ef 93       	push	r30
    285a:	ff 93       	push	r31
    285c:	df 93       	push	r29
    285e:	cf 93       	push	r28
    2860:	cd b7       	in	r28, 0x3d	; 61
    2862:	de b7       	in	r29, 0x3e	; 62
	if (g_Timer2_CallBackPtr != NULL_PTR)
    2864:	80 91 4b 02 	lds	r24, 0x024B
    2868:	90 91 4c 02 	lds	r25, 0x024C
    286c:	00 97       	sbiw	r24, 0x00	; 0
    286e:	29 f0       	breq	.+10     	; 0x287a <__vector_5+0x40>
		(*g_Timer2_CallBackPtr)();
    2870:	e0 91 4b 02 	lds	r30, 0x024B
    2874:	f0 91 4c 02 	lds	r31, 0x024C
    2878:	09 95       	icall
}
    287a:	cf 91       	pop	r28
    287c:	df 91       	pop	r29
    287e:	ff 91       	pop	r31
    2880:	ef 91       	pop	r30
    2882:	bf 91       	pop	r27
    2884:	af 91       	pop	r26
    2886:	9f 91       	pop	r25
    2888:	8f 91       	pop	r24
    288a:	7f 91       	pop	r23
    288c:	6f 91       	pop	r22
    288e:	5f 91       	pop	r21
    2890:	4f 91       	pop	r20
    2892:	3f 91       	pop	r19
    2894:	2f 91       	pop	r18
    2896:	0f 90       	pop	r0
    2898:	0f be       	out	0x3f, r0	; 63
    289a:	0f 90       	pop	r0
    289c:	1f 90       	pop	r1
    289e:	18 95       	reti

000028a0 <__vector_4>:

/* Timer2 Compare Match */
ISR(TIMER2_COMP_vect)
{
    28a0:	1f 92       	push	r1
    28a2:	0f 92       	push	r0
    28a4:	0f b6       	in	r0, 0x3f	; 63
    28a6:	0f 92       	push	r0
    28a8:	11 24       	eor	r1, r1
    28aa:	2f 93       	push	r18
    28ac:	3f 93       	push	r19
    28ae:	4f 93       	push	r20
    28b0:	5f 93       	push	r21
    28b2:	6f 93       	push	r22
    28b4:	7f 93       	push	r23
    28b6:	8f 93       	push	r24
    28b8:	9f 93       	push	r25
    28ba:	af 93       	push	r26
    28bc:	bf 93       	push	r27
    28be:	ef 93       	push	r30
    28c0:	ff 93       	push	r31
    28c2:	df 93       	push	r29
    28c4:	cf 93       	push	r28
    28c6:	cd b7       	in	r28, 0x3d	; 61
    28c8:	de b7       	in	r29, 0x3e	; 62
	if (g_Timer2_CallBackPtr != NULL_PTR)
    28ca:	80 91 4b 02 	lds	r24, 0x024B
    28ce:	90 91 4c 02 	lds	r25, 0x024C
    28d2:	00 97       	sbiw	r24, 0x00	; 0
    28d4:	29 f0       	breq	.+10     	; 0x28e0 <__vector_4+0x40>
		(*g_Timer2_CallBackPtr)();
    28d6:	e0 91 4b 02 	lds	r30, 0x024B
    28da:	f0 91 4c 02 	lds	r31, 0x024C
    28de:	09 95       	icall
}
    28e0:	cf 91       	pop	r28
    28e2:	df 91       	pop	r29
    28e4:	ff 91       	pop	r31
    28e6:	ef 91       	pop	r30
    28e8:	bf 91       	pop	r27
    28ea:	af 91       	pop	r26
    28ec:	9f 91       	pop	r25
    28ee:	8f 91       	pop	r24
    28f0:	7f 91       	pop	r23
    28f2:	6f 91       	pop	r22
    28f4:	5f 91       	pop	r21
    28f6:	4f 91       	pop	r20
    28f8:	3f 91       	pop	r19
    28fa:	2f 91       	pop	r18
    28fc:	0f 90       	pop	r0
    28fe:	0f be       	out	0x3f, r0	; 63
    2900:	0f 90       	pop	r0
    2902:	1f 90       	pop	r1
    2904:	18 95       	reti

00002906 <UART_init>:
 * 1. Setup the Frame format like number of data bits, parity bit type and number of stop bits.
 * 2. Enable the UART.
 * 3. Setup the UART baud rate.
 */
void UART_init(const UART_ConfigType *Config_Ptr)
{
    2906:	df 93       	push	r29
    2908:	cf 93       	push	r28
    290a:	cd b7       	in	r28, 0x3d	; 61
    290c:	de b7       	in	r29, 0x3e	; 62
    290e:	28 97       	sbiw	r28, 0x08	; 8
    2910:	0f b6       	in	r0, 0x3f	; 63
    2912:	f8 94       	cli
    2914:	de bf       	out	0x3e, r29	; 62
    2916:	0f be       	out	0x3f, r0	; 63
    2918:	cd bf       	out	0x3d, r28	; 61
    291a:	9c 83       	std	Y+4, r25	; 0x04
    291c:	8b 83       	std	Y+3, r24	; 0x03
	u16 ubrr_value = 0;
    291e:	1a 82       	std	Y+2, r1	; 0x02
    2920:	19 82       	std	Y+1, r1	; 0x01

	/* U2X = 1 for double transmission speed */
	SET_BIT(UCSRA, U2X);
    2922:	ab e2       	ldi	r26, 0x2B	; 43
    2924:	b0 e0       	ldi	r27, 0x00	; 0
    2926:	eb e2       	ldi	r30, 0x2B	; 43
    2928:	f0 e0       	ldi	r31, 0x00	; 0
    292a:	80 81       	ld	r24, Z
    292c:	82 60       	ori	r24, 0x02	; 2
    292e:	8c 93       	st	X, r24
	 * RXEN  = 1 Receiver Enable
	 * RXEN  = 1 Transmitter Enable
	 * UCSZ2 = 0 For 8-bit data mode
	 * RXB8 & TXB8 not used for 8-bit data mode
	 ***********************************************************************/ 
	UCSRB = 0;
    2930:	ea e2       	ldi	r30, 0x2A	; 42
    2932:	f0 e0       	ldi	r31, 0x00	; 0
    2934:	10 82       	st	Z, r1

	SET_BIT(UCSRB, RXEN);
    2936:	aa e2       	ldi	r26, 0x2A	; 42
    2938:	b0 e0       	ldi	r27, 0x00	; 0
    293a:	ea e2       	ldi	r30, 0x2A	; 42
    293c:	f0 e0       	ldi	r31, 0x00	; 0
    293e:	80 81       	ld	r24, Z
    2940:	80 61       	ori	r24, 0x10	; 16
    2942:	8c 93       	st	X, r24
	SET_BIT(UCSRB, TXEN);
    2944:	aa e2       	ldi	r26, 0x2A	; 42
    2946:	b0 e0       	ldi	r27, 0x00	; 0
    2948:	ea e2       	ldi	r30, 0x2A	; 42
    294a:	f0 e0       	ldi	r31, 0x00	; 0
    294c:	80 81       	ld	r24, Z
    294e:	88 60       	ori	r24, 0x08	; 8
    2950:	8c 93       	st	X, r24

	if(Config_Ptr->bit_data == UART_9_BIT_DATA)
    2952:	eb 81       	ldd	r30, Y+3	; 0x03
    2954:	fc 81       	ldd	r31, Y+4	; 0x04
    2956:	80 81       	ld	r24, Z
    2958:	84 30       	cpi	r24, 0x04	; 4
    295a:	41 f4       	brne	.+16     	; 0x296c <UART_init+0x66>
	{
		SET_BIT(UCSRB, UCSZ2);
    295c:	aa e2       	ldi	r26, 0x2A	; 42
    295e:	b0 e0       	ldi	r27, 0x00	; 0
    2960:	ea e2       	ldi	r30, 0x2A	; 42
    2962:	f0 e0       	ldi	r31, 0x00	; 0
    2964:	80 81       	ld	r24, Z
    2966:	84 60       	ori	r24, 0x04	; 4
    2968:	8c 93       	st	X, r24
    296a:	07 c0       	rjmp	.+14     	; 0x297a <UART_init+0x74>
	}
	else
	{
		CLEAR_BIT(UCSRB, UCSZ2);
    296c:	aa e2       	ldi	r26, 0x2A	; 42
    296e:	b0 e0       	ldi	r27, 0x00	; 0
    2970:	ea e2       	ldi	r30, 0x2A	; 42
    2972:	f0 e0       	ldi	r31, 0x00	; 0
    2974:	80 81       	ld	r24, Z
    2976:	8b 7f       	andi	r24, 0xFB	; 251
    2978:	8c 93       	st	X, r24
	 * UPM1:0  = 00 Disable parity bit
	 * USBS    = 0 One stop bit
	 * UCSZ1:0 = 11 For 8-bit data mode
	 * UCPOL   = 0 Used with the Synchronous operation only
	 ***********************************************************************/ 	
	UCSRC = 0;
    297a:	e0 e4       	ldi	r30, 0x40	; 64
    297c:	f0 e0       	ldi	r31, 0x00	; 0
    297e:	10 82       	st	Z, r1
	SET_BIT(UCSRC, URSEL);
    2980:	a0 e4       	ldi	r26, 0x40	; 64
    2982:	b0 e0       	ldi	r27, 0x00	; 0
    2984:	e0 e4       	ldi	r30, 0x40	; 64
    2986:	f0 e0       	ldi	r31, 0x00	; 0
    2988:	80 81       	ld	r24, Z
    298a:	80 68       	ori	r24, 0x80	; 128
    298c:	8c 93       	st	X, r24

	switch(Config_Ptr->bit_data)
    298e:	eb 81       	ldd	r30, Y+3	; 0x03
    2990:	fc 81       	ldd	r31, Y+4	; 0x04
    2992:	80 81       	ld	r24, Z
    2994:	28 2f       	mov	r18, r24
    2996:	30 e0       	ldi	r19, 0x00	; 0
    2998:	38 87       	std	Y+8, r19	; 0x08
    299a:	2f 83       	std	Y+7, r18	; 0x07
    299c:	8f 81       	ldd	r24, Y+7	; 0x07
    299e:	98 85       	ldd	r25, Y+8	; 0x08
    29a0:	82 30       	cpi	r24, 0x02	; 2
    29a2:	91 05       	cpc	r25, r1
    29a4:	c1 f1       	breq	.+112    	; 0x2a16 <UART_init+0x110>
    29a6:	2f 81       	ldd	r18, Y+7	; 0x07
    29a8:	38 85       	ldd	r19, Y+8	; 0x08
    29aa:	23 30       	cpi	r18, 0x03	; 3
    29ac:	31 05       	cpc	r19, r1
    29ae:	54 f4       	brge	.+20     	; 0x29c4 <UART_init+0xbe>
    29b0:	8f 81       	ldd	r24, Y+7	; 0x07
    29b2:	98 85       	ldd	r25, Y+8	; 0x08
    29b4:	00 97       	sbiw	r24, 0x00	; 0
    29b6:	89 f0       	breq	.+34     	; 0x29da <UART_init+0xd4>
    29b8:	2f 81       	ldd	r18, Y+7	; 0x07
    29ba:	38 85       	ldd	r19, Y+8	; 0x08
    29bc:	21 30       	cpi	r18, 0x01	; 1
    29be:	31 05       	cpc	r19, r1
    29c0:	d9 f0       	breq	.+54     	; 0x29f8 <UART_init+0xf2>
    29c2:	55 c0       	rjmp	.+170    	; 0x2a6e <UART_init+0x168>
    29c4:	8f 81       	ldd	r24, Y+7	; 0x07
    29c6:	98 85       	ldd	r25, Y+8	; 0x08
    29c8:	83 30       	cpi	r24, 0x03	; 3
    29ca:	91 05       	cpc	r25, r1
    29cc:	99 f1       	breq	.+102    	; 0x2a34 <UART_init+0x12e>
    29ce:	2f 81       	ldd	r18, Y+7	; 0x07
    29d0:	38 85       	ldd	r19, Y+8	; 0x08
    29d2:	24 30       	cpi	r18, 0x04	; 4
    29d4:	31 05       	cpc	r19, r1
    29d6:	e9 f1       	breq	.+122    	; 0x2a52 <UART_init+0x14c>
    29d8:	4a c0       	rjmp	.+148    	; 0x2a6e <UART_init+0x168>
	{
	case UART_5_BIT_DATA:
		CLEAR_BIT(UCSRC, UCSZ0);
    29da:	a0 e4       	ldi	r26, 0x40	; 64
    29dc:	b0 e0       	ldi	r27, 0x00	; 0
    29de:	e0 e4       	ldi	r30, 0x40	; 64
    29e0:	f0 e0       	ldi	r31, 0x00	; 0
    29e2:	80 81       	ld	r24, Z
    29e4:	8d 7f       	andi	r24, 0xFD	; 253
    29e6:	8c 93       	st	X, r24
		CLEAR_BIT(UCSRC, UCSZ1);
    29e8:	a0 e4       	ldi	r26, 0x40	; 64
    29ea:	b0 e0       	ldi	r27, 0x00	; 0
    29ec:	e0 e4       	ldi	r30, 0x40	; 64
    29ee:	f0 e0       	ldi	r31, 0x00	; 0
    29f0:	80 81       	ld	r24, Z
    29f2:	8b 7f       	andi	r24, 0xFB	; 251
    29f4:	8c 93       	st	X, r24
    29f6:	3b c0       	rjmp	.+118    	; 0x2a6e <UART_init+0x168>
		break;
	case UART_6_BIT_DATA:
		SET_BIT(UCSRC, UCSZ0);
    29f8:	a0 e4       	ldi	r26, 0x40	; 64
    29fa:	b0 e0       	ldi	r27, 0x00	; 0
    29fc:	e0 e4       	ldi	r30, 0x40	; 64
    29fe:	f0 e0       	ldi	r31, 0x00	; 0
    2a00:	80 81       	ld	r24, Z
    2a02:	82 60       	ori	r24, 0x02	; 2
    2a04:	8c 93       	st	X, r24
		CLEAR_BIT(UCSRC, UCSZ1);
    2a06:	a0 e4       	ldi	r26, 0x40	; 64
    2a08:	b0 e0       	ldi	r27, 0x00	; 0
    2a0a:	e0 e4       	ldi	r30, 0x40	; 64
    2a0c:	f0 e0       	ldi	r31, 0x00	; 0
    2a0e:	80 81       	ld	r24, Z
    2a10:	8b 7f       	andi	r24, 0xFB	; 251
    2a12:	8c 93       	st	X, r24
    2a14:	2c c0       	rjmp	.+88     	; 0x2a6e <UART_init+0x168>
		break;
	case UART_7_BIT_DATA:
		CLEAR_BIT(UCSRC, UCSZ0);
    2a16:	a0 e4       	ldi	r26, 0x40	; 64
    2a18:	b0 e0       	ldi	r27, 0x00	; 0
    2a1a:	e0 e4       	ldi	r30, 0x40	; 64
    2a1c:	f0 e0       	ldi	r31, 0x00	; 0
    2a1e:	80 81       	ld	r24, Z
    2a20:	8d 7f       	andi	r24, 0xFD	; 253
    2a22:	8c 93       	st	X, r24
		SET_BIT(UCSRC, UCSZ1);
    2a24:	a0 e4       	ldi	r26, 0x40	; 64
    2a26:	b0 e0       	ldi	r27, 0x00	; 0
    2a28:	e0 e4       	ldi	r30, 0x40	; 64
    2a2a:	f0 e0       	ldi	r31, 0x00	; 0
    2a2c:	80 81       	ld	r24, Z
    2a2e:	84 60       	ori	r24, 0x04	; 4
    2a30:	8c 93       	st	X, r24
    2a32:	1d c0       	rjmp	.+58     	; 0x2a6e <UART_init+0x168>
		break;
	case UART_8_BIT_DATA:
		SET_BIT(UCSRC, UCSZ0);
    2a34:	a0 e4       	ldi	r26, 0x40	; 64
    2a36:	b0 e0       	ldi	r27, 0x00	; 0
    2a38:	e0 e4       	ldi	r30, 0x40	; 64
    2a3a:	f0 e0       	ldi	r31, 0x00	; 0
    2a3c:	80 81       	ld	r24, Z
    2a3e:	82 60       	ori	r24, 0x02	; 2
    2a40:	8c 93       	st	X, r24
		SET_BIT(UCSRC, UCSZ1);
    2a42:	a0 e4       	ldi	r26, 0x40	; 64
    2a44:	b0 e0       	ldi	r27, 0x00	; 0
    2a46:	e0 e4       	ldi	r30, 0x40	; 64
    2a48:	f0 e0       	ldi	r31, 0x00	; 0
    2a4a:	80 81       	ld	r24, Z
    2a4c:	84 60       	ori	r24, 0x04	; 4
    2a4e:	8c 93       	st	X, r24
    2a50:	0e c0       	rjmp	.+28     	; 0x2a6e <UART_init+0x168>
		break;
	case UART_9_BIT_DATA:
		SET_BIT(UCSRC, UCSZ0);
    2a52:	a0 e4       	ldi	r26, 0x40	; 64
    2a54:	b0 e0       	ldi	r27, 0x00	; 0
    2a56:	e0 e4       	ldi	r30, 0x40	; 64
    2a58:	f0 e0       	ldi	r31, 0x00	; 0
    2a5a:	80 81       	ld	r24, Z
    2a5c:	82 60       	ori	r24, 0x02	; 2
    2a5e:	8c 93       	st	X, r24
		SET_BIT(UCSRC, UCSZ1);
    2a60:	a0 e4       	ldi	r26, 0x40	; 64
    2a62:	b0 e0       	ldi	r27, 0x00	; 0
    2a64:	e0 e4       	ldi	r30, 0x40	; 64
    2a66:	f0 e0       	ldi	r31, 0x00	; 0
    2a68:	80 81       	ld	r24, Z
    2a6a:	84 60       	ori	r24, 0x04	; 4
    2a6c:	8c 93       	st	X, r24
		break;
	}

	/* Configure parity */
	switch(Config_Ptr->parity)
    2a6e:	eb 81       	ldd	r30, Y+3	; 0x03
    2a70:	fc 81       	ldd	r31, Y+4	; 0x04
    2a72:	81 81       	ldd	r24, Z+1	; 0x01
    2a74:	28 2f       	mov	r18, r24
    2a76:	30 e0       	ldi	r19, 0x00	; 0
    2a78:	3e 83       	std	Y+6, r19	; 0x06
    2a7a:	2d 83       	std	Y+5, r18	; 0x05
    2a7c:	8d 81       	ldd	r24, Y+5	; 0x05
    2a7e:	9e 81       	ldd	r25, Y+6	; 0x06
    2a80:	82 30       	cpi	r24, 0x02	; 2
    2a82:	91 05       	cpc	r25, r1
    2a84:	c1 f0       	breq	.+48     	; 0x2ab6 <UART_init+0x1b0>
    2a86:	2d 81       	ldd	r18, Y+5	; 0x05
    2a88:	3e 81       	ldd	r19, Y+6	; 0x06
    2a8a:	23 30       	cpi	r18, 0x03	; 3
    2a8c:	31 05       	cpc	r19, r1
    2a8e:	11 f1       	breq	.+68     	; 0x2ad4 <UART_init+0x1ce>
    2a90:	8d 81       	ldd	r24, Y+5	; 0x05
    2a92:	9e 81       	ldd	r25, Y+6	; 0x06
    2a94:	00 97       	sbiw	r24, 0x00	; 0
    2a96:	61 f5       	brne	.+88     	; 0x2af0 <UART_init+0x1ea>
	{
	case UART_NO_PARITY:
		CLEAR_BIT(UCSRC, UPM0);
    2a98:	a0 e4       	ldi	r26, 0x40	; 64
    2a9a:	b0 e0       	ldi	r27, 0x00	; 0
    2a9c:	e0 e4       	ldi	r30, 0x40	; 64
    2a9e:	f0 e0       	ldi	r31, 0x00	; 0
    2aa0:	80 81       	ld	r24, Z
    2aa2:	8f 7e       	andi	r24, 0xEF	; 239
    2aa4:	8c 93       	st	X, r24
		CLEAR_BIT(UCSRC, UPM1);
    2aa6:	a0 e4       	ldi	r26, 0x40	; 64
    2aa8:	b0 e0       	ldi	r27, 0x00	; 0
    2aaa:	e0 e4       	ldi	r30, 0x40	; 64
    2aac:	f0 e0       	ldi	r31, 0x00	; 0
    2aae:	80 81       	ld	r24, Z
    2ab0:	8f 7d       	andi	r24, 0xDF	; 223
    2ab2:	8c 93       	st	X, r24
    2ab4:	1d c0       	rjmp	.+58     	; 0x2af0 <UART_init+0x1ea>
		break;
	case UART_EVEN_PARITY:
		CLEAR_BIT(UCSRC, UPM0);
    2ab6:	a0 e4       	ldi	r26, 0x40	; 64
    2ab8:	b0 e0       	ldi	r27, 0x00	; 0
    2aba:	e0 e4       	ldi	r30, 0x40	; 64
    2abc:	f0 e0       	ldi	r31, 0x00	; 0
    2abe:	80 81       	ld	r24, Z
    2ac0:	8f 7e       	andi	r24, 0xEF	; 239
    2ac2:	8c 93       	st	X, r24
		SET_BIT(UCSRC, UPM1);
    2ac4:	a0 e4       	ldi	r26, 0x40	; 64
    2ac6:	b0 e0       	ldi	r27, 0x00	; 0
    2ac8:	e0 e4       	ldi	r30, 0x40	; 64
    2aca:	f0 e0       	ldi	r31, 0x00	; 0
    2acc:	80 81       	ld	r24, Z
    2ace:	80 62       	ori	r24, 0x20	; 32
    2ad0:	8c 93       	st	X, r24
    2ad2:	0e c0       	rjmp	.+28     	; 0x2af0 <UART_init+0x1ea>
		break;
	case UART_ODD_PARITY:
		SET_BIT(UCSRC, UPM0);
    2ad4:	a0 e4       	ldi	r26, 0x40	; 64
    2ad6:	b0 e0       	ldi	r27, 0x00	; 0
    2ad8:	e0 e4       	ldi	r30, 0x40	; 64
    2ada:	f0 e0       	ldi	r31, 0x00	; 0
    2adc:	80 81       	ld	r24, Z
    2ade:	80 61       	ori	r24, 0x10	; 16
    2ae0:	8c 93       	st	X, r24
		SET_BIT(UCSRC, UPM1);
    2ae2:	a0 e4       	ldi	r26, 0x40	; 64
    2ae4:	b0 e0       	ldi	r27, 0x00	; 0
    2ae6:	e0 e4       	ldi	r30, 0x40	; 64
    2ae8:	f0 e0       	ldi	r31, 0x00	; 0
    2aea:	80 81       	ld	r24, Z
    2aec:	80 62       	ori	r24, 0x20	; 32
    2aee:	8c 93       	st	X, r24
		break;
	}

	/* Configure stop bits  */
	if(Config_Ptr->stop_bit == UART_2_STOP_BIT)
    2af0:	eb 81       	ldd	r30, Y+3	; 0x03
    2af2:	fc 81       	ldd	r31, Y+4	; 0x04
    2af4:	82 81       	ldd	r24, Z+2	; 0x02
    2af6:	81 30       	cpi	r24, 0x01	; 1
    2af8:	41 f4       	brne	.+16     	; 0x2b0a <UART_init+0x204>
	{
		SET_BIT(UCSRC, USBS);
    2afa:	a0 e4       	ldi	r26, 0x40	; 64
    2afc:	b0 e0       	ldi	r27, 0x00	; 0
    2afe:	e0 e4       	ldi	r30, 0x40	; 64
    2b00:	f0 e0       	ldi	r31, 0x00	; 0
    2b02:	80 81       	ld	r24, Z
    2b04:	88 60       	ori	r24, 0x08	; 8
    2b06:	8c 93       	st	X, r24
    2b08:	07 c0       	rjmp	.+14     	; 0x2b18 <UART_init+0x212>
	}
	else
	{
		CLEAR_BIT(UCSRC, USBS);
    2b0a:	a0 e4       	ldi	r26, 0x40	; 64
    2b0c:	b0 e0       	ldi	r27, 0x00	; 0
    2b0e:	e0 e4       	ldi	r30, 0x40	; 64
    2b10:	f0 e0       	ldi	r31, 0x00	; 0
    2b12:	80 81       	ld	r24, Z
    2b14:	87 7f       	andi	r24, 0xF7	; 247
    2b16:	8c 93       	st	X, r24
	}



	/* Calculate the UBRR register value */
	ubrr_value = (u16)(((F_CPU / (Config_Ptr->baud_rate * 8UL))) - 1);
    2b18:	eb 81       	ldd	r30, Y+3	; 0x03
    2b1a:	fc 81       	ldd	r31, Y+4	; 0x04
    2b1c:	83 81       	ldd	r24, Z+3	; 0x03
    2b1e:	94 81       	ldd	r25, Z+4	; 0x04
    2b20:	a5 81       	ldd	r26, Z+5	; 0x05
    2b22:	b6 81       	ldd	r27, Z+6	; 0x06
    2b24:	88 0f       	add	r24, r24
    2b26:	99 1f       	adc	r25, r25
    2b28:	aa 1f       	adc	r26, r26
    2b2a:	bb 1f       	adc	r27, r27
    2b2c:	88 0f       	add	r24, r24
    2b2e:	99 1f       	adc	r25, r25
    2b30:	aa 1f       	adc	r26, r26
    2b32:	bb 1f       	adc	r27, r27
    2b34:	88 0f       	add	r24, r24
    2b36:	99 1f       	adc	r25, r25
    2b38:	aa 1f       	adc	r26, r26
    2b3a:	bb 1f       	adc	r27, r27
    2b3c:	9c 01       	movw	r18, r24
    2b3e:	ad 01       	movw	r20, r26
    2b40:	80 e0       	ldi	r24, 0x00	; 0
    2b42:	92 e1       	ldi	r25, 0x12	; 18
    2b44:	aa e7       	ldi	r26, 0x7A	; 122
    2b46:	b0 e0       	ldi	r27, 0x00	; 0
    2b48:	bc 01       	movw	r22, r24
    2b4a:	cd 01       	movw	r24, r26
    2b4c:	0e 94 98 1d 	call	0x3b30	; 0x3b30 <__udivmodsi4>
    2b50:	da 01       	movw	r26, r20
    2b52:	c9 01       	movw	r24, r18
    2b54:	01 97       	sbiw	r24, 0x01	; 1
    2b56:	9a 83       	std	Y+2, r25	; 0x02
    2b58:	89 83       	std	Y+1, r24	; 0x01

	/* First 8 bits from the BAUD_PRESCALE inside UBRRL and last 4 bits in UBRRH*/
	UBRRH = ubrr_value>>8;
    2b5a:	e0 e4       	ldi	r30, 0x40	; 64
    2b5c:	f0 e0       	ldi	r31, 0x00	; 0
    2b5e:	89 81       	ldd	r24, Y+1	; 0x01
    2b60:	9a 81       	ldd	r25, Y+2	; 0x02
    2b62:	89 2f       	mov	r24, r25
    2b64:	99 27       	eor	r25, r25
    2b66:	80 83       	st	Z, r24
	UBRRL = ubrr_value;
    2b68:	e9 e2       	ldi	r30, 0x29	; 41
    2b6a:	f0 e0       	ldi	r31, 0x00	; 0
    2b6c:	89 81       	ldd	r24, Y+1	; 0x01
    2b6e:	80 83       	st	Z, r24
}
    2b70:	28 96       	adiw	r28, 0x08	; 8
    2b72:	0f b6       	in	r0, 0x3f	; 63
    2b74:	f8 94       	cli
    2b76:	de bf       	out	0x3e, r29	; 62
    2b78:	0f be       	out	0x3f, r0	; 63
    2b7a:	cd bf       	out	0x3d, r28	; 61
    2b7c:	cf 91       	pop	r28
    2b7e:	df 91       	pop	r29
    2b80:	08 95       	ret

00002b82 <UART_sendByte>:
/*
 * Description :
 * Functional responsible for send byte to another UART device.
 */
void UART_sendByte(const u8 data)
{
    2b82:	df 93       	push	r29
    2b84:	cf 93       	push	r28
    2b86:	0f 92       	push	r0
    2b88:	cd b7       	in	r28, 0x3d	; 61
    2b8a:	de b7       	in	r29, 0x3e	; 62
    2b8c:	89 83       	std	Y+1, r24	; 0x01
	/*
	 * UDRE flag is set when the Tx buffer (UDR) is empty and ready for
	 * transmitting a new byte so wait until this flag is set to one
	 */
	while(BIT_IS_CLEAR(UCSRA,UDRE)){}
    2b8e:	eb e2       	ldi	r30, 0x2B	; 43
    2b90:	f0 e0       	ldi	r31, 0x00	; 0
    2b92:	80 81       	ld	r24, Z
    2b94:	88 2f       	mov	r24, r24
    2b96:	90 e0       	ldi	r25, 0x00	; 0
    2b98:	80 72       	andi	r24, 0x20	; 32
    2b9a:	90 70       	andi	r25, 0x00	; 0
    2b9c:	00 97       	sbiw	r24, 0x00	; 0
    2b9e:	b9 f3       	breq	.-18     	; 0x2b8e <UART_sendByte+0xc>

	/*
	 * Put the required data in the UDR register and it also clear the UDRE flag as
	 * the UDR register is not empty now
	 */
	UDR = data;
    2ba0:	ec e2       	ldi	r30, 0x2C	; 44
    2ba2:	f0 e0       	ldi	r31, 0x00	; 0
    2ba4:	89 81       	ldd	r24, Y+1	; 0x01
    2ba6:	80 83       	st	Z, r24
	/************************* Another Method *************************
	UDR = data;
	while(BIT_IS_CLEAR(UCSRA,TXC)){} // Wait until the transmission is complete TXC = 1
	SET_BIT(UCSRA,TXC); // Clear the TXC flag
	 *******************************************************************/
}
    2ba8:	0f 90       	pop	r0
    2baa:	cf 91       	pop	r28
    2bac:	df 91       	pop	r29
    2bae:	08 95       	ret

00002bb0 <UART_recieveByte>:
/*
 * Description :
 * Functional responsible for receive byte from another UART device.
 */
u8 UART_recieveByte(void)
{
    2bb0:	df 93       	push	r29
    2bb2:	cf 93       	push	r28
    2bb4:	cd b7       	in	r28, 0x3d	; 61
    2bb6:	de b7       	in	r29, 0x3e	; 62
	/* RXC flag is set when the UART receive data so wait until this flag is set to one */
	while(BIT_IS_CLEAR(UCSRA,RXC)){}
    2bb8:	eb e2       	ldi	r30, 0x2B	; 43
    2bba:	f0 e0       	ldi	r31, 0x00	; 0
    2bbc:	80 81       	ld	r24, Z
    2bbe:	88 23       	and	r24, r24
    2bc0:	dc f7       	brge	.-10     	; 0x2bb8 <UART_recieveByte+0x8>

	/*
	 * Read the received data from the Rx buffer (UDR)
	 * The RXC flag will be cleared after read the data
	 */
	return UDR;
    2bc2:	ec e2       	ldi	r30, 0x2C	; 44
    2bc4:	f0 e0       	ldi	r31, 0x00	; 0
    2bc6:	80 81       	ld	r24, Z
}
    2bc8:	cf 91       	pop	r28
    2bca:	df 91       	pop	r29
    2bcc:	08 95       	ret

00002bce <UART_sendString>:
/*
 * Description :
 * Send the required string through UART to the other UART device.
 */
void UART_sendString(const u8 *Str)
{
    2bce:	df 93       	push	r29
    2bd0:	cf 93       	push	r28
    2bd2:	00 d0       	rcall	.+0      	; 0x2bd4 <UART_sendString+0x6>
    2bd4:	0f 92       	push	r0
    2bd6:	cd b7       	in	r28, 0x3d	; 61
    2bd8:	de b7       	in	r29, 0x3e	; 62
    2bda:	9b 83       	std	Y+3, r25	; 0x03
    2bdc:	8a 83       	std	Y+2, r24	; 0x02
	u8 i = 0;
    2bde:	19 82       	std	Y+1, r1	; 0x01
    2be0:	0e c0       	rjmp	.+28     	; 0x2bfe <UART_sendString+0x30>

	/* Send the whole string */
	while(Str[i] != '\0')
	{
		UART_sendByte(Str[i]);
    2be2:	89 81       	ldd	r24, Y+1	; 0x01
    2be4:	28 2f       	mov	r18, r24
    2be6:	30 e0       	ldi	r19, 0x00	; 0
    2be8:	8a 81       	ldd	r24, Y+2	; 0x02
    2bea:	9b 81       	ldd	r25, Y+3	; 0x03
    2bec:	fc 01       	movw	r30, r24
    2bee:	e2 0f       	add	r30, r18
    2bf0:	f3 1f       	adc	r31, r19
    2bf2:	80 81       	ld	r24, Z
    2bf4:	0e 94 c1 15 	call	0x2b82	; 0x2b82 <UART_sendByte>
		i++;
    2bf8:	89 81       	ldd	r24, Y+1	; 0x01
    2bfa:	8f 5f       	subi	r24, 0xFF	; 255
    2bfc:	89 83       	std	Y+1, r24	; 0x01
void UART_sendString(const u8 *Str)
{
	u8 i = 0;

	/* Send the whole string */
	while(Str[i] != '\0')
    2bfe:	89 81       	ldd	r24, Y+1	; 0x01
    2c00:	28 2f       	mov	r18, r24
    2c02:	30 e0       	ldi	r19, 0x00	; 0
    2c04:	8a 81       	ldd	r24, Y+2	; 0x02
    2c06:	9b 81       	ldd	r25, Y+3	; 0x03
    2c08:	fc 01       	movw	r30, r24
    2c0a:	e2 0f       	add	r30, r18
    2c0c:	f3 1f       	adc	r31, r19
    2c0e:	80 81       	ld	r24, Z
    2c10:	88 23       	and	r24, r24
    2c12:	39 f7       	brne	.-50     	; 0x2be2 <UART_sendString+0x14>
	{
		UART_sendByte(*Str);
		Str++;
	}		
	 *******************************************************************/
}
    2c14:	0f 90       	pop	r0
    2c16:	0f 90       	pop	r0
    2c18:	0f 90       	pop	r0
    2c1a:	cf 91       	pop	r28
    2c1c:	df 91       	pop	r29
    2c1e:	08 95       	ret

00002c20 <UART_receiveString>:
/*
 * Description :
 * Receive the required string until the '#' symbol through UART from the other UART device.
 */
void UART_receiveString(u8 *Str)
{
    2c20:	0f 93       	push	r16
    2c22:	1f 93       	push	r17
    2c24:	df 93       	push	r29
    2c26:	cf 93       	push	r28
    2c28:	00 d0       	rcall	.+0      	; 0x2c2a <UART_receiveString+0xa>
    2c2a:	0f 92       	push	r0
    2c2c:	cd b7       	in	r28, 0x3d	; 61
    2c2e:	de b7       	in	r29, 0x3e	; 62
    2c30:	9b 83       	std	Y+3, r25	; 0x03
    2c32:	8a 83       	std	Y+2, r24	; 0x02
	u8 i = 0;
    2c34:	19 82       	std	Y+1, r1	; 0x01

	/* Receive the first byte */
	Str[i] = UART_recieveByte();
    2c36:	89 81       	ldd	r24, Y+1	; 0x01
    2c38:	28 2f       	mov	r18, r24
    2c3a:	30 e0       	ldi	r19, 0x00	; 0
    2c3c:	8a 81       	ldd	r24, Y+2	; 0x02
    2c3e:	9b 81       	ldd	r25, Y+3	; 0x03
    2c40:	8c 01       	movw	r16, r24
    2c42:	02 0f       	add	r16, r18
    2c44:	13 1f       	adc	r17, r19
    2c46:	0e 94 d8 15 	call	0x2bb0	; 0x2bb0 <UART_recieveByte>
    2c4a:	f8 01       	movw	r30, r16
    2c4c:	80 83       	st	Z, r24
    2c4e:	0f c0       	rjmp	.+30     	; 0x2c6e <UART_receiveString+0x4e>

	/* Receive the whole string until the '#' */
	while(Str[i] != '#')
	{
		i++;
    2c50:	89 81       	ldd	r24, Y+1	; 0x01
    2c52:	8f 5f       	subi	r24, 0xFF	; 255
    2c54:	89 83       	std	Y+1, r24	; 0x01
		Str[i] = UART_recieveByte();
    2c56:	89 81       	ldd	r24, Y+1	; 0x01
    2c58:	28 2f       	mov	r18, r24
    2c5a:	30 e0       	ldi	r19, 0x00	; 0
    2c5c:	8a 81       	ldd	r24, Y+2	; 0x02
    2c5e:	9b 81       	ldd	r25, Y+3	; 0x03
    2c60:	8c 01       	movw	r16, r24
    2c62:	02 0f       	add	r16, r18
    2c64:	13 1f       	adc	r17, r19
    2c66:	0e 94 d8 15 	call	0x2bb0	; 0x2bb0 <UART_recieveByte>
    2c6a:	f8 01       	movw	r30, r16
    2c6c:	80 83       	st	Z, r24

	/* Receive the first byte */
	Str[i] = UART_recieveByte();

	/* Receive the whole string until the '#' */
	while(Str[i] != '#')
    2c6e:	89 81       	ldd	r24, Y+1	; 0x01
    2c70:	28 2f       	mov	r18, r24
    2c72:	30 e0       	ldi	r19, 0x00	; 0
    2c74:	8a 81       	ldd	r24, Y+2	; 0x02
    2c76:	9b 81       	ldd	r25, Y+3	; 0x03
    2c78:	fc 01       	movw	r30, r24
    2c7a:	e2 0f       	add	r30, r18
    2c7c:	f3 1f       	adc	r31, r19
    2c7e:	80 81       	ld	r24, Z
    2c80:	83 32       	cpi	r24, 0x23	; 35
    2c82:	31 f7       	brne	.-52     	; 0x2c50 <UART_receiveString+0x30>
		i++;
		Str[i] = UART_recieveByte();
	}

	/* After receiving the whole string plus the '#', replace the '#' with '\0' */
	Str[i] = '\0';
    2c84:	89 81       	ldd	r24, Y+1	; 0x01
    2c86:	28 2f       	mov	r18, r24
    2c88:	30 e0       	ldi	r19, 0x00	; 0
    2c8a:	8a 81       	ldd	r24, Y+2	; 0x02
    2c8c:	9b 81       	ldd	r25, Y+3	; 0x03
    2c8e:	fc 01       	movw	r30, r24
    2c90:	e2 0f       	add	r30, r18
    2c92:	f3 1f       	adc	r31, r19
    2c94:	10 82       	st	Z, r1
}
    2c96:	0f 90       	pop	r0
    2c98:	0f 90       	pop	r0
    2c9a:	0f 90       	pop	r0
    2c9c:	cf 91       	pop	r28
    2c9e:	df 91       	pop	r29
    2ca0:	1f 91       	pop	r17
    2ca2:	0f 91       	pop	r16
    2ca4:	08 95       	ret

00002ca6 <LCD_init>:
 * Initialize the LCD:
 * 1. Setup the LCD pins directions by use the GPIO driver.
 * 2. Setup the LCD Data Mode 8-bits.
 */
void LCD_init(void)
{
    2ca6:	df 93       	push	r29
    2ca8:	cf 93       	push	r28
    2caa:	cd b7       	in	r28, 0x3d	; 61
    2cac:	de b7       	in	r29, 0x3e	; 62
    2cae:	2e 97       	sbiw	r28, 0x0e	; 14
    2cb0:	0f b6       	in	r0, 0x3f	; 63
    2cb2:	f8 94       	cli
    2cb4:	de bf       	out	0x3e, r29	; 62
    2cb6:	0f be       	out	0x3f, r0	; 63
    2cb8:	cd bf       	out	0x3d, r28	; 61
	/* Configure the direction for RS and E pins as OUT pins */
	GPIO_voidSetPinDirection(LCD_RS_PORT_ID,LCD_RS_PIN_ID,PIN_OUT);
    2cba:	82 e0       	ldi	r24, 0x02	; 2
    2cbc:	60 e0       	ldi	r22, 0x00	; 0
    2cbe:	41 e0       	ldi	r20, 0x01	; 1
    2cc0:	0e 94 c1 0e 	call	0x1d82	; 0x1d82 <GPIO_voidSetPinDirection>
	GPIO_voidSetPinDirection(LCD_E_PORT_ID,LCD_E_PIN_ID,PIN_OUT);
    2cc4:	82 e0       	ldi	r24, 0x02	; 2
    2cc6:	61 e0       	ldi	r22, 0x01	; 1
    2cc8:	41 e0       	ldi	r20, 0x01	; 1
    2cca:	0e 94 c1 0e 	call	0x1d82	; 0x1d82 <GPIO_voidSetPinDirection>

	/* Configure the data port as OUT port */
	GPIO_voidSetPortDirection(LCD_DATA_PORT_ID,PORT_OUT);
    2cce:	80 e0       	ldi	r24, 0x00	; 0
    2cd0:	6f ef       	ldi	r22, 0xFF	; 255
    2cd2:	0e 94 80 0e 	call	0x1d00	; 0x1d00 <GPIO_voidSetPortDirection>
    2cd6:	80 e0       	ldi	r24, 0x00	; 0
    2cd8:	90 e0       	ldi	r25, 0x00	; 0
    2cda:	a0 ea       	ldi	r26, 0xA0	; 160
    2cdc:	b1 e4       	ldi	r27, 0x41	; 65
    2cde:	8b 87       	std	Y+11, r24	; 0x0b
    2ce0:	9c 87       	std	Y+12, r25	; 0x0c
    2ce2:	ad 87       	std	Y+13, r26	; 0x0d
    2ce4:	be 87       	std	Y+14, r27	; 0x0e
 */
void
_delay_ms(double __ms)
{
	uint16_t __ticks;
	double __tmp = ((F_CPU) / 4e3) * __ms;
    2ce6:	6b 85       	ldd	r22, Y+11	; 0x0b
    2ce8:	7c 85       	ldd	r23, Y+12	; 0x0c
    2cea:	8d 85       	ldd	r24, Y+13	; 0x0d
    2cec:	9e 85       	ldd	r25, Y+14	; 0x0e
    2cee:	20 e0       	ldi	r18, 0x00	; 0
    2cf0:	30 e0       	ldi	r19, 0x00	; 0
    2cf2:	4a ef       	ldi	r20, 0xFA	; 250
    2cf4:	54 e4       	ldi	r21, 0x44	; 68
    2cf6:	0e 94 1f 02 	call	0x43e	; 0x43e <__mulsf3>
    2cfa:	dc 01       	movw	r26, r24
    2cfc:	cb 01       	movw	r24, r22
    2cfe:	8f 83       	std	Y+7, r24	; 0x07
    2d00:	98 87       	std	Y+8, r25	; 0x08
    2d02:	a9 87       	std	Y+9, r26	; 0x09
    2d04:	ba 87       	std	Y+10, r27	; 0x0a
	if (__tmp < 1.0)
    2d06:	6f 81       	ldd	r22, Y+7	; 0x07
    2d08:	78 85       	ldd	r23, Y+8	; 0x08
    2d0a:	89 85       	ldd	r24, Y+9	; 0x09
    2d0c:	9a 85       	ldd	r25, Y+10	; 0x0a
    2d0e:	20 e0       	ldi	r18, 0x00	; 0
    2d10:	30 e0       	ldi	r19, 0x00	; 0
    2d12:	40 e8       	ldi	r20, 0x80	; 128
    2d14:	5f e3       	ldi	r21, 0x3F	; 63
    2d16:	0e 94 79 03 	call	0x6f2	; 0x6f2 <__ltsf2>
    2d1a:	88 23       	and	r24, r24
    2d1c:	2c f4       	brge	.+10     	; 0x2d28 <LCD_init+0x82>
		__ticks = 1;
    2d1e:	81 e0       	ldi	r24, 0x01	; 1
    2d20:	90 e0       	ldi	r25, 0x00	; 0
    2d22:	9e 83       	std	Y+6, r25	; 0x06
    2d24:	8d 83       	std	Y+5, r24	; 0x05
    2d26:	3f c0       	rjmp	.+126    	; 0x2da6 <LCD_init+0x100>
	else if (__tmp > 65535)
    2d28:	6f 81       	ldd	r22, Y+7	; 0x07
    2d2a:	78 85       	ldd	r23, Y+8	; 0x08
    2d2c:	89 85       	ldd	r24, Y+9	; 0x09
    2d2e:	9a 85       	ldd	r25, Y+10	; 0x0a
    2d30:	20 e0       	ldi	r18, 0x00	; 0
    2d32:	3f ef       	ldi	r19, 0xFF	; 255
    2d34:	4f e7       	ldi	r20, 0x7F	; 127
    2d36:	57 e4       	ldi	r21, 0x47	; 71
    2d38:	0e 94 19 03 	call	0x632	; 0x632 <__gtsf2>
    2d3c:	18 16       	cp	r1, r24
    2d3e:	4c f5       	brge	.+82     	; 0x2d92 <LCD_init+0xec>
	{
		//	__ticks = requested delay in 1/10 ms
		__ticks = (uint16_t) (__ms * 10.0);
    2d40:	6b 85       	ldd	r22, Y+11	; 0x0b
    2d42:	7c 85       	ldd	r23, Y+12	; 0x0c
    2d44:	8d 85       	ldd	r24, Y+13	; 0x0d
    2d46:	9e 85       	ldd	r25, Y+14	; 0x0e
    2d48:	20 e0       	ldi	r18, 0x00	; 0
    2d4a:	30 e0       	ldi	r19, 0x00	; 0
    2d4c:	40 e2       	ldi	r20, 0x20	; 32
    2d4e:	51 e4       	ldi	r21, 0x41	; 65
    2d50:	0e 94 1f 02 	call	0x43e	; 0x43e <__mulsf3>
    2d54:	dc 01       	movw	r26, r24
    2d56:	cb 01       	movw	r24, r22
    2d58:	bc 01       	movw	r22, r24
    2d5a:	cd 01       	movw	r24, r26
    2d5c:	0e 94 49 00 	call	0x92	; 0x92 <__fixunssfsi>
    2d60:	dc 01       	movw	r26, r24
    2d62:	cb 01       	movw	r24, r22
    2d64:	9e 83       	std	Y+6, r25	; 0x06
    2d66:	8d 83       	std	Y+5, r24	; 0x05
    2d68:	0f c0       	rjmp	.+30     	; 0x2d88 <LCD_init+0xe2>
    2d6a:	88 ec       	ldi	r24, 0xC8	; 200
    2d6c:	90 e0       	ldi	r25, 0x00	; 0
    2d6e:	9c 83       	std	Y+4, r25	; 0x04
    2d70:	8b 83       	std	Y+3, r24	; 0x03
    2d72:	8b 81       	ldd	r24, Y+3	; 0x03
    2d74:	9c 81       	ldd	r25, Y+4	; 0x04
    2d76:	01 97       	sbiw	r24, 0x01	; 1
    2d78:	f1 f7       	brne	.-4      	; 0x2d76 <LCD_init+0xd0>
    2d7a:	9c 83       	std	Y+4, r25	; 0x04
    2d7c:	8b 83       	std	Y+3, r24	; 0x03
		while(__ticks)
		{
			// wait 1/10 ms
			_delay_loop_2(((F_CPU) / 4e3) / 10);
			__ticks --;
    2d7e:	8d 81       	ldd	r24, Y+5	; 0x05
    2d80:	9e 81       	ldd	r25, Y+6	; 0x06
    2d82:	01 97       	sbiw	r24, 0x01	; 1
    2d84:	9e 83       	std	Y+6, r25	; 0x06
    2d86:	8d 83       	std	Y+5, r24	; 0x05
		__ticks = 1;
	else if (__tmp > 65535)
	{
		//	__ticks = requested delay in 1/10 ms
		__ticks = (uint16_t) (__ms * 10.0);
		while(__ticks)
    2d88:	8d 81       	ldd	r24, Y+5	; 0x05
    2d8a:	9e 81       	ldd	r25, Y+6	; 0x06
    2d8c:	00 97       	sbiw	r24, 0x00	; 0
    2d8e:	69 f7       	brne	.-38     	; 0x2d6a <LCD_init+0xc4>
    2d90:	14 c0       	rjmp	.+40     	; 0x2dba <LCD_init+0x114>
			__ticks --;
		}
		return;
	}
	else
		__ticks = (uint16_t)__tmp;
    2d92:	6f 81       	ldd	r22, Y+7	; 0x07
    2d94:	78 85       	ldd	r23, Y+8	; 0x08
    2d96:	89 85       	ldd	r24, Y+9	; 0x09
    2d98:	9a 85       	ldd	r25, Y+10	; 0x0a
    2d9a:	0e 94 49 00 	call	0x92	; 0x92 <__fixunssfsi>
    2d9e:	dc 01       	movw	r26, r24
    2da0:	cb 01       	movw	r24, r22
    2da2:	9e 83       	std	Y+6, r25	; 0x06
    2da4:	8d 83       	std	Y+5, r24	; 0x05
    2da6:	8d 81       	ldd	r24, Y+5	; 0x05
    2da8:	9e 81       	ldd	r25, Y+6	; 0x06
    2daa:	9a 83       	std	Y+2, r25	; 0x02
    2dac:	89 83       	std	Y+1, r24	; 0x01
    2dae:	89 81       	ldd	r24, Y+1	; 0x01
    2db0:	9a 81       	ldd	r25, Y+2	; 0x02
    2db2:	01 97       	sbiw	r24, 0x01	; 1
    2db4:	f1 f7       	brne	.-4      	; 0x2db2 <LCD_init+0x10c>
    2db6:	9a 83       	std	Y+2, r25	; 0x02
    2db8:	89 83       	std	Y+1, r24	; 0x01

	_delay_ms(20);		/* LCD Power ON delay always > 15ms */

	/* use 2-lines LCD + 8-bits Data Mode + 5*7 dot display Mode */
	LCD_sendCommand(LCD_TWO_LINES_EIGHT_BITS_MODE);
    2dba:	88 e3       	ldi	r24, 0x38	; 56
    2dbc:	0e 94 ef 16 	call	0x2dde	; 0x2dde <LCD_sendCommand>
	LCD_sendCommand(LCD_CURSOR_OFF); /* cursor off */
    2dc0:	8c e0       	ldi	r24, 0x0C	; 12
    2dc2:	0e 94 ef 16 	call	0x2dde	; 0x2dde <LCD_sendCommand>
	LCD_sendCommand(LCD_CLEAR_COMMAND); /* clear LCD at the beginning */
    2dc6:	81 e0       	ldi	r24, 0x01	; 1
    2dc8:	0e 94 ef 16 	call	0x2dde	; 0x2dde <LCD_sendCommand>
}
    2dcc:	2e 96       	adiw	r28, 0x0e	; 14
    2dce:	0f b6       	in	r0, 0x3f	; 63
    2dd0:	f8 94       	cli
    2dd2:	de bf       	out	0x3e, r29	; 62
    2dd4:	0f be       	out	0x3f, r0	; 63
    2dd6:	cd bf       	out	0x3d, r28	; 61
    2dd8:	cf 91       	pop	r28
    2dda:	df 91       	pop	r29
    2ddc:	08 95       	ret

00002dde <LCD_sendCommand>:
/*
 * Description :
 * Send the required command to the screen
 */
void LCD_sendCommand(u8 command)
{
    2dde:	df 93       	push	r29
    2de0:	cf 93       	push	r28
    2de2:	cd b7       	in	r28, 0x3d	; 61
    2de4:	de b7       	in	r29, 0x3e	; 62
    2de6:	e9 97       	sbiw	r28, 0x39	; 57
    2de8:	0f b6       	in	r0, 0x3f	; 63
    2dea:	f8 94       	cli
    2dec:	de bf       	out	0x3e, r29	; 62
    2dee:	0f be       	out	0x3f, r0	; 63
    2df0:	cd bf       	out	0x3d, r28	; 61
    2df2:	89 af       	std	Y+57, r24	; 0x39
	GPIO_voidSetPinValue(LCD_RS_PORT_ID,LCD_RS_PIN_ID,PIN_LOW); /* Instruction Mode RS=0 */
    2df4:	82 e0       	ldi	r24, 0x02	; 2
    2df6:	60 e0       	ldi	r22, 0x00	; 0
    2df8:	40 e0       	ldi	r20, 0x00	; 0
    2dfa:	0e 94 02 10 	call	0x2004	; 0x2004 <GPIO_voidSetPinValue>
    2dfe:	80 e0       	ldi	r24, 0x00	; 0
    2e00:	90 e0       	ldi	r25, 0x00	; 0
    2e02:	a0 e8       	ldi	r26, 0x80	; 128
    2e04:	bf e3       	ldi	r27, 0x3F	; 63
    2e06:	8d ab       	std	Y+53, r24	; 0x35
    2e08:	9e ab       	std	Y+54, r25	; 0x36
    2e0a:	af ab       	std	Y+55, r26	; 0x37
    2e0c:	b8 af       	std	Y+56, r27	; 0x38
 */
void
_delay_ms(double __ms)
{
	uint16_t __ticks;
	double __tmp = ((F_CPU) / 4e3) * __ms;
    2e0e:	6d a9       	ldd	r22, Y+53	; 0x35
    2e10:	7e a9       	ldd	r23, Y+54	; 0x36
    2e12:	8f a9       	ldd	r24, Y+55	; 0x37
    2e14:	98 ad       	ldd	r25, Y+56	; 0x38
    2e16:	20 e0       	ldi	r18, 0x00	; 0
    2e18:	30 e0       	ldi	r19, 0x00	; 0
    2e1a:	4a ef       	ldi	r20, 0xFA	; 250
    2e1c:	54 e4       	ldi	r21, 0x44	; 68
    2e1e:	0e 94 1f 02 	call	0x43e	; 0x43e <__mulsf3>
    2e22:	dc 01       	movw	r26, r24
    2e24:	cb 01       	movw	r24, r22
    2e26:	89 ab       	std	Y+49, r24	; 0x31
    2e28:	9a ab       	std	Y+50, r25	; 0x32
    2e2a:	ab ab       	std	Y+51, r26	; 0x33
    2e2c:	bc ab       	std	Y+52, r27	; 0x34
	if (__tmp < 1.0)
    2e2e:	69 a9       	ldd	r22, Y+49	; 0x31
    2e30:	7a a9       	ldd	r23, Y+50	; 0x32
    2e32:	8b a9       	ldd	r24, Y+51	; 0x33
    2e34:	9c a9       	ldd	r25, Y+52	; 0x34
    2e36:	20 e0       	ldi	r18, 0x00	; 0
    2e38:	30 e0       	ldi	r19, 0x00	; 0
    2e3a:	40 e8       	ldi	r20, 0x80	; 128
    2e3c:	5f e3       	ldi	r21, 0x3F	; 63
    2e3e:	0e 94 79 03 	call	0x6f2	; 0x6f2 <__ltsf2>
    2e42:	88 23       	and	r24, r24
    2e44:	2c f4       	brge	.+10     	; 0x2e50 <LCD_sendCommand+0x72>
		__ticks = 1;
    2e46:	81 e0       	ldi	r24, 0x01	; 1
    2e48:	90 e0       	ldi	r25, 0x00	; 0
    2e4a:	98 ab       	std	Y+48, r25	; 0x30
    2e4c:	8f a7       	std	Y+47, r24	; 0x2f
    2e4e:	3f c0       	rjmp	.+126    	; 0x2ece <LCD_sendCommand+0xf0>
	else if (__tmp > 65535)
    2e50:	69 a9       	ldd	r22, Y+49	; 0x31
    2e52:	7a a9       	ldd	r23, Y+50	; 0x32
    2e54:	8b a9       	ldd	r24, Y+51	; 0x33
    2e56:	9c a9       	ldd	r25, Y+52	; 0x34
    2e58:	20 e0       	ldi	r18, 0x00	; 0
    2e5a:	3f ef       	ldi	r19, 0xFF	; 255
    2e5c:	4f e7       	ldi	r20, 0x7F	; 127
    2e5e:	57 e4       	ldi	r21, 0x47	; 71
    2e60:	0e 94 19 03 	call	0x632	; 0x632 <__gtsf2>
    2e64:	18 16       	cp	r1, r24
    2e66:	4c f5       	brge	.+82     	; 0x2eba <LCD_sendCommand+0xdc>
	{
		//	__ticks = requested delay in 1/10 ms
		__ticks = (uint16_t) (__ms * 10.0);
    2e68:	6d a9       	ldd	r22, Y+53	; 0x35
    2e6a:	7e a9       	ldd	r23, Y+54	; 0x36
    2e6c:	8f a9       	ldd	r24, Y+55	; 0x37
    2e6e:	98 ad       	ldd	r25, Y+56	; 0x38
    2e70:	20 e0       	ldi	r18, 0x00	; 0
    2e72:	30 e0       	ldi	r19, 0x00	; 0
    2e74:	40 e2       	ldi	r20, 0x20	; 32
    2e76:	51 e4       	ldi	r21, 0x41	; 65
    2e78:	0e 94 1f 02 	call	0x43e	; 0x43e <__mulsf3>
    2e7c:	dc 01       	movw	r26, r24
    2e7e:	cb 01       	movw	r24, r22
    2e80:	bc 01       	movw	r22, r24
    2e82:	cd 01       	movw	r24, r26
    2e84:	0e 94 49 00 	call	0x92	; 0x92 <__fixunssfsi>
    2e88:	dc 01       	movw	r26, r24
    2e8a:	cb 01       	movw	r24, r22
    2e8c:	98 ab       	std	Y+48, r25	; 0x30
    2e8e:	8f a7       	std	Y+47, r24	; 0x2f
    2e90:	0f c0       	rjmp	.+30     	; 0x2eb0 <LCD_sendCommand+0xd2>
    2e92:	88 ec       	ldi	r24, 0xC8	; 200
    2e94:	90 e0       	ldi	r25, 0x00	; 0
    2e96:	9e a7       	std	Y+46, r25	; 0x2e
    2e98:	8d a7       	std	Y+45, r24	; 0x2d
    2e9a:	8d a5       	ldd	r24, Y+45	; 0x2d
    2e9c:	9e a5       	ldd	r25, Y+46	; 0x2e
    2e9e:	01 97       	sbiw	r24, 0x01	; 1
    2ea0:	f1 f7       	brne	.-4      	; 0x2e9e <LCD_sendCommand+0xc0>
    2ea2:	9e a7       	std	Y+46, r25	; 0x2e
    2ea4:	8d a7       	std	Y+45, r24	; 0x2d
		while(__ticks)
		{
			// wait 1/10 ms
			_delay_loop_2(((F_CPU) / 4e3) / 10);
			__ticks --;
    2ea6:	8f a5       	ldd	r24, Y+47	; 0x2f
    2ea8:	98 a9       	ldd	r25, Y+48	; 0x30
    2eaa:	01 97       	sbiw	r24, 0x01	; 1
    2eac:	98 ab       	std	Y+48, r25	; 0x30
    2eae:	8f a7       	std	Y+47, r24	; 0x2f
		__ticks = 1;
	else if (__tmp > 65535)
	{
		//	__ticks = requested delay in 1/10 ms
		__ticks = (uint16_t) (__ms * 10.0);
		while(__ticks)
    2eb0:	8f a5       	ldd	r24, Y+47	; 0x2f
    2eb2:	98 a9       	ldd	r25, Y+48	; 0x30
    2eb4:	00 97       	sbiw	r24, 0x00	; 0
    2eb6:	69 f7       	brne	.-38     	; 0x2e92 <LCD_sendCommand+0xb4>
    2eb8:	14 c0       	rjmp	.+40     	; 0x2ee2 <LCD_sendCommand+0x104>
			__ticks --;
		}
		return;
	}
	else
		__ticks = (uint16_t)__tmp;
    2eba:	69 a9       	ldd	r22, Y+49	; 0x31
    2ebc:	7a a9       	ldd	r23, Y+50	; 0x32
    2ebe:	8b a9       	ldd	r24, Y+51	; 0x33
    2ec0:	9c a9       	ldd	r25, Y+52	; 0x34
    2ec2:	0e 94 49 00 	call	0x92	; 0x92 <__fixunssfsi>
    2ec6:	dc 01       	movw	r26, r24
    2ec8:	cb 01       	movw	r24, r22
    2eca:	98 ab       	std	Y+48, r25	; 0x30
    2ecc:	8f a7       	std	Y+47, r24	; 0x2f
    2ece:	8f a5       	ldd	r24, Y+47	; 0x2f
    2ed0:	98 a9       	ldd	r25, Y+48	; 0x30
    2ed2:	9c a7       	std	Y+44, r25	; 0x2c
    2ed4:	8b a7       	std	Y+43, r24	; 0x2b
    2ed6:	8b a5       	ldd	r24, Y+43	; 0x2b
    2ed8:	9c a5       	ldd	r25, Y+44	; 0x2c
    2eda:	01 97       	sbiw	r24, 0x01	; 1
    2edc:	f1 f7       	brne	.-4      	; 0x2eda <LCD_sendCommand+0xfc>
    2ede:	9c a7       	std	Y+44, r25	; 0x2c
    2ee0:	8b a7       	std	Y+43, r24	; 0x2b
	_delay_ms(1); /* delay for processing Tas = 50ns */
	GPIO_voidSetPinValue(LCD_E_PORT_ID,LCD_E_PIN_ID,PIN_HIGH); /* Enable LCD E=1 */
    2ee2:	82 e0       	ldi	r24, 0x02	; 2
    2ee4:	61 e0       	ldi	r22, 0x01	; 1
    2ee6:	41 e0       	ldi	r20, 0x01	; 1
    2ee8:	0e 94 02 10 	call	0x2004	; 0x2004 <GPIO_voidSetPinValue>
    2eec:	80 e0       	ldi	r24, 0x00	; 0
    2eee:	90 e0       	ldi	r25, 0x00	; 0
    2ef0:	a0 e8       	ldi	r26, 0x80	; 128
    2ef2:	bf e3       	ldi	r27, 0x3F	; 63
    2ef4:	8f a3       	std	Y+39, r24	; 0x27
    2ef6:	98 a7       	std	Y+40, r25	; 0x28
    2ef8:	a9 a7       	std	Y+41, r26	; 0x29
    2efa:	ba a7       	std	Y+42, r27	; 0x2a
 */
void
_delay_ms(double __ms)
{
	uint16_t __ticks;
	double __tmp = ((F_CPU) / 4e3) * __ms;
    2efc:	6f a1       	ldd	r22, Y+39	; 0x27
    2efe:	78 a5       	ldd	r23, Y+40	; 0x28
    2f00:	89 a5       	ldd	r24, Y+41	; 0x29
    2f02:	9a a5       	ldd	r25, Y+42	; 0x2a
    2f04:	20 e0       	ldi	r18, 0x00	; 0
    2f06:	30 e0       	ldi	r19, 0x00	; 0
    2f08:	4a ef       	ldi	r20, 0xFA	; 250
    2f0a:	54 e4       	ldi	r21, 0x44	; 68
    2f0c:	0e 94 1f 02 	call	0x43e	; 0x43e <__mulsf3>
    2f10:	dc 01       	movw	r26, r24
    2f12:	cb 01       	movw	r24, r22
    2f14:	8b a3       	std	Y+35, r24	; 0x23
    2f16:	9c a3       	std	Y+36, r25	; 0x24
    2f18:	ad a3       	std	Y+37, r26	; 0x25
    2f1a:	be a3       	std	Y+38, r27	; 0x26
	if (__tmp < 1.0)
    2f1c:	6b a1       	ldd	r22, Y+35	; 0x23
    2f1e:	7c a1       	ldd	r23, Y+36	; 0x24
    2f20:	8d a1       	ldd	r24, Y+37	; 0x25
    2f22:	9e a1       	ldd	r25, Y+38	; 0x26
    2f24:	20 e0       	ldi	r18, 0x00	; 0
    2f26:	30 e0       	ldi	r19, 0x00	; 0
    2f28:	40 e8       	ldi	r20, 0x80	; 128
    2f2a:	5f e3       	ldi	r21, 0x3F	; 63
    2f2c:	0e 94 79 03 	call	0x6f2	; 0x6f2 <__ltsf2>
    2f30:	88 23       	and	r24, r24
    2f32:	2c f4       	brge	.+10     	; 0x2f3e <LCD_sendCommand+0x160>
		__ticks = 1;
    2f34:	81 e0       	ldi	r24, 0x01	; 1
    2f36:	90 e0       	ldi	r25, 0x00	; 0
    2f38:	9a a3       	std	Y+34, r25	; 0x22
    2f3a:	89 a3       	std	Y+33, r24	; 0x21
    2f3c:	3f c0       	rjmp	.+126    	; 0x2fbc <LCD_sendCommand+0x1de>
	else if (__tmp > 65535)
    2f3e:	6b a1       	ldd	r22, Y+35	; 0x23
    2f40:	7c a1       	ldd	r23, Y+36	; 0x24
    2f42:	8d a1       	ldd	r24, Y+37	; 0x25
    2f44:	9e a1       	ldd	r25, Y+38	; 0x26
    2f46:	20 e0       	ldi	r18, 0x00	; 0
    2f48:	3f ef       	ldi	r19, 0xFF	; 255
    2f4a:	4f e7       	ldi	r20, 0x7F	; 127
    2f4c:	57 e4       	ldi	r21, 0x47	; 71
    2f4e:	0e 94 19 03 	call	0x632	; 0x632 <__gtsf2>
    2f52:	18 16       	cp	r1, r24
    2f54:	4c f5       	brge	.+82     	; 0x2fa8 <LCD_sendCommand+0x1ca>
	{
		//	__ticks = requested delay in 1/10 ms
		__ticks = (uint16_t) (__ms * 10.0);
    2f56:	6f a1       	ldd	r22, Y+39	; 0x27
    2f58:	78 a5       	ldd	r23, Y+40	; 0x28
    2f5a:	89 a5       	ldd	r24, Y+41	; 0x29
    2f5c:	9a a5       	ldd	r25, Y+42	; 0x2a
    2f5e:	20 e0       	ldi	r18, 0x00	; 0
    2f60:	30 e0       	ldi	r19, 0x00	; 0
    2f62:	40 e2       	ldi	r20, 0x20	; 32
    2f64:	51 e4       	ldi	r21, 0x41	; 65
    2f66:	0e 94 1f 02 	call	0x43e	; 0x43e <__mulsf3>
    2f6a:	dc 01       	movw	r26, r24
    2f6c:	cb 01       	movw	r24, r22
    2f6e:	bc 01       	movw	r22, r24
    2f70:	cd 01       	movw	r24, r26
    2f72:	0e 94 49 00 	call	0x92	; 0x92 <__fixunssfsi>
    2f76:	dc 01       	movw	r26, r24
    2f78:	cb 01       	movw	r24, r22
    2f7a:	9a a3       	std	Y+34, r25	; 0x22
    2f7c:	89 a3       	std	Y+33, r24	; 0x21
    2f7e:	0f c0       	rjmp	.+30     	; 0x2f9e <LCD_sendCommand+0x1c0>
    2f80:	88 ec       	ldi	r24, 0xC8	; 200
    2f82:	90 e0       	ldi	r25, 0x00	; 0
    2f84:	98 a3       	std	Y+32, r25	; 0x20
    2f86:	8f 8f       	std	Y+31, r24	; 0x1f
    2f88:	8f 8d       	ldd	r24, Y+31	; 0x1f
    2f8a:	98 a1       	ldd	r25, Y+32	; 0x20
    2f8c:	01 97       	sbiw	r24, 0x01	; 1
    2f8e:	f1 f7       	brne	.-4      	; 0x2f8c <LCD_sendCommand+0x1ae>
    2f90:	98 a3       	std	Y+32, r25	; 0x20
    2f92:	8f 8f       	std	Y+31, r24	; 0x1f
		while(__ticks)
		{
			// wait 1/10 ms
			_delay_loop_2(((F_CPU) / 4e3) / 10);
			__ticks --;
    2f94:	89 a1       	ldd	r24, Y+33	; 0x21
    2f96:	9a a1       	ldd	r25, Y+34	; 0x22
    2f98:	01 97       	sbiw	r24, 0x01	; 1
    2f9a:	9a a3       	std	Y+34, r25	; 0x22
    2f9c:	89 a3       	std	Y+33, r24	; 0x21
		__ticks = 1;
	else if (__tmp > 65535)
	{
		//	__ticks = requested delay in 1/10 ms
		__ticks = (uint16_t) (__ms * 10.0);
		while(__ticks)
    2f9e:	89 a1       	ldd	r24, Y+33	; 0x21
    2fa0:	9a a1       	ldd	r25, Y+34	; 0x22
    2fa2:	00 97       	sbiw	r24, 0x00	; 0
    2fa4:	69 f7       	brne	.-38     	; 0x2f80 <LCD_sendCommand+0x1a2>
    2fa6:	14 c0       	rjmp	.+40     	; 0x2fd0 <LCD_sendCommand+0x1f2>
			__ticks --;
		}
		return;
	}
	else
		__ticks = (uint16_t)__tmp;
    2fa8:	6b a1       	ldd	r22, Y+35	; 0x23
    2faa:	7c a1       	ldd	r23, Y+36	; 0x24
    2fac:	8d a1       	ldd	r24, Y+37	; 0x25
    2fae:	9e a1       	ldd	r25, Y+38	; 0x26
    2fb0:	0e 94 49 00 	call	0x92	; 0x92 <__fixunssfsi>
    2fb4:	dc 01       	movw	r26, r24
    2fb6:	cb 01       	movw	r24, r22
    2fb8:	9a a3       	std	Y+34, r25	; 0x22
    2fba:	89 a3       	std	Y+33, r24	; 0x21
    2fbc:	89 a1       	ldd	r24, Y+33	; 0x21
    2fbe:	9a a1       	ldd	r25, Y+34	; 0x22
    2fc0:	9e 8f       	std	Y+30, r25	; 0x1e
    2fc2:	8d 8f       	std	Y+29, r24	; 0x1d
    2fc4:	8d 8d       	ldd	r24, Y+29	; 0x1d
    2fc6:	9e 8d       	ldd	r25, Y+30	; 0x1e
    2fc8:	01 97       	sbiw	r24, 0x01	; 1
    2fca:	f1 f7       	brne	.-4      	; 0x2fc8 <LCD_sendCommand+0x1ea>
    2fcc:	9e 8f       	std	Y+30, r25	; 0x1e
    2fce:	8d 8f       	std	Y+29, r24	; 0x1d
	_delay_ms(1); /* delay for processing Tpw - Tdws = 190ns */
	GPIO_voidSetPortValue(LCD_DATA_PORT_ID,command); /* out the required command to the data bus D0 --> D7 */
    2fd0:	80 e0       	ldi	r24, 0x00	; 0
    2fd2:	69 ad       	ldd	r22, Y+57	; 0x39
    2fd4:	0e 94 c1 0f 	call	0x1f82	; 0x1f82 <GPIO_voidSetPortValue>
    2fd8:	80 e0       	ldi	r24, 0x00	; 0
    2fda:	90 e0       	ldi	r25, 0x00	; 0
    2fdc:	a0 e8       	ldi	r26, 0x80	; 128
    2fde:	bf e3       	ldi	r27, 0x3F	; 63
    2fe0:	89 8f       	std	Y+25, r24	; 0x19
    2fe2:	9a 8f       	std	Y+26, r25	; 0x1a
    2fe4:	ab 8f       	std	Y+27, r26	; 0x1b
    2fe6:	bc 8f       	std	Y+28, r27	; 0x1c
 */
void
_delay_ms(double __ms)
{
	uint16_t __ticks;
	double __tmp = ((F_CPU) / 4e3) * __ms;
    2fe8:	69 8d       	ldd	r22, Y+25	; 0x19
    2fea:	7a 8d       	ldd	r23, Y+26	; 0x1a
    2fec:	8b 8d       	ldd	r24, Y+27	; 0x1b
    2fee:	9c 8d       	ldd	r25, Y+28	; 0x1c
    2ff0:	20 e0       	ldi	r18, 0x00	; 0
    2ff2:	30 e0       	ldi	r19, 0x00	; 0
    2ff4:	4a ef       	ldi	r20, 0xFA	; 250
    2ff6:	54 e4       	ldi	r21, 0x44	; 68
    2ff8:	0e 94 1f 02 	call	0x43e	; 0x43e <__mulsf3>
    2ffc:	dc 01       	movw	r26, r24
    2ffe:	cb 01       	movw	r24, r22
    3000:	8d 8b       	std	Y+21, r24	; 0x15
    3002:	9e 8b       	std	Y+22, r25	; 0x16
    3004:	af 8b       	std	Y+23, r26	; 0x17
    3006:	b8 8f       	std	Y+24, r27	; 0x18
	if (__tmp < 1.0)
    3008:	6d 89       	ldd	r22, Y+21	; 0x15
    300a:	7e 89       	ldd	r23, Y+22	; 0x16
    300c:	8f 89       	ldd	r24, Y+23	; 0x17
    300e:	98 8d       	ldd	r25, Y+24	; 0x18
    3010:	20 e0       	ldi	r18, 0x00	; 0
    3012:	30 e0       	ldi	r19, 0x00	; 0
    3014:	40 e8       	ldi	r20, 0x80	; 128
    3016:	5f e3       	ldi	r21, 0x3F	; 63
    3018:	0e 94 79 03 	call	0x6f2	; 0x6f2 <__ltsf2>
    301c:	88 23       	and	r24, r24
    301e:	2c f4       	brge	.+10     	; 0x302a <LCD_sendCommand+0x24c>
		__ticks = 1;
    3020:	81 e0       	ldi	r24, 0x01	; 1
    3022:	90 e0       	ldi	r25, 0x00	; 0
    3024:	9c 8b       	std	Y+20, r25	; 0x14
    3026:	8b 8b       	std	Y+19, r24	; 0x13
    3028:	3f c0       	rjmp	.+126    	; 0x30a8 <LCD_sendCommand+0x2ca>
	else if (__tmp > 65535)
    302a:	6d 89       	ldd	r22, Y+21	; 0x15
    302c:	7e 89       	ldd	r23, Y+22	; 0x16
    302e:	8f 89       	ldd	r24, Y+23	; 0x17
    3030:	98 8d       	ldd	r25, Y+24	; 0x18
    3032:	20 e0       	ldi	r18, 0x00	; 0
    3034:	3f ef       	ldi	r19, 0xFF	; 255
    3036:	4f e7       	ldi	r20, 0x7F	; 127
    3038:	57 e4       	ldi	r21, 0x47	; 71
    303a:	0e 94 19 03 	call	0x632	; 0x632 <__gtsf2>
    303e:	18 16       	cp	r1, r24
    3040:	4c f5       	brge	.+82     	; 0x3094 <LCD_sendCommand+0x2b6>
	{
		//	__ticks = requested delay in 1/10 ms
		__ticks = (uint16_t) (__ms * 10.0);
    3042:	69 8d       	ldd	r22, Y+25	; 0x19
    3044:	7a 8d       	ldd	r23, Y+26	; 0x1a
    3046:	8b 8d       	ldd	r24, Y+27	; 0x1b
    3048:	9c 8d       	ldd	r25, Y+28	; 0x1c
    304a:	20 e0       	ldi	r18, 0x00	; 0
    304c:	30 e0       	ldi	r19, 0x00	; 0
    304e:	40 e2       	ldi	r20, 0x20	; 32
    3050:	51 e4       	ldi	r21, 0x41	; 65
    3052:	0e 94 1f 02 	call	0x43e	; 0x43e <__mulsf3>
    3056:	dc 01       	movw	r26, r24
    3058:	cb 01       	movw	r24, r22
    305a:	bc 01       	movw	r22, r24
    305c:	cd 01       	movw	r24, r26
    305e:	0e 94 49 00 	call	0x92	; 0x92 <__fixunssfsi>
    3062:	dc 01       	movw	r26, r24
    3064:	cb 01       	movw	r24, r22
    3066:	9c 8b       	std	Y+20, r25	; 0x14
    3068:	8b 8b       	std	Y+19, r24	; 0x13
    306a:	0f c0       	rjmp	.+30     	; 0x308a <LCD_sendCommand+0x2ac>
    306c:	88 ec       	ldi	r24, 0xC8	; 200
    306e:	90 e0       	ldi	r25, 0x00	; 0
    3070:	9a 8b       	std	Y+18, r25	; 0x12
    3072:	89 8b       	std	Y+17, r24	; 0x11
    3074:	89 89       	ldd	r24, Y+17	; 0x11
    3076:	9a 89       	ldd	r25, Y+18	; 0x12
    3078:	01 97       	sbiw	r24, 0x01	; 1
    307a:	f1 f7       	brne	.-4      	; 0x3078 <LCD_sendCommand+0x29a>
    307c:	9a 8b       	std	Y+18, r25	; 0x12
    307e:	89 8b       	std	Y+17, r24	; 0x11
		while(__ticks)
		{
			// wait 1/10 ms
			_delay_loop_2(((F_CPU) / 4e3) / 10);
			__ticks --;
    3080:	8b 89       	ldd	r24, Y+19	; 0x13
    3082:	9c 89       	ldd	r25, Y+20	; 0x14
    3084:	01 97       	sbiw	r24, 0x01	; 1
    3086:	9c 8b       	std	Y+20, r25	; 0x14
    3088:	8b 8b       	std	Y+19, r24	; 0x13
		__ticks = 1;
	else if (__tmp > 65535)
	{
		//	__ticks = requested delay in 1/10 ms
		__ticks = (uint16_t) (__ms * 10.0);
		while(__ticks)
    308a:	8b 89       	ldd	r24, Y+19	; 0x13
    308c:	9c 89       	ldd	r25, Y+20	; 0x14
    308e:	00 97       	sbiw	r24, 0x00	; 0
    3090:	69 f7       	brne	.-38     	; 0x306c <LCD_sendCommand+0x28e>
    3092:	14 c0       	rjmp	.+40     	; 0x30bc <LCD_sendCommand+0x2de>
			__ticks --;
		}
		return;
	}
	else
		__ticks = (uint16_t)__tmp;
    3094:	6d 89       	ldd	r22, Y+21	; 0x15
    3096:	7e 89       	ldd	r23, Y+22	; 0x16
    3098:	8f 89       	ldd	r24, Y+23	; 0x17
    309a:	98 8d       	ldd	r25, Y+24	; 0x18
    309c:	0e 94 49 00 	call	0x92	; 0x92 <__fixunssfsi>
    30a0:	dc 01       	movw	r26, r24
    30a2:	cb 01       	movw	r24, r22
    30a4:	9c 8b       	std	Y+20, r25	; 0x14
    30a6:	8b 8b       	std	Y+19, r24	; 0x13
    30a8:	8b 89       	ldd	r24, Y+19	; 0x13
    30aa:	9c 89       	ldd	r25, Y+20	; 0x14
    30ac:	98 8b       	std	Y+16, r25	; 0x10
    30ae:	8f 87       	std	Y+15, r24	; 0x0f
    30b0:	8f 85       	ldd	r24, Y+15	; 0x0f
    30b2:	98 89       	ldd	r25, Y+16	; 0x10
    30b4:	01 97       	sbiw	r24, 0x01	; 1
    30b6:	f1 f7       	brne	.-4      	; 0x30b4 <LCD_sendCommand+0x2d6>
    30b8:	98 8b       	std	Y+16, r25	; 0x10
    30ba:	8f 87       	std	Y+15, r24	; 0x0f
	_delay_ms(1); /* delay for processing Tdsw = 100ns */
	GPIO_voidSetPinValue(LCD_E_PORT_ID,LCD_E_PIN_ID,PIN_LOW); /* Disable LCD E=0 */
    30bc:	82 e0       	ldi	r24, 0x02	; 2
    30be:	61 e0       	ldi	r22, 0x01	; 1
    30c0:	40 e0       	ldi	r20, 0x00	; 0
    30c2:	0e 94 02 10 	call	0x2004	; 0x2004 <GPIO_voidSetPinValue>
    30c6:	80 e0       	ldi	r24, 0x00	; 0
    30c8:	90 e0       	ldi	r25, 0x00	; 0
    30ca:	a0 e8       	ldi	r26, 0x80	; 128
    30cc:	bf e3       	ldi	r27, 0x3F	; 63
    30ce:	8b 87       	std	Y+11, r24	; 0x0b
    30d0:	9c 87       	std	Y+12, r25	; 0x0c
    30d2:	ad 87       	std	Y+13, r26	; 0x0d
    30d4:	be 87       	std	Y+14, r27	; 0x0e
 */
void
_delay_ms(double __ms)
{
	uint16_t __ticks;
	double __tmp = ((F_CPU) / 4e3) * __ms;
    30d6:	6b 85       	ldd	r22, Y+11	; 0x0b
    30d8:	7c 85       	ldd	r23, Y+12	; 0x0c
    30da:	8d 85       	ldd	r24, Y+13	; 0x0d
    30dc:	9e 85       	ldd	r25, Y+14	; 0x0e
    30de:	20 e0       	ldi	r18, 0x00	; 0
    30e0:	30 e0       	ldi	r19, 0x00	; 0
    30e2:	4a ef       	ldi	r20, 0xFA	; 250
    30e4:	54 e4       	ldi	r21, 0x44	; 68
    30e6:	0e 94 1f 02 	call	0x43e	; 0x43e <__mulsf3>
    30ea:	dc 01       	movw	r26, r24
    30ec:	cb 01       	movw	r24, r22
    30ee:	8f 83       	std	Y+7, r24	; 0x07
    30f0:	98 87       	std	Y+8, r25	; 0x08
    30f2:	a9 87       	std	Y+9, r26	; 0x09
    30f4:	ba 87       	std	Y+10, r27	; 0x0a
	if (__tmp < 1.0)
    30f6:	6f 81       	ldd	r22, Y+7	; 0x07
    30f8:	78 85       	ldd	r23, Y+8	; 0x08
    30fa:	89 85       	ldd	r24, Y+9	; 0x09
    30fc:	9a 85       	ldd	r25, Y+10	; 0x0a
    30fe:	20 e0       	ldi	r18, 0x00	; 0
    3100:	30 e0       	ldi	r19, 0x00	; 0
    3102:	40 e8       	ldi	r20, 0x80	; 128
    3104:	5f e3       	ldi	r21, 0x3F	; 63
    3106:	0e 94 79 03 	call	0x6f2	; 0x6f2 <__ltsf2>
    310a:	88 23       	and	r24, r24
    310c:	2c f4       	brge	.+10     	; 0x3118 <LCD_sendCommand+0x33a>
		__ticks = 1;
    310e:	81 e0       	ldi	r24, 0x01	; 1
    3110:	90 e0       	ldi	r25, 0x00	; 0
    3112:	9e 83       	std	Y+6, r25	; 0x06
    3114:	8d 83       	std	Y+5, r24	; 0x05
    3116:	3f c0       	rjmp	.+126    	; 0x3196 <LCD_sendCommand+0x3b8>
	else if (__tmp > 65535)
    3118:	6f 81       	ldd	r22, Y+7	; 0x07
    311a:	78 85       	ldd	r23, Y+8	; 0x08
    311c:	89 85       	ldd	r24, Y+9	; 0x09
    311e:	9a 85       	ldd	r25, Y+10	; 0x0a
    3120:	20 e0       	ldi	r18, 0x00	; 0
    3122:	3f ef       	ldi	r19, 0xFF	; 255
    3124:	4f e7       	ldi	r20, 0x7F	; 127
    3126:	57 e4       	ldi	r21, 0x47	; 71
    3128:	0e 94 19 03 	call	0x632	; 0x632 <__gtsf2>
    312c:	18 16       	cp	r1, r24
    312e:	4c f5       	brge	.+82     	; 0x3182 <LCD_sendCommand+0x3a4>
	{
		//	__ticks = requested delay in 1/10 ms
		__ticks = (uint16_t) (__ms * 10.0);
    3130:	6b 85       	ldd	r22, Y+11	; 0x0b
    3132:	7c 85       	ldd	r23, Y+12	; 0x0c
    3134:	8d 85       	ldd	r24, Y+13	; 0x0d
    3136:	9e 85       	ldd	r25, Y+14	; 0x0e
    3138:	20 e0       	ldi	r18, 0x00	; 0
    313a:	30 e0       	ldi	r19, 0x00	; 0
    313c:	40 e2       	ldi	r20, 0x20	; 32
    313e:	51 e4       	ldi	r21, 0x41	; 65
    3140:	0e 94 1f 02 	call	0x43e	; 0x43e <__mulsf3>
    3144:	dc 01       	movw	r26, r24
    3146:	cb 01       	movw	r24, r22
    3148:	bc 01       	movw	r22, r24
    314a:	cd 01       	movw	r24, r26
    314c:	0e 94 49 00 	call	0x92	; 0x92 <__fixunssfsi>
    3150:	dc 01       	movw	r26, r24
    3152:	cb 01       	movw	r24, r22
    3154:	9e 83       	std	Y+6, r25	; 0x06
    3156:	8d 83       	std	Y+5, r24	; 0x05
    3158:	0f c0       	rjmp	.+30     	; 0x3178 <LCD_sendCommand+0x39a>
    315a:	88 ec       	ldi	r24, 0xC8	; 200
    315c:	90 e0       	ldi	r25, 0x00	; 0
    315e:	9c 83       	std	Y+4, r25	; 0x04
    3160:	8b 83       	std	Y+3, r24	; 0x03
    3162:	8b 81       	ldd	r24, Y+3	; 0x03
    3164:	9c 81       	ldd	r25, Y+4	; 0x04
    3166:	01 97       	sbiw	r24, 0x01	; 1
    3168:	f1 f7       	brne	.-4      	; 0x3166 <LCD_sendCommand+0x388>
    316a:	9c 83       	std	Y+4, r25	; 0x04
    316c:	8b 83       	std	Y+3, r24	; 0x03
		while(__ticks)
		{
			// wait 1/10 ms
			_delay_loop_2(((F_CPU) / 4e3) / 10);
			__ticks --;
    316e:	8d 81       	ldd	r24, Y+5	; 0x05
    3170:	9e 81       	ldd	r25, Y+6	; 0x06
    3172:	01 97       	sbiw	r24, 0x01	; 1
    3174:	9e 83       	std	Y+6, r25	; 0x06
    3176:	8d 83       	std	Y+5, r24	; 0x05
		__ticks = 1;
	else if (__tmp > 65535)
	{
		//	__ticks = requested delay in 1/10 ms
		__ticks = (uint16_t) (__ms * 10.0);
		while(__ticks)
    3178:	8d 81       	ldd	r24, Y+5	; 0x05
    317a:	9e 81       	ldd	r25, Y+6	; 0x06
    317c:	00 97       	sbiw	r24, 0x00	; 0
    317e:	69 f7       	brne	.-38     	; 0x315a <LCD_sendCommand+0x37c>
    3180:	14 c0       	rjmp	.+40     	; 0x31aa <LCD_sendCommand+0x3cc>
			__ticks --;
		}
		return;
	}
	else
		__ticks = (uint16_t)__tmp;
    3182:	6f 81       	ldd	r22, Y+7	; 0x07
    3184:	78 85       	ldd	r23, Y+8	; 0x08
    3186:	89 85       	ldd	r24, Y+9	; 0x09
    3188:	9a 85       	ldd	r25, Y+10	; 0x0a
    318a:	0e 94 49 00 	call	0x92	; 0x92 <__fixunssfsi>
    318e:	dc 01       	movw	r26, r24
    3190:	cb 01       	movw	r24, r22
    3192:	9e 83       	std	Y+6, r25	; 0x06
    3194:	8d 83       	std	Y+5, r24	; 0x05
    3196:	8d 81       	ldd	r24, Y+5	; 0x05
    3198:	9e 81       	ldd	r25, Y+6	; 0x06
    319a:	9a 83       	std	Y+2, r25	; 0x02
    319c:	89 83       	std	Y+1, r24	; 0x01
    319e:	89 81       	ldd	r24, Y+1	; 0x01
    31a0:	9a 81       	ldd	r25, Y+2	; 0x02
    31a2:	01 97       	sbiw	r24, 0x01	; 1
    31a4:	f1 f7       	brne	.-4      	; 0x31a2 <LCD_sendCommand+0x3c4>
    31a6:	9a 83       	std	Y+2, r25	; 0x02
    31a8:	89 83       	std	Y+1, r24	; 0x01
	_delay_ms(1); /* delay for processing Th = 13ns */
}
    31aa:	e9 96       	adiw	r28, 0x39	; 57
    31ac:	0f b6       	in	r0, 0x3f	; 63
    31ae:	f8 94       	cli
    31b0:	de bf       	out	0x3e, r29	; 62
    31b2:	0f be       	out	0x3f, r0	; 63
    31b4:	cd bf       	out	0x3d, r28	; 61
    31b6:	cf 91       	pop	r28
    31b8:	df 91       	pop	r29
    31ba:	08 95       	ret

000031bc <LCD_displayCharacter>:
/*
 * Description :
 * Display the required character on the screen
 */
void LCD_displayCharacter(u8 data)
{
    31bc:	df 93       	push	r29
    31be:	cf 93       	push	r28
    31c0:	cd b7       	in	r28, 0x3d	; 61
    31c2:	de b7       	in	r29, 0x3e	; 62
    31c4:	e9 97       	sbiw	r28, 0x39	; 57
    31c6:	0f b6       	in	r0, 0x3f	; 63
    31c8:	f8 94       	cli
    31ca:	de bf       	out	0x3e, r29	; 62
    31cc:	0f be       	out	0x3f, r0	; 63
    31ce:	cd bf       	out	0x3d, r28	; 61
    31d0:	89 af       	std	Y+57, r24	; 0x39
	GPIO_voidSetPinValue(LCD_RS_PORT_ID,LCD_RS_PIN_ID,PIN_HIGH); /* Data Mode RS=1 */
    31d2:	82 e0       	ldi	r24, 0x02	; 2
    31d4:	60 e0       	ldi	r22, 0x00	; 0
    31d6:	41 e0       	ldi	r20, 0x01	; 1
    31d8:	0e 94 02 10 	call	0x2004	; 0x2004 <GPIO_voidSetPinValue>
    31dc:	80 e0       	ldi	r24, 0x00	; 0
    31de:	90 e0       	ldi	r25, 0x00	; 0
    31e0:	a0 e8       	ldi	r26, 0x80	; 128
    31e2:	bf e3       	ldi	r27, 0x3F	; 63
    31e4:	8d ab       	std	Y+53, r24	; 0x35
    31e6:	9e ab       	std	Y+54, r25	; 0x36
    31e8:	af ab       	std	Y+55, r26	; 0x37
    31ea:	b8 af       	std	Y+56, r27	; 0x38
 */
void
_delay_ms(double __ms)
{
	uint16_t __ticks;
	double __tmp = ((F_CPU) / 4e3) * __ms;
    31ec:	6d a9       	ldd	r22, Y+53	; 0x35
    31ee:	7e a9       	ldd	r23, Y+54	; 0x36
    31f0:	8f a9       	ldd	r24, Y+55	; 0x37
    31f2:	98 ad       	ldd	r25, Y+56	; 0x38
    31f4:	20 e0       	ldi	r18, 0x00	; 0
    31f6:	30 e0       	ldi	r19, 0x00	; 0
    31f8:	4a ef       	ldi	r20, 0xFA	; 250
    31fa:	54 e4       	ldi	r21, 0x44	; 68
    31fc:	0e 94 1f 02 	call	0x43e	; 0x43e <__mulsf3>
    3200:	dc 01       	movw	r26, r24
    3202:	cb 01       	movw	r24, r22
    3204:	89 ab       	std	Y+49, r24	; 0x31
    3206:	9a ab       	std	Y+50, r25	; 0x32
    3208:	ab ab       	std	Y+51, r26	; 0x33
    320a:	bc ab       	std	Y+52, r27	; 0x34
	if (__tmp < 1.0)
    320c:	69 a9       	ldd	r22, Y+49	; 0x31
    320e:	7a a9       	ldd	r23, Y+50	; 0x32
    3210:	8b a9       	ldd	r24, Y+51	; 0x33
    3212:	9c a9       	ldd	r25, Y+52	; 0x34
    3214:	20 e0       	ldi	r18, 0x00	; 0
    3216:	30 e0       	ldi	r19, 0x00	; 0
    3218:	40 e8       	ldi	r20, 0x80	; 128
    321a:	5f e3       	ldi	r21, 0x3F	; 63
    321c:	0e 94 79 03 	call	0x6f2	; 0x6f2 <__ltsf2>
    3220:	88 23       	and	r24, r24
    3222:	2c f4       	brge	.+10     	; 0x322e <LCD_displayCharacter+0x72>
		__ticks = 1;
    3224:	81 e0       	ldi	r24, 0x01	; 1
    3226:	90 e0       	ldi	r25, 0x00	; 0
    3228:	98 ab       	std	Y+48, r25	; 0x30
    322a:	8f a7       	std	Y+47, r24	; 0x2f
    322c:	3f c0       	rjmp	.+126    	; 0x32ac <LCD_displayCharacter+0xf0>
	else if (__tmp > 65535)
    322e:	69 a9       	ldd	r22, Y+49	; 0x31
    3230:	7a a9       	ldd	r23, Y+50	; 0x32
    3232:	8b a9       	ldd	r24, Y+51	; 0x33
    3234:	9c a9       	ldd	r25, Y+52	; 0x34
    3236:	20 e0       	ldi	r18, 0x00	; 0
    3238:	3f ef       	ldi	r19, 0xFF	; 255
    323a:	4f e7       	ldi	r20, 0x7F	; 127
    323c:	57 e4       	ldi	r21, 0x47	; 71
    323e:	0e 94 19 03 	call	0x632	; 0x632 <__gtsf2>
    3242:	18 16       	cp	r1, r24
    3244:	4c f5       	brge	.+82     	; 0x3298 <LCD_displayCharacter+0xdc>
	{
		//	__ticks = requested delay in 1/10 ms
		__ticks = (uint16_t) (__ms * 10.0);
    3246:	6d a9       	ldd	r22, Y+53	; 0x35
    3248:	7e a9       	ldd	r23, Y+54	; 0x36
    324a:	8f a9       	ldd	r24, Y+55	; 0x37
    324c:	98 ad       	ldd	r25, Y+56	; 0x38
    324e:	20 e0       	ldi	r18, 0x00	; 0
    3250:	30 e0       	ldi	r19, 0x00	; 0
    3252:	40 e2       	ldi	r20, 0x20	; 32
    3254:	51 e4       	ldi	r21, 0x41	; 65
    3256:	0e 94 1f 02 	call	0x43e	; 0x43e <__mulsf3>
    325a:	dc 01       	movw	r26, r24
    325c:	cb 01       	movw	r24, r22
    325e:	bc 01       	movw	r22, r24
    3260:	cd 01       	movw	r24, r26
    3262:	0e 94 49 00 	call	0x92	; 0x92 <__fixunssfsi>
    3266:	dc 01       	movw	r26, r24
    3268:	cb 01       	movw	r24, r22
    326a:	98 ab       	std	Y+48, r25	; 0x30
    326c:	8f a7       	std	Y+47, r24	; 0x2f
    326e:	0f c0       	rjmp	.+30     	; 0x328e <LCD_displayCharacter+0xd2>
    3270:	88 ec       	ldi	r24, 0xC8	; 200
    3272:	90 e0       	ldi	r25, 0x00	; 0
    3274:	9e a7       	std	Y+46, r25	; 0x2e
    3276:	8d a7       	std	Y+45, r24	; 0x2d
    3278:	8d a5       	ldd	r24, Y+45	; 0x2d
    327a:	9e a5       	ldd	r25, Y+46	; 0x2e
    327c:	01 97       	sbiw	r24, 0x01	; 1
    327e:	f1 f7       	brne	.-4      	; 0x327c <LCD_displayCharacter+0xc0>
    3280:	9e a7       	std	Y+46, r25	; 0x2e
    3282:	8d a7       	std	Y+45, r24	; 0x2d
		while(__ticks)
		{
			// wait 1/10 ms
			_delay_loop_2(((F_CPU) / 4e3) / 10);
			__ticks --;
    3284:	8f a5       	ldd	r24, Y+47	; 0x2f
    3286:	98 a9       	ldd	r25, Y+48	; 0x30
    3288:	01 97       	sbiw	r24, 0x01	; 1
    328a:	98 ab       	std	Y+48, r25	; 0x30
    328c:	8f a7       	std	Y+47, r24	; 0x2f
		__ticks = 1;
	else if (__tmp > 65535)
	{
		//	__ticks = requested delay in 1/10 ms
		__ticks = (uint16_t) (__ms * 10.0);
		while(__ticks)
    328e:	8f a5       	ldd	r24, Y+47	; 0x2f
    3290:	98 a9       	ldd	r25, Y+48	; 0x30
    3292:	00 97       	sbiw	r24, 0x00	; 0
    3294:	69 f7       	brne	.-38     	; 0x3270 <LCD_displayCharacter+0xb4>
    3296:	14 c0       	rjmp	.+40     	; 0x32c0 <LCD_displayCharacter+0x104>
			__ticks --;
		}
		return;
	}
	else
		__ticks = (uint16_t)__tmp;
    3298:	69 a9       	ldd	r22, Y+49	; 0x31
    329a:	7a a9       	ldd	r23, Y+50	; 0x32
    329c:	8b a9       	ldd	r24, Y+51	; 0x33
    329e:	9c a9       	ldd	r25, Y+52	; 0x34
    32a0:	0e 94 49 00 	call	0x92	; 0x92 <__fixunssfsi>
    32a4:	dc 01       	movw	r26, r24
    32a6:	cb 01       	movw	r24, r22
    32a8:	98 ab       	std	Y+48, r25	; 0x30
    32aa:	8f a7       	std	Y+47, r24	; 0x2f
    32ac:	8f a5       	ldd	r24, Y+47	; 0x2f
    32ae:	98 a9       	ldd	r25, Y+48	; 0x30
    32b0:	9c a7       	std	Y+44, r25	; 0x2c
    32b2:	8b a7       	std	Y+43, r24	; 0x2b
    32b4:	8b a5       	ldd	r24, Y+43	; 0x2b
    32b6:	9c a5       	ldd	r25, Y+44	; 0x2c
    32b8:	01 97       	sbiw	r24, 0x01	; 1
    32ba:	f1 f7       	brne	.-4      	; 0x32b8 <LCD_displayCharacter+0xfc>
    32bc:	9c a7       	std	Y+44, r25	; 0x2c
    32be:	8b a7       	std	Y+43, r24	; 0x2b
	_delay_ms(1); /* delay for processing Tas = 50ns */
	GPIO_voidSetPinValue(LCD_E_PORT_ID,LCD_E_PIN_ID,PIN_HIGH); /* Enable LCD E=1 */
    32c0:	82 e0       	ldi	r24, 0x02	; 2
    32c2:	61 e0       	ldi	r22, 0x01	; 1
    32c4:	41 e0       	ldi	r20, 0x01	; 1
    32c6:	0e 94 02 10 	call	0x2004	; 0x2004 <GPIO_voidSetPinValue>
    32ca:	80 e0       	ldi	r24, 0x00	; 0
    32cc:	90 e0       	ldi	r25, 0x00	; 0
    32ce:	a0 e8       	ldi	r26, 0x80	; 128
    32d0:	bf e3       	ldi	r27, 0x3F	; 63
    32d2:	8f a3       	std	Y+39, r24	; 0x27
    32d4:	98 a7       	std	Y+40, r25	; 0x28
    32d6:	a9 a7       	std	Y+41, r26	; 0x29
    32d8:	ba a7       	std	Y+42, r27	; 0x2a
 */
void
_delay_ms(double __ms)
{
	uint16_t __ticks;
	double __tmp = ((F_CPU) / 4e3) * __ms;
    32da:	6f a1       	ldd	r22, Y+39	; 0x27
    32dc:	78 a5       	ldd	r23, Y+40	; 0x28
    32de:	89 a5       	ldd	r24, Y+41	; 0x29
    32e0:	9a a5       	ldd	r25, Y+42	; 0x2a
    32e2:	20 e0       	ldi	r18, 0x00	; 0
    32e4:	30 e0       	ldi	r19, 0x00	; 0
    32e6:	4a ef       	ldi	r20, 0xFA	; 250
    32e8:	54 e4       	ldi	r21, 0x44	; 68
    32ea:	0e 94 1f 02 	call	0x43e	; 0x43e <__mulsf3>
    32ee:	dc 01       	movw	r26, r24
    32f0:	cb 01       	movw	r24, r22
    32f2:	8b a3       	std	Y+35, r24	; 0x23
    32f4:	9c a3       	std	Y+36, r25	; 0x24
    32f6:	ad a3       	std	Y+37, r26	; 0x25
    32f8:	be a3       	std	Y+38, r27	; 0x26
	if (__tmp < 1.0)
    32fa:	6b a1       	ldd	r22, Y+35	; 0x23
    32fc:	7c a1       	ldd	r23, Y+36	; 0x24
    32fe:	8d a1       	ldd	r24, Y+37	; 0x25
    3300:	9e a1       	ldd	r25, Y+38	; 0x26
    3302:	20 e0       	ldi	r18, 0x00	; 0
    3304:	30 e0       	ldi	r19, 0x00	; 0
    3306:	40 e8       	ldi	r20, 0x80	; 128
    3308:	5f e3       	ldi	r21, 0x3F	; 63
    330a:	0e 94 79 03 	call	0x6f2	; 0x6f2 <__ltsf2>
    330e:	88 23       	and	r24, r24
    3310:	2c f4       	brge	.+10     	; 0x331c <LCD_displayCharacter+0x160>
		__ticks = 1;
    3312:	81 e0       	ldi	r24, 0x01	; 1
    3314:	90 e0       	ldi	r25, 0x00	; 0
    3316:	9a a3       	std	Y+34, r25	; 0x22
    3318:	89 a3       	std	Y+33, r24	; 0x21
    331a:	3f c0       	rjmp	.+126    	; 0x339a <LCD_displayCharacter+0x1de>
	else if (__tmp > 65535)
    331c:	6b a1       	ldd	r22, Y+35	; 0x23
    331e:	7c a1       	ldd	r23, Y+36	; 0x24
    3320:	8d a1       	ldd	r24, Y+37	; 0x25
    3322:	9e a1       	ldd	r25, Y+38	; 0x26
    3324:	20 e0       	ldi	r18, 0x00	; 0
    3326:	3f ef       	ldi	r19, 0xFF	; 255
    3328:	4f e7       	ldi	r20, 0x7F	; 127
    332a:	57 e4       	ldi	r21, 0x47	; 71
    332c:	0e 94 19 03 	call	0x632	; 0x632 <__gtsf2>
    3330:	18 16       	cp	r1, r24
    3332:	4c f5       	brge	.+82     	; 0x3386 <LCD_displayCharacter+0x1ca>
	{
		//	__ticks = requested delay in 1/10 ms
		__ticks = (uint16_t) (__ms * 10.0);
    3334:	6f a1       	ldd	r22, Y+39	; 0x27
    3336:	78 a5       	ldd	r23, Y+40	; 0x28
    3338:	89 a5       	ldd	r24, Y+41	; 0x29
    333a:	9a a5       	ldd	r25, Y+42	; 0x2a
    333c:	20 e0       	ldi	r18, 0x00	; 0
    333e:	30 e0       	ldi	r19, 0x00	; 0
    3340:	40 e2       	ldi	r20, 0x20	; 32
    3342:	51 e4       	ldi	r21, 0x41	; 65
    3344:	0e 94 1f 02 	call	0x43e	; 0x43e <__mulsf3>
    3348:	dc 01       	movw	r26, r24
    334a:	cb 01       	movw	r24, r22
    334c:	bc 01       	movw	r22, r24
    334e:	cd 01       	movw	r24, r26
    3350:	0e 94 49 00 	call	0x92	; 0x92 <__fixunssfsi>
    3354:	dc 01       	movw	r26, r24
    3356:	cb 01       	movw	r24, r22
    3358:	9a a3       	std	Y+34, r25	; 0x22
    335a:	89 a3       	std	Y+33, r24	; 0x21
    335c:	0f c0       	rjmp	.+30     	; 0x337c <LCD_displayCharacter+0x1c0>
    335e:	88 ec       	ldi	r24, 0xC8	; 200
    3360:	90 e0       	ldi	r25, 0x00	; 0
    3362:	98 a3       	std	Y+32, r25	; 0x20
    3364:	8f 8f       	std	Y+31, r24	; 0x1f
    3366:	8f 8d       	ldd	r24, Y+31	; 0x1f
    3368:	98 a1       	ldd	r25, Y+32	; 0x20
    336a:	01 97       	sbiw	r24, 0x01	; 1
    336c:	f1 f7       	brne	.-4      	; 0x336a <LCD_displayCharacter+0x1ae>
    336e:	98 a3       	std	Y+32, r25	; 0x20
    3370:	8f 8f       	std	Y+31, r24	; 0x1f
		while(__ticks)
		{
			// wait 1/10 ms
			_delay_loop_2(((F_CPU) / 4e3) / 10);
			__ticks --;
    3372:	89 a1       	ldd	r24, Y+33	; 0x21
    3374:	9a a1       	ldd	r25, Y+34	; 0x22
    3376:	01 97       	sbiw	r24, 0x01	; 1
    3378:	9a a3       	std	Y+34, r25	; 0x22
    337a:	89 a3       	std	Y+33, r24	; 0x21
		__ticks = 1;
	else if (__tmp > 65535)
	{
		//	__ticks = requested delay in 1/10 ms
		__ticks = (uint16_t) (__ms * 10.0);
		while(__ticks)
    337c:	89 a1       	ldd	r24, Y+33	; 0x21
    337e:	9a a1       	ldd	r25, Y+34	; 0x22
    3380:	00 97       	sbiw	r24, 0x00	; 0
    3382:	69 f7       	brne	.-38     	; 0x335e <LCD_displayCharacter+0x1a2>
    3384:	14 c0       	rjmp	.+40     	; 0x33ae <LCD_displayCharacter+0x1f2>
			__ticks --;
		}
		return;
	}
	else
		__ticks = (uint16_t)__tmp;
    3386:	6b a1       	ldd	r22, Y+35	; 0x23
    3388:	7c a1       	ldd	r23, Y+36	; 0x24
    338a:	8d a1       	ldd	r24, Y+37	; 0x25
    338c:	9e a1       	ldd	r25, Y+38	; 0x26
    338e:	0e 94 49 00 	call	0x92	; 0x92 <__fixunssfsi>
    3392:	dc 01       	movw	r26, r24
    3394:	cb 01       	movw	r24, r22
    3396:	9a a3       	std	Y+34, r25	; 0x22
    3398:	89 a3       	std	Y+33, r24	; 0x21
    339a:	89 a1       	ldd	r24, Y+33	; 0x21
    339c:	9a a1       	ldd	r25, Y+34	; 0x22
    339e:	9e 8f       	std	Y+30, r25	; 0x1e
    33a0:	8d 8f       	std	Y+29, r24	; 0x1d
    33a2:	8d 8d       	ldd	r24, Y+29	; 0x1d
    33a4:	9e 8d       	ldd	r25, Y+30	; 0x1e
    33a6:	01 97       	sbiw	r24, 0x01	; 1
    33a8:	f1 f7       	brne	.-4      	; 0x33a6 <LCD_displayCharacter+0x1ea>
    33aa:	9e 8f       	std	Y+30, r25	; 0x1e
    33ac:	8d 8f       	std	Y+29, r24	; 0x1d
	_delay_ms(1); /* delay for processing Tpw - Tdws = 190ns */
	GPIO_voidSetPortValue(LCD_DATA_PORT_ID,data); /* out the required command to the data bus D0 --> D7 */
    33ae:	80 e0       	ldi	r24, 0x00	; 0
    33b0:	69 ad       	ldd	r22, Y+57	; 0x39
    33b2:	0e 94 c1 0f 	call	0x1f82	; 0x1f82 <GPIO_voidSetPortValue>
    33b6:	80 e0       	ldi	r24, 0x00	; 0
    33b8:	90 e0       	ldi	r25, 0x00	; 0
    33ba:	a0 e8       	ldi	r26, 0x80	; 128
    33bc:	bf e3       	ldi	r27, 0x3F	; 63
    33be:	89 8f       	std	Y+25, r24	; 0x19
    33c0:	9a 8f       	std	Y+26, r25	; 0x1a
    33c2:	ab 8f       	std	Y+27, r26	; 0x1b
    33c4:	bc 8f       	std	Y+28, r27	; 0x1c
 */
void
_delay_ms(double __ms)
{
	uint16_t __ticks;
	double __tmp = ((F_CPU) / 4e3) * __ms;
    33c6:	69 8d       	ldd	r22, Y+25	; 0x19
    33c8:	7a 8d       	ldd	r23, Y+26	; 0x1a
    33ca:	8b 8d       	ldd	r24, Y+27	; 0x1b
    33cc:	9c 8d       	ldd	r25, Y+28	; 0x1c
    33ce:	20 e0       	ldi	r18, 0x00	; 0
    33d0:	30 e0       	ldi	r19, 0x00	; 0
    33d2:	4a ef       	ldi	r20, 0xFA	; 250
    33d4:	54 e4       	ldi	r21, 0x44	; 68
    33d6:	0e 94 1f 02 	call	0x43e	; 0x43e <__mulsf3>
    33da:	dc 01       	movw	r26, r24
    33dc:	cb 01       	movw	r24, r22
    33de:	8d 8b       	std	Y+21, r24	; 0x15
    33e0:	9e 8b       	std	Y+22, r25	; 0x16
    33e2:	af 8b       	std	Y+23, r26	; 0x17
    33e4:	b8 8f       	std	Y+24, r27	; 0x18
	if (__tmp < 1.0)
    33e6:	6d 89       	ldd	r22, Y+21	; 0x15
    33e8:	7e 89       	ldd	r23, Y+22	; 0x16
    33ea:	8f 89       	ldd	r24, Y+23	; 0x17
    33ec:	98 8d       	ldd	r25, Y+24	; 0x18
    33ee:	20 e0       	ldi	r18, 0x00	; 0
    33f0:	30 e0       	ldi	r19, 0x00	; 0
    33f2:	40 e8       	ldi	r20, 0x80	; 128
    33f4:	5f e3       	ldi	r21, 0x3F	; 63
    33f6:	0e 94 79 03 	call	0x6f2	; 0x6f2 <__ltsf2>
    33fa:	88 23       	and	r24, r24
    33fc:	2c f4       	brge	.+10     	; 0x3408 <LCD_displayCharacter+0x24c>
		__ticks = 1;
    33fe:	81 e0       	ldi	r24, 0x01	; 1
    3400:	90 e0       	ldi	r25, 0x00	; 0
    3402:	9c 8b       	std	Y+20, r25	; 0x14
    3404:	8b 8b       	std	Y+19, r24	; 0x13
    3406:	3f c0       	rjmp	.+126    	; 0x3486 <LCD_displayCharacter+0x2ca>
	else if (__tmp > 65535)
    3408:	6d 89       	ldd	r22, Y+21	; 0x15
    340a:	7e 89       	ldd	r23, Y+22	; 0x16
    340c:	8f 89       	ldd	r24, Y+23	; 0x17
    340e:	98 8d       	ldd	r25, Y+24	; 0x18
    3410:	20 e0       	ldi	r18, 0x00	; 0
    3412:	3f ef       	ldi	r19, 0xFF	; 255
    3414:	4f e7       	ldi	r20, 0x7F	; 127
    3416:	57 e4       	ldi	r21, 0x47	; 71
    3418:	0e 94 19 03 	call	0x632	; 0x632 <__gtsf2>
    341c:	18 16       	cp	r1, r24
    341e:	4c f5       	brge	.+82     	; 0x3472 <LCD_displayCharacter+0x2b6>
	{
		//	__ticks = requested delay in 1/10 ms
		__ticks = (uint16_t) (__ms * 10.0);
    3420:	69 8d       	ldd	r22, Y+25	; 0x19
    3422:	7a 8d       	ldd	r23, Y+26	; 0x1a
    3424:	8b 8d       	ldd	r24, Y+27	; 0x1b
    3426:	9c 8d       	ldd	r25, Y+28	; 0x1c
    3428:	20 e0       	ldi	r18, 0x00	; 0
    342a:	30 e0       	ldi	r19, 0x00	; 0
    342c:	40 e2       	ldi	r20, 0x20	; 32
    342e:	51 e4       	ldi	r21, 0x41	; 65
    3430:	0e 94 1f 02 	call	0x43e	; 0x43e <__mulsf3>
    3434:	dc 01       	movw	r26, r24
    3436:	cb 01       	movw	r24, r22
    3438:	bc 01       	movw	r22, r24
    343a:	cd 01       	movw	r24, r26
    343c:	0e 94 49 00 	call	0x92	; 0x92 <__fixunssfsi>
    3440:	dc 01       	movw	r26, r24
    3442:	cb 01       	movw	r24, r22
    3444:	9c 8b       	std	Y+20, r25	; 0x14
    3446:	8b 8b       	std	Y+19, r24	; 0x13
    3448:	0f c0       	rjmp	.+30     	; 0x3468 <LCD_displayCharacter+0x2ac>
    344a:	88 ec       	ldi	r24, 0xC8	; 200
    344c:	90 e0       	ldi	r25, 0x00	; 0
    344e:	9a 8b       	std	Y+18, r25	; 0x12
    3450:	89 8b       	std	Y+17, r24	; 0x11
    3452:	89 89       	ldd	r24, Y+17	; 0x11
    3454:	9a 89       	ldd	r25, Y+18	; 0x12
    3456:	01 97       	sbiw	r24, 0x01	; 1
    3458:	f1 f7       	brne	.-4      	; 0x3456 <LCD_displayCharacter+0x29a>
    345a:	9a 8b       	std	Y+18, r25	; 0x12
    345c:	89 8b       	std	Y+17, r24	; 0x11
		while(__ticks)
		{
			// wait 1/10 ms
			_delay_loop_2(((F_CPU) / 4e3) / 10);
			__ticks --;
    345e:	8b 89       	ldd	r24, Y+19	; 0x13
    3460:	9c 89       	ldd	r25, Y+20	; 0x14
    3462:	01 97       	sbiw	r24, 0x01	; 1
    3464:	9c 8b       	std	Y+20, r25	; 0x14
    3466:	8b 8b       	std	Y+19, r24	; 0x13
		__ticks = 1;
	else if (__tmp > 65535)
	{
		//	__ticks = requested delay in 1/10 ms
		__ticks = (uint16_t) (__ms * 10.0);
		while(__ticks)
    3468:	8b 89       	ldd	r24, Y+19	; 0x13
    346a:	9c 89       	ldd	r25, Y+20	; 0x14
    346c:	00 97       	sbiw	r24, 0x00	; 0
    346e:	69 f7       	brne	.-38     	; 0x344a <LCD_displayCharacter+0x28e>
    3470:	14 c0       	rjmp	.+40     	; 0x349a <LCD_displayCharacter+0x2de>
			__ticks --;
		}
		return;
	}
	else
		__ticks = (uint16_t)__tmp;
    3472:	6d 89       	ldd	r22, Y+21	; 0x15
    3474:	7e 89       	ldd	r23, Y+22	; 0x16
    3476:	8f 89       	ldd	r24, Y+23	; 0x17
    3478:	98 8d       	ldd	r25, Y+24	; 0x18
    347a:	0e 94 49 00 	call	0x92	; 0x92 <__fixunssfsi>
    347e:	dc 01       	movw	r26, r24
    3480:	cb 01       	movw	r24, r22
    3482:	9c 8b       	std	Y+20, r25	; 0x14
    3484:	8b 8b       	std	Y+19, r24	; 0x13
    3486:	8b 89       	ldd	r24, Y+19	; 0x13
    3488:	9c 89       	ldd	r25, Y+20	; 0x14
    348a:	98 8b       	std	Y+16, r25	; 0x10
    348c:	8f 87       	std	Y+15, r24	; 0x0f
    348e:	8f 85       	ldd	r24, Y+15	; 0x0f
    3490:	98 89       	ldd	r25, Y+16	; 0x10
    3492:	01 97       	sbiw	r24, 0x01	; 1
    3494:	f1 f7       	brne	.-4      	; 0x3492 <LCD_displayCharacter+0x2d6>
    3496:	98 8b       	std	Y+16, r25	; 0x10
    3498:	8f 87       	std	Y+15, r24	; 0x0f
	_delay_ms(1); /* delay for processing Tdsw = 100ns */
	GPIO_voidSetPinValue(LCD_E_PORT_ID,LCD_E_PIN_ID,PIN_LOW); /* Disable LCD E=0 */
    349a:	82 e0       	ldi	r24, 0x02	; 2
    349c:	61 e0       	ldi	r22, 0x01	; 1
    349e:	40 e0       	ldi	r20, 0x00	; 0
    34a0:	0e 94 02 10 	call	0x2004	; 0x2004 <GPIO_voidSetPinValue>
    34a4:	80 e0       	ldi	r24, 0x00	; 0
    34a6:	90 e0       	ldi	r25, 0x00	; 0
    34a8:	a0 e8       	ldi	r26, 0x80	; 128
    34aa:	bf e3       	ldi	r27, 0x3F	; 63
    34ac:	8b 87       	std	Y+11, r24	; 0x0b
    34ae:	9c 87       	std	Y+12, r25	; 0x0c
    34b0:	ad 87       	std	Y+13, r26	; 0x0d
    34b2:	be 87       	std	Y+14, r27	; 0x0e
 */
void
_delay_ms(double __ms)
{
	uint16_t __ticks;
	double __tmp = ((F_CPU) / 4e3) * __ms;
    34b4:	6b 85       	ldd	r22, Y+11	; 0x0b
    34b6:	7c 85       	ldd	r23, Y+12	; 0x0c
    34b8:	8d 85       	ldd	r24, Y+13	; 0x0d
    34ba:	9e 85       	ldd	r25, Y+14	; 0x0e
    34bc:	20 e0       	ldi	r18, 0x00	; 0
    34be:	30 e0       	ldi	r19, 0x00	; 0
    34c0:	4a ef       	ldi	r20, 0xFA	; 250
    34c2:	54 e4       	ldi	r21, 0x44	; 68
    34c4:	0e 94 1f 02 	call	0x43e	; 0x43e <__mulsf3>
    34c8:	dc 01       	movw	r26, r24
    34ca:	cb 01       	movw	r24, r22
    34cc:	8f 83       	std	Y+7, r24	; 0x07
    34ce:	98 87       	std	Y+8, r25	; 0x08
    34d0:	a9 87       	std	Y+9, r26	; 0x09
    34d2:	ba 87       	std	Y+10, r27	; 0x0a
	if (__tmp < 1.0)
    34d4:	6f 81       	ldd	r22, Y+7	; 0x07
    34d6:	78 85       	ldd	r23, Y+8	; 0x08
    34d8:	89 85       	ldd	r24, Y+9	; 0x09
    34da:	9a 85       	ldd	r25, Y+10	; 0x0a
    34dc:	20 e0       	ldi	r18, 0x00	; 0
    34de:	30 e0       	ldi	r19, 0x00	; 0
    34e0:	40 e8       	ldi	r20, 0x80	; 128
    34e2:	5f e3       	ldi	r21, 0x3F	; 63
    34e4:	0e 94 79 03 	call	0x6f2	; 0x6f2 <__ltsf2>
    34e8:	88 23       	and	r24, r24
    34ea:	2c f4       	brge	.+10     	; 0x34f6 <LCD_displayCharacter+0x33a>
		__ticks = 1;
    34ec:	81 e0       	ldi	r24, 0x01	; 1
    34ee:	90 e0       	ldi	r25, 0x00	; 0
    34f0:	9e 83       	std	Y+6, r25	; 0x06
    34f2:	8d 83       	std	Y+5, r24	; 0x05
    34f4:	3f c0       	rjmp	.+126    	; 0x3574 <LCD_displayCharacter+0x3b8>
	else if (__tmp > 65535)
    34f6:	6f 81       	ldd	r22, Y+7	; 0x07
    34f8:	78 85       	ldd	r23, Y+8	; 0x08
    34fa:	89 85       	ldd	r24, Y+9	; 0x09
    34fc:	9a 85       	ldd	r25, Y+10	; 0x0a
    34fe:	20 e0       	ldi	r18, 0x00	; 0
    3500:	3f ef       	ldi	r19, 0xFF	; 255
    3502:	4f e7       	ldi	r20, 0x7F	; 127
    3504:	57 e4       	ldi	r21, 0x47	; 71
    3506:	0e 94 19 03 	call	0x632	; 0x632 <__gtsf2>
    350a:	18 16       	cp	r1, r24
    350c:	4c f5       	brge	.+82     	; 0x3560 <LCD_displayCharacter+0x3a4>
	{
		//	__ticks = requested delay in 1/10 ms
		__ticks = (uint16_t) (__ms * 10.0);
    350e:	6b 85       	ldd	r22, Y+11	; 0x0b
    3510:	7c 85       	ldd	r23, Y+12	; 0x0c
    3512:	8d 85       	ldd	r24, Y+13	; 0x0d
    3514:	9e 85       	ldd	r25, Y+14	; 0x0e
    3516:	20 e0       	ldi	r18, 0x00	; 0
    3518:	30 e0       	ldi	r19, 0x00	; 0
    351a:	40 e2       	ldi	r20, 0x20	; 32
    351c:	51 e4       	ldi	r21, 0x41	; 65
    351e:	0e 94 1f 02 	call	0x43e	; 0x43e <__mulsf3>
    3522:	dc 01       	movw	r26, r24
    3524:	cb 01       	movw	r24, r22
    3526:	bc 01       	movw	r22, r24
    3528:	cd 01       	movw	r24, r26
    352a:	0e 94 49 00 	call	0x92	; 0x92 <__fixunssfsi>
    352e:	dc 01       	movw	r26, r24
    3530:	cb 01       	movw	r24, r22
    3532:	9e 83       	std	Y+6, r25	; 0x06
    3534:	8d 83       	std	Y+5, r24	; 0x05
    3536:	0f c0       	rjmp	.+30     	; 0x3556 <LCD_displayCharacter+0x39a>
    3538:	88 ec       	ldi	r24, 0xC8	; 200
    353a:	90 e0       	ldi	r25, 0x00	; 0
    353c:	9c 83       	std	Y+4, r25	; 0x04
    353e:	8b 83       	std	Y+3, r24	; 0x03
    3540:	8b 81       	ldd	r24, Y+3	; 0x03
    3542:	9c 81       	ldd	r25, Y+4	; 0x04
    3544:	01 97       	sbiw	r24, 0x01	; 1
    3546:	f1 f7       	brne	.-4      	; 0x3544 <LCD_displayCharacter+0x388>
    3548:	9c 83       	std	Y+4, r25	; 0x04
    354a:	8b 83       	std	Y+3, r24	; 0x03
		while(__ticks)
		{
			// wait 1/10 ms
			_delay_loop_2(((F_CPU) / 4e3) / 10);
			__ticks --;
    354c:	8d 81       	ldd	r24, Y+5	; 0x05
    354e:	9e 81       	ldd	r25, Y+6	; 0x06
    3550:	01 97       	sbiw	r24, 0x01	; 1
    3552:	9e 83       	std	Y+6, r25	; 0x06
    3554:	8d 83       	std	Y+5, r24	; 0x05
		__ticks = 1;
	else if (__tmp > 65535)
	{
		//	__ticks = requested delay in 1/10 ms
		__ticks = (uint16_t) (__ms * 10.0);
		while(__ticks)
    3556:	8d 81       	ldd	r24, Y+5	; 0x05
    3558:	9e 81       	ldd	r25, Y+6	; 0x06
    355a:	00 97       	sbiw	r24, 0x00	; 0
    355c:	69 f7       	brne	.-38     	; 0x3538 <LCD_displayCharacter+0x37c>
    355e:	14 c0       	rjmp	.+40     	; 0x3588 <LCD_displayCharacter+0x3cc>
			__ticks --;
		}
		return;
	}
	else
		__ticks = (uint16_t)__tmp;
    3560:	6f 81       	ldd	r22, Y+7	; 0x07
    3562:	78 85       	ldd	r23, Y+8	; 0x08
    3564:	89 85       	ldd	r24, Y+9	; 0x09
    3566:	9a 85       	ldd	r25, Y+10	; 0x0a
    3568:	0e 94 49 00 	call	0x92	; 0x92 <__fixunssfsi>
    356c:	dc 01       	movw	r26, r24
    356e:	cb 01       	movw	r24, r22
    3570:	9e 83       	std	Y+6, r25	; 0x06
    3572:	8d 83       	std	Y+5, r24	; 0x05
    3574:	8d 81       	ldd	r24, Y+5	; 0x05
    3576:	9e 81       	ldd	r25, Y+6	; 0x06
    3578:	9a 83       	std	Y+2, r25	; 0x02
    357a:	89 83       	std	Y+1, r24	; 0x01
    357c:	89 81       	ldd	r24, Y+1	; 0x01
    357e:	9a 81       	ldd	r25, Y+2	; 0x02
    3580:	01 97       	sbiw	r24, 0x01	; 1
    3582:	f1 f7       	brne	.-4      	; 0x3580 <LCD_displayCharacter+0x3c4>
    3584:	9a 83       	std	Y+2, r25	; 0x02
    3586:	89 83       	std	Y+1, r24	; 0x01
	_delay_ms(1); /* delay for processing Th = 13ns */
}
    3588:	e9 96       	adiw	r28, 0x39	; 57
    358a:	0f b6       	in	r0, 0x3f	; 63
    358c:	f8 94       	cli
    358e:	de bf       	out	0x3e, r29	; 62
    3590:	0f be       	out	0x3f, r0	; 63
    3592:	cd bf       	out	0x3d, r28	; 61
    3594:	cf 91       	pop	r28
    3596:	df 91       	pop	r29
    3598:	08 95       	ret

0000359a <LCD_displayString>:
/*
 * Description :
 * Display the required string on the screen
 */
void LCD_displayString(const char *Str)
{
    359a:	df 93       	push	r29
    359c:	cf 93       	push	r28
    359e:	00 d0       	rcall	.+0      	; 0x35a0 <LCD_displayString+0x6>
    35a0:	0f 92       	push	r0
    35a2:	cd b7       	in	r28, 0x3d	; 61
    35a4:	de b7       	in	r29, 0x3e	; 62
    35a6:	9b 83       	std	Y+3, r25	; 0x03
    35a8:	8a 83       	std	Y+2, r24	; 0x02
	u8 i = 0;
    35aa:	19 82       	std	Y+1, r1	; 0x01
    35ac:	0e c0       	rjmp	.+28     	; 0x35ca <LCD_displayString+0x30>
	while(Str[i] != '\0')
	{
		LCD_displayCharacter(Str[i]);
    35ae:	89 81       	ldd	r24, Y+1	; 0x01
    35b0:	28 2f       	mov	r18, r24
    35b2:	30 e0       	ldi	r19, 0x00	; 0
    35b4:	8a 81       	ldd	r24, Y+2	; 0x02
    35b6:	9b 81       	ldd	r25, Y+3	; 0x03
    35b8:	fc 01       	movw	r30, r24
    35ba:	e2 0f       	add	r30, r18
    35bc:	f3 1f       	adc	r31, r19
    35be:	80 81       	ld	r24, Z
    35c0:	0e 94 de 18 	call	0x31bc	; 0x31bc <LCD_displayCharacter>
		i++;
    35c4:	89 81       	ldd	r24, Y+1	; 0x01
    35c6:	8f 5f       	subi	r24, 0xFF	; 255
    35c8:	89 83       	std	Y+1, r24	; 0x01
 * Display the required string on the screen
 */
void LCD_displayString(const char *Str)
{
	u8 i = 0;
	while(Str[i] != '\0')
    35ca:	89 81       	ldd	r24, Y+1	; 0x01
    35cc:	28 2f       	mov	r18, r24
    35ce:	30 e0       	ldi	r19, 0x00	; 0
    35d0:	8a 81       	ldd	r24, Y+2	; 0x02
    35d2:	9b 81       	ldd	r25, Y+3	; 0x03
    35d4:	fc 01       	movw	r30, r24
    35d6:	e2 0f       	add	r30, r18
    35d8:	f3 1f       	adc	r31, r19
    35da:	80 81       	ld	r24, Z
    35dc:	88 23       	and	r24, r24
    35de:	39 f7       	brne	.-50     	; 0x35ae <LCD_displayString+0x14>
	{
		LCD_displayCharacter(*Str);
		Str++;
	}
	*********************************************************/
}
    35e0:	0f 90       	pop	r0
    35e2:	0f 90       	pop	r0
    35e4:	0f 90       	pop	r0
    35e6:	cf 91       	pop	r28
    35e8:	df 91       	pop	r29
    35ea:	08 95       	ret

000035ec <LCD_moveCursor>:
/*
 * Description :
 * Move the cursor to a specified row and column index on the screen
 */
void LCD_moveCursor(u8 row,u8 col)
{
    35ec:	df 93       	push	r29
    35ee:	cf 93       	push	r28
    35f0:	00 d0       	rcall	.+0      	; 0x35f2 <LCD_moveCursor+0x6>
    35f2:	00 d0       	rcall	.+0      	; 0x35f4 <LCD_moveCursor+0x8>
    35f4:	0f 92       	push	r0
    35f6:	cd b7       	in	r28, 0x3d	; 61
    35f8:	de b7       	in	r29, 0x3e	; 62
    35fa:	8a 83       	std	Y+2, r24	; 0x02
    35fc:	6b 83       	std	Y+3, r22	; 0x03
	u8 lcd_memory_address;

	/* Calculate the required address in the LCD DDRAM */
	switch(row)
    35fe:	8a 81       	ldd	r24, Y+2	; 0x02
    3600:	28 2f       	mov	r18, r24
    3602:	30 e0       	ldi	r19, 0x00	; 0
    3604:	3d 83       	std	Y+5, r19	; 0x05
    3606:	2c 83       	std	Y+4, r18	; 0x04
    3608:	8c 81       	ldd	r24, Y+4	; 0x04
    360a:	9d 81       	ldd	r25, Y+5	; 0x05
    360c:	81 30       	cpi	r24, 0x01	; 1
    360e:	91 05       	cpc	r25, r1
    3610:	c1 f0       	breq	.+48     	; 0x3642 <LCD_moveCursor+0x56>
    3612:	2c 81       	ldd	r18, Y+4	; 0x04
    3614:	3d 81       	ldd	r19, Y+5	; 0x05
    3616:	22 30       	cpi	r18, 0x02	; 2
    3618:	31 05       	cpc	r19, r1
    361a:	2c f4       	brge	.+10     	; 0x3626 <LCD_moveCursor+0x3a>
    361c:	8c 81       	ldd	r24, Y+4	; 0x04
    361e:	9d 81       	ldd	r25, Y+5	; 0x05
    3620:	00 97       	sbiw	r24, 0x00	; 0
    3622:	61 f0       	breq	.+24     	; 0x363c <LCD_moveCursor+0x50>
    3624:	19 c0       	rjmp	.+50     	; 0x3658 <LCD_moveCursor+0x6c>
    3626:	2c 81       	ldd	r18, Y+4	; 0x04
    3628:	3d 81       	ldd	r19, Y+5	; 0x05
    362a:	22 30       	cpi	r18, 0x02	; 2
    362c:	31 05       	cpc	r19, r1
    362e:	69 f0       	breq	.+26     	; 0x364a <LCD_moveCursor+0x5e>
    3630:	8c 81       	ldd	r24, Y+4	; 0x04
    3632:	9d 81       	ldd	r25, Y+5	; 0x05
    3634:	83 30       	cpi	r24, 0x03	; 3
    3636:	91 05       	cpc	r25, r1
    3638:	61 f0       	breq	.+24     	; 0x3652 <LCD_moveCursor+0x66>
    363a:	0e c0       	rjmp	.+28     	; 0x3658 <LCD_moveCursor+0x6c>
	{
		case 0:
			lcd_memory_address=col;
    363c:	8b 81       	ldd	r24, Y+3	; 0x03
    363e:	89 83       	std	Y+1, r24	; 0x01
    3640:	0b c0       	rjmp	.+22     	; 0x3658 <LCD_moveCursor+0x6c>
				break;
		case 1:
			lcd_memory_address=col+0x40;
    3642:	8b 81       	ldd	r24, Y+3	; 0x03
    3644:	80 5c       	subi	r24, 0xC0	; 192
    3646:	89 83       	std	Y+1, r24	; 0x01
    3648:	07 c0       	rjmp	.+14     	; 0x3658 <LCD_moveCursor+0x6c>
				break;
		case 2:
			lcd_memory_address=col+0x10;
    364a:	8b 81       	ldd	r24, Y+3	; 0x03
    364c:	80 5f       	subi	r24, 0xF0	; 240
    364e:	89 83       	std	Y+1, r24	; 0x01
    3650:	03 c0       	rjmp	.+6      	; 0x3658 <LCD_moveCursor+0x6c>
				break;
		case 3:
			lcd_memory_address=col+0x50;
    3652:	8b 81       	ldd	r24, Y+3	; 0x03
    3654:	80 5b       	subi	r24, 0xB0	; 176
    3656:	89 83       	std	Y+1, r24	; 0x01
				break;
	}
	/* Move the LCD cursor to this specific address */
	LCD_sendCommand(lcd_memory_address | LCD_SET_CURSOR_LOCATION);
    3658:	89 81       	ldd	r24, Y+1	; 0x01
    365a:	80 68       	ori	r24, 0x80	; 128
    365c:	0e 94 ef 16 	call	0x2dde	; 0x2dde <LCD_sendCommand>
}
    3660:	0f 90       	pop	r0
    3662:	0f 90       	pop	r0
    3664:	0f 90       	pop	r0
    3666:	0f 90       	pop	r0
    3668:	0f 90       	pop	r0
    366a:	cf 91       	pop	r28
    366c:	df 91       	pop	r29
    366e:	08 95       	ret

00003670 <LCD_displayStringRowColumn>:
/*
 * Description :
 * Display the required string in a specified row and column index on the screen
 */
void LCD_displayStringRowColumn(u8 row,u8 col,const char *Str)
{
    3670:	df 93       	push	r29
    3672:	cf 93       	push	r28
    3674:	00 d0       	rcall	.+0      	; 0x3676 <LCD_displayStringRowColumn+0x6>
    3676:	00 d0       	rcall	.+0      	; 0x3678 <LCD_displayStringRowColumn+0x8>
    3678:	cd b7       	in	r28, 0x3d	; 61
    367a:	de b7       	in	r29, 0x3e	; 62
    367c:	89 83       	std	Y+1, r24	; 0x01
    367e:	6a 83       	std	Y+2, r22	; 0x02
    3680:	5c 83       	std	Y+4, r21	; 0x04
    3682:	4b 83       	std	Y+3, r20	; 0x03
	LCD_moveCursor(row,col); /* go to to the required LCD position */
    3684:	89 81       	ldd	r24, Y+1	; 0x01
    3686:	6a 81       	ldd	r22, Y+2	; 0x02
    3688:	0e 94 f6 1a 	call	0x35ec	; 0x35ec <LCD_moveCursor>
	LCD_displayString(Str); /* display the string */
    368c:	8b 81       	ldd	r24, Y+3	; 0x03
    368e:	9c 81       	ldd	r25, Y+4	; 0x04
    3690:	0e 94 cd 1a 	call	0x359a	; 0x359a <LCD_displayString>
}
    3694:	0f 90       	pop	r0
    3696:	0f 90       	pop	r0
    3698:	0f 90       	pop	r0
    369a:	0f 90       	pop	r0
    369c:	cf 91       	pop	r28
    369e:	df 91       	pop	r29
    36a0:	08 95       	ret

000036a2 <LCD_intgerToString>:
/*
 * Description :
 * Display the required decimal value on the screen
 */
void LCD_intgerToString(int data)
{
    36a2:	df 93       	push	r29
    36a4:	cf 93       	push	r28
    36a6:	cd b7       	in	r28, 0x3d	; 61
    36a8:	de b7       	in	r29, 0x3e	; 62
    36aa:	62 97       	sbiw	r28, 0x12	; 18
    36ac:	0f b6       	in	r0, 0x3f	; 63
    36ae:	f8 94       	cli
    36b0:	de bf       	out	0x3e, r29	; 62
    36b2:	0f be       	out	0x3f, r0	; 63
    36b4:	cd bf       	out	0x3d, r28	; 61
    36b6:	9a 8b       	std	Y+18, r25	; 0x12
    36b8:	89 8b       	std	Y+17, r24	; 0x11
   char buff[16]; /* String to hold the ascii result */
   itoa(data,buff,10); /* Use itoa C function to convert the data to its corresponding ASCII value, 10 for decimal */
    36ba:	89 89       	ldd	r24, Y+17	; 0x11
    36bc:	9a 89       	ldd	r25, Y+18	; 0x12
    36be:	9e 01       	movw	r18, r28
    36c0:	2f 5f       	subi	r18, 0xFF	; 255
    36c2:	3f 4f       	sbci	r19, 0xFF	; 255
    36c4:	b9 01       	movw	r22, r18
    36c6:	4a e0       	ldi	r20, 0x0A	; 10
    36c8:	50 e0       	ldi	r21, 0x00	; 0
    36ca:	0e 94 f1 1d 	call	0x3be2	; 0x3be2 <itoa>
   LCD_displayString(buff); /* Display the string */
    36ce:	ce 01       	movw	r24, r28
    36d0:	01 96       	adiw	r24, 0x01	; 1
    36d2:	0e 94 cd 1a 	call	0x359a	; 0x359a <LCD_displayString>
}
    36d6:	62 96       	adiw	r28, 0x12	; 18
    36d8:	0f b6       	in	r0, 0x3f	; 63
    36da:	f8 94       	cli
    36dc:	de bf       	out	0x3e, r29	; 62
    36de:	0f be       	out	0x3f, r0	; 63
    36e0:	cd bf       	out	0x3d, r28	; 61
    36e2:	cf 91       	pop	r28
    36e4:	df 91       	pop	r29
    36e6:	08 95       	ret

000036e8 <LCD_clearScreen>:
/*
 * Description :
 * Send the clear screen command
 */
void LCD_clearScreen(void)
{
    36e8:	df 93       	push	r29
    36ea:	cf 93       	push	r28
    36ec:	cd b7       	in	r28, 0x3d	; 61
    36ee:	de b7       	in	r29, 0x3e	; 62
	LCD_sendCommand(LCD_CLEAR_COMMAND); /* Send clear display command */
    36f0:	81 e0       	ldi	r24, 0x01	; 1
    36f2:	0e 94 ef 16 	call	0x2dde	; 0x2dde <LCD_sendCommand>
}
    36f6:	cf 91       	pop	r28
    36f8:	df 91       	pop	r29
    36fa:	08 95       	ret

000036fc <keypad_init>:
/*******************************************************************************
 * Functions Definitions                                  *
 *******************************************************************************/

void keypad_init(void)
{
    36fc:	df 93       	push	r29
    36fe:	cf 93       	push	r28
    3700:	0f 92       	push	r0
    3702:	cd b7       	in	r28, 0x3d	; 61
    3704:	de b7       	in	r29, 0x3e	; 62
	u8 i;

	/* Setup Row Pins as Inputs (default state) */
	for(i=0; i < KEYPAD_NUM_ROWS; i++)
    3706:	19 82       	std	Y+1, r1	; 0x01
    3708:	08 c0       	rjmp	.+16     	; 0x371a <keypad_init+0x1e>
	{
		GPIO_voidSetPinDirection(KEYPAD_ROW_PORT_ID, KEYPAD_FIRST_ROW_PIN_ID + i, PIN_IN);
    370a:	81 e0       	ldi	r24, 0x01	; 1
    370c:	69 81       	ldd	r22, Y+1	; 0x01
    370e:	40 e0       	ldi	r20, 0x00	; 0
    3710:	0e 94 c1 0e 	call	0x1d82	; 0x1d82 <GPIO_voidSetPinDirection>
void keypad_init(void)
{
	u8 i;

	/* Setup Row Pins as Inputs (default state) */
	for(i=0; i < KEYPAD_NUM_ROWS; i++)
    3714:	89 81       	ldd	r24, Y+1	; 0x01
    3716:	8f 5f       	subi	r24, 0xFF	; 255
    3718:	89 83       	std	Y+1, r24	; 0x01
    371a:	89 81       	ldd	r24, Y+1	; 0x01
    371c:	84 30       	cpi	r24, 0x04	; 4
    371e:	a8 f3       	brcs	.-22     	; 0x370a <keypad_init+0xe>
	{
		GPIO_voidSetPinDirection(KEYPAD_ROW_PORT_ID, KEYPAD_FIRST_ROW_PIN_ID + i, PIN_IN);
	}

	/* Setup Column Pins as Inputs with Pull-up Resistors Enabled */
	for(i=0; i < KEYPAD_NUM_COLS; i++)
    3720:	19 82       	std	Y+1, r1	; 0x01
    3722:	13 c0       	rjmp	.+38     	; 0x374a <keypad_init+0x4e>
	{
		GPIO_voidSetPinDirection(KEYPAD_COL_PORT_ID, KEYPAD_FIRST_COL_PIN_ID + i, PIN_IN);
    3724:	89 81       	ldd	r24, Y+1	; 0x01
    3726:	98 2f       	mov	r25, r24
    3728:	9c 5f       	subi	r25, 0xFC	; 252
    372a:	81 e0       	ldi	r24, 0x01	; 1
    372c:	69 2f       	mov	r22, r25
    372e:	40 e0       	ldi	r20, 0x00	; 0
    3730:	0e 94 c1 0e 	call	0x1d82	; 0x1d82 <GPIO_voidSetPinDirection>
		GPIO_voidSetPinValue(KEYPAD_COL_PORT_ID, KEYPAD_FIRST_COL_PIN_ID + i, PIN_HIGH); // Enable Pull-up
    3734:	89 81       	ldd	r24, Y+1	; 0x01
    3736:	98 2f       	mov	r25, r24
    3738:	9c 5f       	subi	r25, 0xFC	; 252
    373a:	81 e0       	ldi	r24, 0x01	; 1
    373c:	69 2f       	mov	r22, r25
    373e:	41 e0       	ldi	r20, 0x01	; 1
    3740:	0e 94 02 10 	call	0x2004	; 0x2004 <GPIO_voidSetPinValue>
	{
		GPIO_voidSetPinDirection(KEYPAD_ROW_PORT_ID, KEYPAD_FIRST_ROW_PIN_ID + i, PIN_IN);
	}

	/* Setup Column Pins as Inputs with Pull-up Resistors Enabled */
	for(i=0; i < KEYPAD_NUM_COLS; i++)
    3744:	89 81       	ldd	r24, Y+1	; 0x01
    3746:	8f 5f       	subi	r24, 0xFF	; 255
    3748:	89 83       	std	Y+1, r24	; 0x01
    374a:	89 81       	ldd	r24, Y+1	; 0x01
    374c:	84 30       	cpi	r24, 0x04	; 4
    374e:	50 f3       	brcs	.-44     	; 0x3724 <keypad_init+0x28>
	{
		GPIO_voidSetPinDirection(KEYPAD_COL_PORT_ID, KEYPAD_FIRST_COL_PIN_ID + i, PIN_IN);
		GPIO_voidSetPinValue(KEYPAD_COL_PORT_ID, KEYPAD_FIRST_COL_PIN_ID + i, PIN_HIGH); // Enable Pull-up
	}
}
    3750:	0f 90       	pop	r0
    3752:	cf 91       	pop	r28
    3754:	df 91       	pop	r29
    3756:	08 95       	ret

00003758 <KEYPAD_getPressedKey>:


u8 KEYPAD_getPressedKey(void)
{
    3758:	df 93       	push	r29
    375a:	cf 93       	push	r28
    375c:	cd b7       	in	r28, 0x3d	; 61
    375e:	de b7       	in	r29, 0x3e	; 62
    3760:	6f 97       	sbiw	r28, 0x1f	; 31
    3762:	0f b6       	in	r0, 0x3f	; 63
    3764:	f8 94       	cli
    3766:	de bf       	out	0x3e, r29	; 62
    3768:	0f be       	out	0x3f, r0	; 63
    376a:	cd bf       	out	0x3d, r28	; 61
	 * Cols = IN (with pull-up)
	 */

	while(1)
	{
		for(row=0 ; row<KEYPAD_NUM_ROWS ; row++) /* loop for rows */
    376c:	1e 8e       	std	Y+30, r1	; 0x1e
    376e:	33 c1       	rjmp	.+614    	; 0x39d6 <KEYPAD_getPressedKey+0x27e>
		{
			/* Set the current row as OUT and drive it LOW */
			GPIO_voidSetPinDirection(KEYPAD_ROW_PORT_ID,KEYPAD_FIRST_ROW_PIN_ID+row,PIN_OUT);
    3770:	81 e0       	ldi	r24, 0x01	; 1
    3772:	6e 8d       	ldd	r22, Y+30	; 0x1e
    3774:	41 e0       	ldi	r20, 0x01	; 1
    3776:	0e 94 c1 0e 	call	0x1d82	; 0x1d82 <GPIO_voidSetPinDirection>
			GPIO_voidSetPinValue(KEYPAD_ROW_PORT_ID, KEYPAD_FIRST_ROW_PIN_ID+row, KEYPAD_BUTTON_PRESSED);
    377a:	81 e0       	ldi	r24, 0x01	; 1
    377c:	6e 8d       	ldd	r22, Y+30	; 0x1e
    377e:	40 e0       	ldi	r20, 0x00	; 0
    3780:	0e 94 02 10 	call	0x2004	; 0x2004 <GPIO_voidSetPinValue>

			for(col=0 ; col<KEYPAD_NUM_COLS ; col++) /* loop for columns */
    3784:	1f 8e       	std	Y+31, r1	; 0x1f
    3786:	a9 c0       	rjmp	.+338    	; 0x38da <KEYPAD_getPressedKey+0x182>
			{
				/* Check if the switch is pressed (column is pulled LOW) */
				if(GPIO_u8GetPinValue(KEYPAD_COL_PORT_ID,KEYPAD_FIRST_COL_PIN_ID+col) == KEYPAD_BUTTON_PRESSED)
    3788:	8f 8d       	ldd	r24, Y+31	; 0x1f
    378a:	98 2f       	mov	r25, r24
    378c:	9c 5f       	subi	r25, 0xFC	; 252
    378e:	81 e0       	ldi	r24, 0x01	; 1
    3790:	69 2f       	mov	r22, r25
    3792:	0e 94 02 11 	call	0x2204	; 0x2204 <GPIO_u8GetPinValue>
    3796:	88 23       	and	r24, r24
    3798:	09 f0       	breq	.+2      	; 0x379c <KEYPAD_getPressedKey+0x44>
    379a:	9c c0       	rjmp	.+312    	; 0x38d4 <KEYPAD_getPressedKey+0x17c>
    379c:	80 e0       	ldi	r24, 0x00	; 0
    379e:	90 e0       	ldi	r25, 0x00	; 0
    37a0:	a0 ea       	ldi	r26, 0xA0	; 160
    37a2:	b1 e4       	ldi	r27, 0x41	; 65
    37a4:	89 8f       	std	Y+25, r24	; 0x19
    37a6:	9a 8f       	std	Y+26, r25	; 0x1a
    37a8:	ab 8f       	std	Y+27, r26	; 0x1b
    37aa:	bc 8f       	std	Y+28, r27	; 0x1c
 */
void
_delay_ms(double __ms)
{
	uint16_t __ticks;
	double __tmp = ((F_CPU) / 4e3) * __ms;
    37ac:	69 8d       	ldd	r22, Y+25	; 0x19
    37ae:	7a 8d       	ldd	r23, Y+26	; 0x1a
    37b0:	8b 8d       	ldd	r24, Y+27	; 0x1b
    37b2:	9c 8d       	ldd	r25, Y+28	; 0x1c
    37b4:	20 e0       	ldi	r18, 0x00	; 0
    37b6:	30 e0       	ldi	r19, 0x00	; 0
    37b8:	4a ef       	ldi	r20, 0xFA	; 250
    37ba:	54 e4       	ldi	r21, 0x44	; 68
    37bc:	0e 94 1f 02 	call	0x43e	; 0x43e <__mulsf3>
    37c0:	dc 01       	movw	r26, r24
    37c2:	cb 01       	movw	r24, r22
    37c4:	8d 8b       	std	Y+21, r24	; 0x15
    37c6:	9e 8b       	std	Y+22, r25	; 0x16
    37c8:	af 8b       	std	Y+23, r26	; 0x17
    37ca:	b8 8f       	std	Y+24, r27	; 0x18
	if (__tmp < 1.0)
    37cc:	6d 89       	ldd	r22, Y+21	; 0x15
    37ce:	7e 89       	ldd	r23, Y+22	; 0x16
    37d0:	8f 89       	ldd	r24, Y+23	; 0x17
    37d2:	98 8d       	ldd	r25, Y+24	; 0x18
    37d4:	20 e0       	ldi	r18, 0x00	; 0
    37d6:	30 e0       	ldi	r19, 0x00	; 0
    37d8:	40 e8       	ldi	r20, 0x80	; 128
    37da:	5f e3       	ldi	r21, 0x3F	; 63
    37dc:	0e 94 79 03 	call	0x6f2	; 0x6f2 <__ltsf2>
    37e0:	88 23       	and	r24, r24
    37e2:	2c f4       	brge	.+10     	; 0x37ee <KEYPAD_getPressedKey+0x96>
		__ticks = 1;
    37e4:	81 e0       	ldi	r24, 0x01	; 1
    37e6:	90 e0       	ldi	r25, 0x00	; 0
    37e8:	9c 8b       	std	Y+20, r25	; 0x14
    37ea:	8b 8b       	std	Y+19, r24	; 0x13
    37ec:	3f c0       	rjmp	.+126    	; 0x386c <KEYPAD_getPressedKey+0x114>
	else if (__tmp > 65535)
    37ee:	6d 89       	ldd	r22, Y+21	; 0x15
    37f0:	7e 89       	ldd	r23, Y+22	; 0x16
    37f2:	8f 89       	ldd	r24, Y+23	; 0x17
    37f4:	98 8d       	ldd	r25, Y+24	; 0x18
    37f6:	20 e0       	ldi	r18, 0x00	; 0
    37f8:	3f ef       	ldi	r19, 0xFF	; 255
    37fa:	4f e7       	ldi	r20, 0x7F	; 127
    37fc:	57 e4       	ldi	r21, 0x47	; 71
    37fe:	0e 94 19 03 	call	0x632	; 0x632 <__gtsf2>
    3802:	18 16       	cp	r1, r24
    3804:	4c f5       	brge	.+82     	; 0x3858 <KEYPAD_getPressedKey+0x100>
	{
		//	__ticks = requested delay in 1/10 ms
		__ticks = (uint16_t) (__ms * 10.0);
    3806:	69 8d       	ldd	r22, Y+25	; 0x19
    3808:	7a 8d       	ldd	r23, Y+26	; 0x1a
    380a:	8b 8d       	ldd	r24, Y+27	; 0x1b
    380c:	9c 8d       	ldd	r25, Y+28	; 0x1c
    380e:	20 e0       	ldi	r18, 0x00	; 0
    3810:	30 e0       	ldi	r19, 0x00	; 0
    3812:	40 e2       	ldi	r20, 0x20	; 32
    3814:	51 e4       	ldi	r21, 0x41	; 65
    3816:	0e 94 1f 02 	call	0x43e	; 0x43e <__mulsf3>
    381a:	dc 01       	movw	r26, r24
    381c:	cb 01       	movw	r24, r22
    381e:	bc 01       	movw	r22, r24
    3820:	cd 01       	movw	r24, r26
    3822:	0e 94 49 00 	call	0x92	; 0x92 <__fixunssfsi>
    3826:	dc 01       	movw	r26, r24
    3828:	cb 01       	movw	r24, r22
    382a:	9c 8b       	std	Y+20, r25	; 0x14
    382c:	8b 8b       	std	Y+19, r24	; 0x13
    382e:	0f c0       	rjmp	.+30     	; 0x384e <KEYPAD_getPressedKey+0xf6>
    3830:	88 ec       	ldi	r24, 0xC8	; 200
    3832:	90 e0       	ldi	r25, 0x00	; 0
    3834:	9a 8b       	std	Y+18, r25	; 0x12
    3836:	89 8b       	std	Y+17, r24	; 0x11
    3838:	89 89       	ldd	r24, Y+17	; 0x11
    383a:	9a 89       	ldd	r25, Y+18	; 0x12
    383c:	01 97       	sbiw	r24, 0x01	; 1
    383e:	f1 f7       	brne	.-4      	; 0x383c <KEYPAD_getPressedKey+0xe4>
    3840:	9a 8b       	std	Y+18, r25	; 0x12
    3842:	89 8b       	std	Y+17, r24	; 0x11
		while(__ticks)
		{
			// wait 1/10 ms
			_delay_loop_2(((F_CPU) / 4e3) / 10);
			__ticks --;
    3844:	8b 89       	ldd	r24, Y+19	; 0x13
    3846:	9c 89       	ldd	r25, Y+20	; 0x14
    3848:	01 97       	sbiw	r24, 0x01	; 1
    384a:	9c 8b       	std	Y+20, r25	; 0x14
    384c:	8b 8b       	std	Y+19, r24	; 0x13
		__ticks = 1;
	else if (__tmp > 65535)
	{
		//	__ticks = requested delay in 1/10 ms
		__ticks = (uint16_t) (__ms * 10.0);
		while(__ticks)
    384e:	8b 89       	ldd	r24, Y+19	; 0x13
    3850:	9c 89       	ldd	r25, Y+20	; 0x14
    3852:	00 97       	sbiw	r24, 0x00	; 0
    3854:	69 f7       	brne	.-38     	; 0x3830 <KEYPAD_getPressedKey+0xd8>
    3856:	14 c0       	rjmp	.+40     	; 0x3880 <KEYPAD_getPressedKey+0x128>
			__ticks --;
		}
		return;
	}
	else
		__ticks = (uint16_t)__tmp;
    3858:	6d 89       	ldd	r22, Y+21	; 0x15
    385a:	7e 89       	ldd	r23, Y+22	; 0x16
    385c:	8f 89       	ldd	r24, Y+23	; 0x17
    385e:	98 8d       	ldd	r25, Y+24	; 0x18
    3860:	0e 94 49 00 	call	0x92	; 0x92 <__fixunssfsi>
    3864:	dc 01       	movw	r26, r24
    3866:	cb 01       	movw	r24, r22
    3868:	9c 8b       	std	Y+20, r25	; 0x14
    386a:	8b 8b       	std	Y+19, r24	; 0x13
    386c:	8b 89       	ldd	r24, Y+19	; 0x13
    386e:	9c 89       	ldd	r25, Y+20	; 0x14
    3870:	98 8b       	std	Y+16, r25	; 0x10
    3872:	8f 87       	std	Y+15, r24	; 0x0f
    3874:	8f 85       	ldd	r24, Y+15	; 0x0f
    3876:	98 89       	ldd	r25, Y+16	; 0x10
    3878:	01 97       	sbiw	r24, 0x01	; 1
    387a:	f1 f7       	brne	.-4      	; 0x3878 <KEYPAD_getPressedKey+0x120>
    387c:	98 8b       	std	Y+16, r25	; 0x10
    387e:	8f 87       	std	Y+15, r24	; 0x0f
					 * Wait for the button press to stabilize
					 */
					_delay_ms(20);

					/* Check again to confirm the press */
					if(GPIO_u8GetPinValue(KEYPAD_COL_PORT_ID,KEYPAD_FIRST_COL_PIN_ID+col) == KEYPAD_BUTTON_PRESSED)
    3880:	8f 8d       	ldd	r24, Y+31	; 0x1f
    3882:	98 2f       	mov	r25, r24
    3884:	9c 5f       	subi	r25, 0xFC	; 252
    3886:	81 e0       	ldi	r24, 0x01	; 1
    3888:	69 2f       	mov	r22, r25
    388a:	0e 94 02 11 	call	0x2204	; 0x2204 <GPIO_u8GetPinValue>
    388e:	88 23       	and	r24, r24
    3890:	09 f5       	brne	.+66     	; 0x38d4 <KEYPAD_getPressedKey+0x17c>
					{
						/* --- WAIT FOR RELEASE ---
						 * Wait until the user releases the key before returning
						 * This prevents multiple reads for one long press.
						 */
						while(GPIO_u8GetPinValue(KEYPAD_COL_PORT_ID,KEYPAD_FIRST_COL_PIN_ID+col) == KEYPAD_BUTTON_PRESSED);
    3892:	8f 8d       	ldd	r24, Y+31	; 0x1f
    3894:	98 2f       	mov	r25, r24
    3896:	9c 5f       	subi	r25, 0xFC	; 252
    3898:	81 e0       	ldi	r24, 0x01	; 1
    389a:	69 2f       	mov	r22, r25
    389c:	0e 94 02 11 	call	0x2204	; 0x2204 <GPIO_u8GetPinValue>
    38a0:	88 23       	and	r24, r24
    38a2:	b9 f3       	breq	.-18     	; 0x3892 <KEYPAD_getPressedKey+0x13a>

						/* Calculate the button number */
						u8 button_number = ((row*KEYPAD_NUM_COLS)+col+1);
    38a4:	8e 8d       	ldd	r24, Y+30	; 0x1e
    38a6:	88 2f       	mov	r24, r24
    38a8:	90 e0       	ldi	r25, 0x00	; 0
    38aa:	88 0f       	add	r24, r24
    38ac:	99 1f       	adc	r25, r25
    38ae:	88 0f       	add	r24, r24
    38b0:	99 1f       	adc	r25, r25
    38b2:	98 2f       	mov	r25, r24
    38b4:	8f 8d       	ldd	r24, Y+31	; 0x1f
    38b6:	89 0f       	add	r24, r25
    38b8:	8f 5f       	subi	r24, 0xFF	; 255
    38ba:	8d 8f       	std	Y+29, r24	; 0x1d
							#endif
						#elif (KEYPAD_NUM_COLS == 4)
							#ifdef STANDARD_KEYPAD
								return button_number;
							#else
								return KEYPAD_4x4_adjustKeyNumber(button_number);
    38bc:	8d 8d       	ldd	r24, Y+29	; 0x1d
    38be:	0e 94 f0 1c 	call	0x39e0	; 0x39e0 <KEYPAD_4x4_adjustKeyNumber>
			/* Set the row back to IN before checking the next row */
			GPIO_voidSetPinDirection(KEYPAD_ROW_PORT_ID,KEYPAD_FIRST_ROW_PIN_ID+row,PIN_IN);
			_delay_ms(5); /* Delay for Proteus simulation stability */
		}
	}	
}
    38c2:	6f 96       	adiw	r28, 0x1f	; 31
    38c4:	0f b6       	in	r0, 0x3f	; 63
    38c6:	f8 94       	cli
    38c8:	de bf       	out	0x3e, r29	; 62
    38ca:	0f be       	out	0x3f, r0	; 63
    38cc:	cd bf       	out	0x3d, r28	; 61
    38ce:	cf 91       	pop	r28
    38d0:	df 91       	pop	r29
    38d2:	08 95       	ret
		{
			/* Set the current row as OUT and drive it LOW */
			GPIO_voidSetPinDirection(KEYPAD_ROW_PORT_ID,KEYPAD_FIRST_ROW_PIN_ID+row,PIN_OUT);
			GPIO_voidSetPinValue(KEYPAD_ROW_PORT_ID, KEYPAD_FIRST_ROW_PIN_ID+row, KEYPAD_BUTTON_PRESSED);

			for(col=0 ; col<KEYPAD_NUM_COLS ; col++) /* loop for columns */
    38d4:	8f 8d       	ldd	r24, Y+31	; 0x1f
    38d6:	8f 5f       	subi	r24, 0xFF	; 255
    38d8:	8f 8f       	std	Y+31, r24	; 0x1f
    38da:	8f 8d       	ldd	r24, Y+31	; 0x1f
    38dc:	84 30       	cpi	r24, 0x04	; 4
    38de:	08 f4       	brcc	.+2      	; 0x38e2 <KEYPAD_getPressedKey+0x18a>
    38e0:	53 cf       	rjmp	.-346    	; 0x3788 <KEYPAD_getPressedKey+0x30>
					}
				}
			}

			/* Set the row back to IN before checking the next row */
			GPIO_voidSetPinDirection(KEYPAD_ROW_PORT_ID,KEYPAD_FIRST_ROW_PIN_ID+row,PIN_IN);
    38e2:	81 e0       	ldi	r24, 0x01	; 1
    38e4:	6e 8d       	ldd	r22, Y+30	; 0x1e
    38e6:	40 e0       	ldi	r20, 0x00	; 0
    38e8:	0e 94 c1 0e 	call	0x1d82	; 0x1d82 <GPIO_voidSetPinDirection>
    38ec:	80 e0       	ldi	r24, 0x00	; 0
    38ee:	90 e0       	ldi	r25, 0x00	; 0
    38f0:	a0 ea       	ldi	r26, 0xA0	; 160
    38f2:	b0 e4       	ldi	r27, 0x40	; 64
    38f4:	8b 87       	std	Y+11, r24	; 0x0b
    38f6:	9c 87       	std	Y+12, r25	; 0x0c
    38f8:	ad 87       	std	Y+13, r26	; 0x0d
    38fa:	be 87       	std	Y+14, r27	; 0x0e
 */
void
_delay_ms(double __ms)
{
	uint16_t __ticks;
	double __tmp = ((F_CPU) / 4e3) * __ms;
    38fc:	6b 85       	ldd	r22, Y+11	; 0x0b
    38fe:	7c 85       	ldd	r23, Y+12	; 0x0c
    3900:	8d 85       	ldd	r24, Y+13	; 0x0d
    3902:	9e 85       	ldd	r25, Y+14	; 0x0e
    3904:	20 e0       	ldi	r18, 0x00	; 0
    3906:	30 e0       	ldi	r19, 0x00	; 0
    3908:	4a ef       	ldi	r20, 0xFA	; 250
    390a:	54 e4       	ldi	r21, 0x44	; 68
    390c:	0e 94 1f 02 	call	0x43e	; 0x43e <__mulsf3>
    3910:	dc 01       	movw	r26, r24
    3912:	cb 01       	movw	r24, r22
    3914:	8f 83       	std	Y+7, r24	; 0x07
    3916:	98 87       	std	Y+8, r25	; 0x08
    3918:	a9 87       	std	Y+9, r26	; 0x09
    391a:	ba 87       	std	Y+10, r27	; 0x0a
	if (__tmp < 1.0)
    391c:	6f 81       	ldd	r22, Y+7	; 0x07
    391e:	78 85       	ldd	r23, Y+8	; 0x08
    3920:	89 85       	ldd	r24, Y+9	; 0x09
    3922:	9a 85       	ldd	r25, Y+10	; 0x0a
    3924:	20 e0       	ldi	r18, 0x00	; 0
    3926:	30 e0       	ldi	r19, 0x00	; 0
    3928:	40 e8       	ldi	r20, 0x80	; 128
    392a:	5f e3       	ldi	r21, 0x3F	; 63
    392c:	0e 94 79 03 	call	0x6f2	; 0x6f2 <__ltsf2>
    3930:	88 23       	and	r24, r24
    3932:	2c f4       	brge	.+10     	; 0x393e <KEYPAD_getPressedKey+0x1e6>
		__ticks = 1;
    3934:	81 e0       	ldi	r24, 0x01	; 1
    3936:	90 e0       	ldi	r25, 0x00	; 0
    3938:	9e 83       	std	Y+6, r25	; 0x06
    393a:	8d 83       	std	Y+5, r24	; 0x05
    393c:	3f c0       	rjmp	.+126    	; 0x39bc <KEYPAD_getPressedKey+0x264>
	else if (__tmp > 65535)
    393e:	6f 81       	ldd	r22, Y+7	; 0x07
    3940:	78 85       	ldd	r23, Y+8	; 0x08
    3942:	89 85       	ldd	r24, Y+9	; 0x09
    3944:	9a 85       	ldd	r25, Y+10	; 0x0a
    3946:	20 e0       	ldi	r18, 0x00	; 0
    3948:	3f ef       	ldi	r19, 0xFF	; 255
    394a:	4f e7       	ldi	r20, 0x7F	; 127
    394c:	57 e4       	ldi	r21, 0x47	; 71
    394e:	0e 94 19 03 	call	0x632	; 0x632 <__gtsf2>
    3952:	18 16       	cp	r1, r24
    3954:	4c f5       	brge	.+82     	; 0x39a8 <KEYPAD_getPressedKey+0x250>
	{
		//	__ticks = requested delay in 1/10 ms
		__ticks = (uint16_t) (__ms * 10.0);
    3956:	6b 85       	ldd	r22, Y+11	; 0x0b
    3958:	7c 85       	ldd	r23, Y+12	; 0x0c
    395a:	8d 85       	ldd	r24, Y+13	; 0x0d
    395c:	9e 85       	ldd	r25, Y+14	; 0x0e
    395e:	20 e0       	ldi	r18, 0x00	; 0
    3960:	30 e0       	ldi	r19, 0x00	; 0
    3962:	40 e2       	ldi	r20, 0x20	; 32
    3964:	51 e4       	ldi	r21, 0x41	; 65
    3966:	0e 94 1f 02 	call	0x43e	; 0x43e <__mulsf3>
    396a:	dc 01       	movw	r26, r24
    396c:	cb 01       	movw	r24, r22
    396e:	bc 01       	movw	r22, r24
    3970:	cd 01       	movw	r24, r26
    3972:	0e 94 49 00 	call	0x92	; 0x92 <__fixunssfsi>
    3976:	dc 01       	movw	r26, r24
    3978:	cb 01       	movw	r24, r22
    397a:	9e 83       	std	Y+6, r25	; 0x06
    397c:	8d 83       	std	Y+5, r24	; 0x05
    397e:	0f c0       	rjmp	.+30     	; 0x399e <KEYPAD_getPressedKey+0x246>
    3980:	88 ec       	ldi	r24, 0xC8	; 200
    3982:	90 e0       	ldi	r25, 0x00	; 0
    3984:	9c 83       	std	Y+4, r25	; 0x04
    3986:	8b 83       	std	Y+3, r24	; 0x03
    3988:	8b 81       	ldd	r24, Y+3	; 0x03
    398a:	9c 81       	ldd	r25, Y+4	; 0x04
    398c:	01 97       	sbiw	r24, 0x01	; 1
    398e:	f1 f7       	brne	.-4      	; 0x398c <KEYPAD_getPressedKey+0x234>
    3990:	9c 83       	std	Y+4, r25	; 0x04
    3992:	8b 83       	std	Y+3, r24	; 0x03
		while(__ticks)
		{
			// wait 1/10 ms
			_delay_loop_2(((F_CPU) / 4e3) / 10);
			__ticks --;
    3994:	8d 81       	ldd	r24, Y+5	; 0x05
    3996:	9e 81       	ldd	r25, Y+6	; 0x06
    3998:	01 97       	sbiw	r24, 0x01	; 1
    399a:	9e 83       	std	Y+6, r25	; 0x06
    399c:	8d 83       	std	Y+5, r24	; 0x05
		__ticks = 1;
	else if (__tmp > 65535)
	{
		//	__ticks = requested delay in 1/10 ms
		__ticks = (uint16_t) (__ms * 10.0);
		while(__ticks)
    399e:	8d 81       	ldd	r24, Y+5	; 0x05
    39a0:	9e 81       	ldd	r25, Y+6	; 0x06
    39a2:	00 97       	sbiw	r24, 0x00	; 0
    39a4:	69 f7       	brne	.-38     	; 0x3980 <KEYPAD_getPressedKey+0x228>
    39a6:	14 c0       	rjmp	.+40     	; 0x39d0 <KEYPAD_getPressedKey+0x278>
			__ticks --;
		}
		return;
	}
	else
		__ticks = (uint16_t)__tmp;
    39a8:	6f 81       	ldd	r22, Y+7	; 0x07
    39aa:	78 85       	ldd	r23, Y+8	; 0x08
    39ac:	89 85       	ldd	r24, Y+9	; 0x09
    39ae:	9a 85       	ldd	r25, Y+10	; 0x0a
    39b0:	0e 94 49 00 	call	0x92	; 0x92 <__fixunssfsi>
    39b4:	dc 01       	movw	r26, r24
    39b6:	cb 01       	movw	r24, r22
    39b8:	9e 83       	std	Y+6, r25	; 0x06
    39ba:	8d 83       	std	Y+5, r24	; 0x05
    39bc:	8d 81       	ldd	r24, Y+5	; 0x05
    39be:	9e 81       	ldd	r25, Y+6	; 0x06
    39c0:	9a 83       	std	Y+2, r25	; 0x02
    39c2:	89 83       	std	Y+1, r24	; 0x01
    39c4:	89 81       	ldd	r24, Y+1	; 0x01
    39c6:	9a 81       	ldd	r25, Y+2	; 0x02
    39c8:	01 97       	sbiw	r24, 0x01	; 1
    39ca:	f1 f7       	brne	.-4      	; 0x39c8 <KEYPAD_getPressedKey+0x270>
    39cc:	9a 83       	std	Y+2, r25	; 0x02
    39ce:	89 83       	std	Y+1, r24	; 0x01
	 * Cols = IN (with pull-up)
	 */

	while(1)
	{
		for(row=0 ; row<KEYPAD_NUM_ROWS ; row++) /* loop for rows */
    39d0:	8e 8d       	ldd	r24, Y+30	; 0x1e
    39d2:	8f 5f       	subi	r24, 0xFF	; 255
    39d4:	8e 8f       	std	Y+30, r24	; 0x1e
    39d6:	8e 8d       	ldd	r24, Y+30	; 0x1e
    39d8:	84 30       	cpi	r24, 0x04	; 4
    39da:	08 f4       	brcc	.+2      	; 0x39de <KEYPAD_getPressedKey+0x286>
    39dc:	c9 ce       	rjmp	.-622    	; 0x3770 <KEYPAD_getPressedKey+0x18>
    39de:	c6 ce       	rjmp	.-628    	; 0x376c <KEYPAD_getPressedKey+0x14>

000039e0 <KEYPAD_4x4_adjustKeyNumber>:
 * Description :
 * Update the keypad pressed button value with the correct one in keypad 4x4 shape
 * (FIXED: Returns ASCII characters for numbers)
 */
static u8 KEYPAD_4x4_adjustKeyNumber(u8 button_number)
{
    39e0:	df 93       	push	r29
    39e2:	cf 93       	push	r28
    39e4:	00 d0       	rcall	.+0      	; 0x39e6 <KEYPAD_4x4_adjustKeyNumber+0x6>
    39e6:	00 d0       	rcall	.+0      	; 0x39e8 <KEYPAD_4x4_adjustKeyNumber+0x8>
    39e8:	cd b7       	in	r28, 0x3d	; 61
    39ea:	de b7       	in	r29, 0x3e	; 62
    39ec:	8a 83       	std	Y+2, r24	; 0x02
	u8 keypad_button = 0;
    39ee:	19 82       	std	Y+1, r1	; 0x01
	switch(button_number)
    39f0:	8a 81       	ldd	r24, Y+2	; 0x02
    39f2:	28 2f       	mov	r18, r24
    39f4:	30 e0       	ldi	r19, 0x00	; 0
    39f6:	3c 83       	std	Y+4, r19	; 0x04
    39f8:	2b 83       	std	Y+3, r18	; 0x03
    39fa:	8b 81       	ldd	r24, Y+3	; 0x03
    39fc:	9c 81       	ldd	r25, Y+4	; 0x04
    39fe:	88 30       	cpi	r24, 0x08	; 8
    3a00:	91 05       	cpc	r25, r1
    3a02:	09 f4       	brne	.+2      	; 0x3a06 <KEYPAD_4x4_adjustKeyNumber+0x26>
    3a04:	70 c0       	rjmp	.+224    	; 0x3ae6 <KEYPAD_4x4_adjustKeyNumber+0x106>
    3a06:	2b 81       	ldd	r18, Y+3	; 0x03
    3a08:	3c 81       	ldd	r19, Y+4	; 0x04
    3a0a:	29 30       	cpi	r18, 0x09	; 9
    3a0c:	31 05       	cpc	r19, r1
    3a0e:	5c f5       	brge	.+86     	; 0x3a66 <KEYPAD_4x4_adjustKeyNumber+0x86>
    3a10:	8b 81       	ldd	r24, Y+3	; 0x03
    3a12:	9c 81       	ldd	r25, Y+4	; 0x04
    3a14:	84 30       	cpi	r24, 0x04	; 4
    3a16:	91 05       	cpc	r25, r1
    3a18:	09 f4       	brne	.+2      	; 0x3a1c <KEYPAD_4x4_adjustKeyNumber+0x3c>
    3a1a:	59 c0       	rjmp	.+178    	; 0x3ace <KEYPAD_4x4_adjustKeyNumber+0xee>
    3a1c:	2b 81       	ldd	r18, Y+3	; 0x03
    3a1e:	3c 81       	ldd	r19, Y+4	; 0x04
    3a20:	25 30       	cpi	r18, 0x05	; 5
    3a22:	31 05       	cpc	r19, r1
    3a24:	9c f4       	brge	.+38     	; 0x3a4c <KEYPAD_4x4_adjustKeyNumber+0x6c>
    3a26:	8b 81       	ldd	r24, Y+3	; 0x03
    3a28:	9c 81       	ldd	r25, Y+4	; 0x04
    3a2a:	82 30       	cpi	r24, 0x02	; 2
    3a2c:	91 05       	cpc	r25, r1
    3a2e:	09 f4       	brne	.+2      	; 0x3a32 <KEYPAD_4x4_adjustKeyNumber+0x52>
    3a30:	48 c0       	rjmp	.+144    	; 0x3ac2 <KEYPAD_4x4_adjustKeyNumber+0xe2>
    3a32:	2b 81       	ldd	r18, Y+3	; 0x03
    3a34:	3c 81       	ldd	r19, Y+4	; 0x04
    3a36:	23 30       	cpi	r18, 0x03	; 3
    3a38:	31 05       	cpc	r19, r1
    3a3a:	0c f0       	brlt	.+2      	; 0x3a3e <KEYPAD_4x4_adjustKeyNumber+0x5e>
    3a3c:	45 c0       	rjmp	.+138    	; 0x3ac8 <KEYPAD_4x4_adjustKeyNumber+0xe8>
    3a3e:	8b 81       	ldd	r24, Y+3	; 0x03
    3a40:	9c 81       	ldd	r25, Y+4	; 0x04
    3a42:	81 30       	cpi	r24, 0x01	; 1
    3a44:	91 05       	cpc	r25, r1
    3a46:	09 f4       	brne	.+2      	; 0x3a4a <KEYPAD_4x4_adjustKeyNumber+0x6a>
    3a48:	39 c0       	rjmp	.+114    	; 0x3abc <KEYPAD_4x4_adjustKeyNumber+0xdc>
    3a4a:	68 c0       	rjmp	.+208    	; 0x3b1c <KEYPAD_4x4_adjustKeyNumber+0x13c>
    3a4c:	2b 81       	ldd	r18, Y+3	; 0x03
    3a4e:	3c 81       	ldd	r19, Y+4	; 0x04
    3a50:	26 30       	cpi	r18, 0x06	; 6
    3a52:	31 05       	cpc	r19, r1
    3a54:	09 f4       	brne	.+2      	; 0x3a58 <KEYPAD_4x4_adjustKeyNumber+0x78>
    3a56:	41 c0       	rjmp	.+130    	; 0x3ada <KEYPAD_4x4_adjustKeyNumber+0xfa>
    3a58:	8b 81       	ldd	r24, Y+3	; 0x03
    3a5a:	9c 81       	ldd	r25, Y+4	; 0x04
    3a5c:	87 30       	cpi	r24, 0x07	; 7
    3a5e:	91 05       	cpc	r25, r1
    3a60:	0c f0       	brlt	.+2      	; 0x3a64 <KEYPAD_4x4_adjustKeyNumber+0x84>
    3a62:	3e c0       	rjmp	.+124    	; 0x3ae0 <KEYPAD_4x4_adjustKeyNumber+0x100>
    3a64:	37 c0       	rjmp	.+110    	; 0x3ad4 <KEYPAD_4x4_adjustKeyNumber+0xf4>
    3a66:	2b 81       	ldd	r18, Y+3	; 0x03
    3a68:	3c 81       	ldd	r19, Y+4	; 0x04
    3a6a:	2c 30       	cpi	r18, 0x0C	; 12
    3a6c:	31 05       	cpc	r19, r1
    3a6e:	09 f4       	brne	.+2      	; 0x3a72 <KEYPAD_4x4_adjustKeyNumber+0x92>
    3a70:	46 c0       	rjmp	.+140    	; 0x3afe <KEYPAD_4x4_adjustKeyNumber+0x11e>
    3a72:	8b 81       	ldd	r24, Y+3	; 0x03
    3a74:	9c 81       	ldd	r25, Y+4	; 0x04
    3a76:	8d 30       	cpi	r24, 0x0D	; 13
    3a78:	91 05       	cpc	r25, r1
    3a7a:	5c f4       	brge	.+22     	; 0x3a92 <KEYPAD_4x4_adjustKeyNumber+0xb2>
    3a7c:	2b 81       	ldd	r18, Y+3	; 0x03
    3a7e:	3c 81       	ldd	r19, Y+4	; 0x04
    3a80:	2a 30       	cpi	r18, 0x0A	; 10
    3a82:	31 05       	cpc	r19, r1
    3a84:	b1 f1       	breq	.+108    	; 0x3af2 <KEYPAD_4x4_adjustKeyNumber+0x112>
    3a86:	8b 81       	ldd	r24, Y+3	; 0x03
    3a88:	9c 81       	ldd	r25, Y+4	; 0x04
    3a8a:	8b 30       	cpi	r24, 0x0B	; 11
    3a8c:	91 05       	cpc	r25, r1
    3a8e:	a4 f5       	brge	.+104    	; 0x3af8 <KEYPAD_4x4_adjustKeyNumber+0x118>
    3a90:	2d c0       	rjmp	.+90     	; 0x3aec <KEYPAD_4x4_adjustKeyNumber+0x10c>
    3a92:	2b 81       	ldd	r18, Y+3	; 0x03
    3a94:	3c 81       	ldd	r19, Y+4	; 0x04
    3a96:	2e 30       	cpi	r18, 0x0E	; 14
    3a98:	31 05       	cpc	r19, r1
    3a9a:	b9 f1       	breq	.+110    	; 0x3b0a <KEYPAD_4x4_adjustKeyNumber+0x12a>
    3a9c:	8b 81       	ldd	r24, Y+3	; 0x03
    3a9e:	9c 81       	ldd	r25, Y+4	; 0x04
    3aa0:	8e 30       	cpi	r24, 0x0E	; 14
    3aa2:	91 05       	cpc	r25, r1
    3aa4:	7c f1       	brlt	.+94     	; 0x3b04 <KEYPAD_4x4_adjustKeyNumber+0x124>
    3aa6:	2b 81       	ldd	r18, Y+3	; 0x03
    3aa8:	3c 81       	ldd	r19, Y+4	; 0x04
    3aaa:	2f 30       	cpi	r18, 0x0F	; 15
    3aac:	31 05       	cpc	r19, r1
    3aae:	81 f1       	breq	.+96     	; 0x3b10 <KEYPAD_4x4_adjustKeyNumber+0x130>
    3ab0:	8b 81       	ldd	r24, Y+3	; 0x03
    3ab2:	9c 81       	ldd	r25, Y+4	; 0x04
    3ab4:	80 31       	cpi	r24, 0x10	; 16
    3ab6:	91 05       	cpc	r25, r1
    3ab8:	71 f1       	breq	.+92     	; 0x3b16 <KEYPAD_4x4_adjustKeyNumber+0x136>
    3aba:	30 c0       	rjmp	.+96     	; 0x3b1c <KEYPAD_4x4_adjustKeyNumber+0x13c>
	{
	/* Row 0 */
			case 1: keypad_button = '1';
    3abc:	81 e3       	ldi	r24, 0x31	; 49
    3abe:	89 83       	std	Y+1, r24	; 0x01
    3ac0:	2f c0       	rjmp	.+94     	; 0x3b20 <KEYPAD_4x4_adjustKeyNumber+0x140>
					break;
			case 2: keypad_button = '2';
    3ac2:	82 e3       	ldi	r24, 0x32	; 50
    3ac4:	89 83       	std	Y+1, r24	; 0x01
    3ac6:	2c c0       	rjmp	.+88     	; 0x3b20 <KEYPAD_4x4_adjustKeyNumber+0x140>
					break;
			case 3: keypad_button = '3';
    3ac8:	83 e3       	ldi	r24, 0x33	; 51
    3aca:	89 83       	std	Y+1, r24	; 0x01
    3acc:	29 c0       	rjmp	.+82     	; 0x3b20 <KEYPAD_4x4_adjustKeyNumber+0x140>
					break;
			case 4: keypad_button = '4'; // '÷' (Division)
    3ace:	84 e3       	ldi	r24, 0x34	; 52
    3ad0:	89 83       	std	Y+1, r24	; 0x01
    3ad2:	26 c0       	rjmp	.+76     	; 0x3b20 <KEYPAD_4x4_adjustKeyNumber+0x140>
					break;

			/* Row 1 */
			case 5: keypad_button = '5';
    3ad4:	85 e3       	ldi	r24, 0x35	; 53
    3ad6:	89 83       	std	Y+1, r24	; 0x01
    3ad8:	23 c0       	rjmp	.+70     	; 0x3b20 <KEYPAD_4x4_adjustKeyNumber+0x140>
					break;
			case 6: keypad_button = '6';
    3ada:	86 e3       	ldi	r24, 0x36	; 54
    3adc:	89 83       	std	Y+1, r24	; 0x01
    3ade:	20 c0       	rjmp	.+64     	; 0x3b20 <KEYPAD_4x4_adjustKeyNumber+0x140>
					break;
			case 7: keypad_button = '7';
    3ae0:	87 e3       	ldi	r24, 0x37	; 55
    3ae2:	89 83       	std	Y+1, r24	; 0x01
    3ae4:	1d c0       	rjmp	.+58     	; 0x3b20 <KEYPAD_4x4_adjustKeyNumber+0x140>
					break;
			case 8: keypad_button = '8'; // 'x' (Multiplication)
    3ae6:	88 e3       	ldi	r24, 0x38	; 56
    3ae8:	89 83       	std	Y+1, r24	; 0x01
    3aea:	1a c0       	rjmp	.+52     	; 0x3b20 <KEYPAD_4x4_adjustKeyNumber+0x140>
					break;

			/* Row 2 */
			case 9: keypad_button = '9';
    3aec:	89 e3       	ldi	r24, 0x39	; 57
    3aee:	89 83       	std	Y+1, r24	; 0x01
    3af0:	17 c0       	rjmp	.+46     	; 0x3b20 <KEYPAD_4x4_adjustKeyNumber+0x140>
					break;
			case 10: keypad_button = '10';
    3af2:	80 e3       	ldi	r24, 0x30	; 48
    3af4:	89 83       	std	Y+1, r24	; 0x01
    3af6:	14 c0       	rjmp	.+40     	; 0x3b20 <KEYPAD_4x4_adjustKeyNumber+0x140>
					break;
			case 11: keypad_button = '11';
    3af8:	81 e3       	ldi	r24, 0x31	; 49
    3afa:	89 83       	std	Y+1, r24	; 0x01
    3afc:	11 c0       	rjmp	.+34     	; 0x3b20 <KEYPAD_4x4_adjustKeyNumber+0x140>
					break;
			case 12: keypad_button = '12';
    3afe:	82 e3       	ldi	r24, 0x32	; 50
    3b00:	89 83       	std	Y+1, r24	; 0x01
    3b02:	0e c0       	rjmp	.+28     	; 0x3b20 <KEYPAD_4x4_adjustKeyNumber+0x140>
					break;

			/* Row 3 */
			case 13: keypad_button = '13'; // 'ON/C' (Clear)
    3b04:	83 e3       	ldi	r24, 0x33	; 51
    3b06:	89 83       	std	Y+1, r24	; 0x01
    3b08:	0b c0       	rjmp	.+22     	; 0x3b20 <KEYPAD_4x4_adjustKeyNumber+0x140>
					break;
			case 14: keypad_button = '14';
    3b0a:	84 e3       	ldi	r24, 0x34	; 52
    3b0c:	89 83       	std	Y+1, r24	; 0x01
    3b0e:	08 c0       	rjmp	.+16     	; 0x3b20 <KEYPAD_4x4_adjustKeyNumber+0x140>
					break;
			case 15: keypad_button = '15';
    3b10:	85 e3       	ldi	r24, 0x35	; 53
    3b12:	89 83       	std	Y+1, r24	; 0x01
    3b14:	05 c0       	rjmp	.+10     	; 0x3b20 <KEYPAD_4x4_adjustKeyNumber+0x140>
					break;
			case 16: keypad_button = '16';
    3b16:	86 e3       	ldi	r24, 0x36	; 54
    3b18:	89 83       	std	Y+1, r24	; 0x01
    3b1a:	02 c0       	rjmp	.+4      	; 0x3b20 <KEYPAD_4x4_adjustKeyNumber+0x140>
					break;

			default: keypad_button = '100'; // Should not happen
    3b1c:	80 e3       	ldi	r24, 0x30	; 48
    3b1e:	89 83       	std	Y+1, r24	; 0x01
					break;
	}
	return keypad_button;
    3b20:	89 81       	ldd	r24, Y+1	; 0x01
} 
    3b22:	0f 90       	pop	r0
    3b24:	0f 90       	pop	r0
    3b26:	0f 90       	pop	r0
    3b28:	0f 90       	pop	r0
    3b2a:	cf 91       	pop	r28
    3b2c:	df 91       	pop	r29
    3b2e:	08 95       	ret

00003b30 <__udivmodsi4>:
    3b30:	a1 e2       	ldi	r26, 0x21	; 33
    3b32:	1a 2e       	mov	r1, r26
    3b34:	aa 1b       	sub	r26, r26
    3b36:	bb 1b       	sub	r27, r27
    3b38:	fd 01       	movw	r30, r26
    3b3a:	0d c0       	rjmp	.+26     	; 0x3b56 <__udivmodsi4_ep>

00003b3c <__udivmodsi4_loop>:
    3b3c:	aa 1f       	adc	r26, r26
    3b3e:	bb 1f       	adc	r27, r27
    3b40:	ee 1f       	adc	r30, r30
    3b42:	ff 1f       	adc	r31, r31
    3b44:	a2 17       	cp	r26, r18
    3b46:	b3 07       	cpc	r27, r19
    3b48:	e4 07       	cpc	r30, r20
    3b4a:	f5 07       	cpc	r31, r21
    3b4c:	20 f0       	brcs	.+8      	; 0x3b56 <__udivmodsi4_ep>
    3b4e:	a2 1b       	sub	r26, r18
    3b50:	b3 0b       	sbc	r27, r19
    3b52:	e4 0b       	sbc	r30, r20
    3b54:	f5 0b       	sbc	r31, r21

00003b56 <__udivmodsi4_ep>:
    3b56:	66 1f       	adc	r22, r22
    3b58:	77 1f       	adc	r23, r23
    3b5a:	88 1f       	adc	r24, r24
    3b5c:	99 1f       	adc	r25, r25
    3b5e:	1a 94       	dec	r1
    3b60:	69 f7       	brne	.-38     	; 0x3b3c <__udivmodsi4_loop>
    3b62:	60 95       	com	r22
    3b64:	70 95       	com	r23
    3b66:	80 95       	com	r24
    3b68:	90 95       	com	r25
    3b6a:	9b 01       	movw	r18, r22
    3b6c:	ac 01       	movw	r20, r24
    3b6e:	bd 01       	movw	r22, r26
    3b70:	cf 01       	movw	r24, r30
    3b72:	08 95       	ret

00003b74 <__prologue_saves__>:
    3b74:	2f 92       	push	r2
    3b76:	3f 92       	push	r3
    3b78:	4f 92       	push	r4
    3b7a:	5f 92       	push	r5
    3b7c:	6f 92       	push	r6
    3b7e:	7f 92       	push	r7
    3b80:	8f 92       	push	r8
    3b82:	9f 92       	push	r9
    3b84:	af 92       	push	r10
    3b86:	bf 92       	push	r11
    3b88:	cf 92       	push	r12
    3b8a:	df 92       	push	r13
    3b8c:	ef 92       	push	r14
    3b8e:	ff 92       	push	r15
    3b90:	0f 93       	push	r16
    3b92:	1f 93       	push	r17
    3b94:	cf 93       	push	r28
    3b96:	df 93       	push	r29
    3b98:	cd b7       	in	r28, 0x3d	; 61
    3b9a:	de b7       	in	r29, 0x3e	; 62
    3b9c:	ca 1b       	sub	r28, r26
    3b9e:	db 0b       	sbc	r29, r27
    3ba0:	0f b6       	in	r0, 0x3f	; 63
    3ba2:	f8 94       	cli
    3ba4:	de bf       	out	0x3e, r29	; 62
    3ba6:	0f be       	out	0x3f, r0	; 63
    3ba8:	cd bf       	out	0x3d, r28	; 61
    3baa:	09 94       	ijmp

00003bac <__epilogue_restores__>:
    3bac:	2a 88       	ldd	r2, Y+18	; 0x12
    3bae:	39 88       	ldd	r3, Y+17	; 0x11
    3bb0:	48 88       	ldd	r4, Y+16	; 0x10
    3bb2:	5f 84       	ldd	r5, Y+15	; 0x0f
    3bb4:	6e 84       	ldd	r6, Y+14	; 0x0e
    3bb6:	7d 84       	ldd	r7, Y+13	; 0x0d
    3bb8:	8c 84       	ldd	r8, Y+12	; 0x0c
    3bba:	9b 84       	ldd	r9, Y+11	; 0x0b
    3bbc:	aa 84       	ldd	r10, Y+10	; 0x0a
    3bbe:	b9 84       	ldd	r11, Y+9	; 0x09
    3bc0:	c8 84       	ldd	r12, Y+8	; 0x08
    3bc2:	df 80       	ldd	r13, Y+7	; 0x07
    3bc4:	ee 80       	ldd	r14, Y+6	; 0x06
    3bc6:	fd 80       	ldd	r15, Y+5	; 0x05
    3bc8:	0c 81       	ldd	r16, Y+4	; 0x04
    3bca:	1b 81       	ldd	r17, Y+3	; 0x03
    3bcc:	aa 81       	ldd	r26, Y+2	; 0x02
    3bce:	b9 81       	ldd	r27, Y+1	; 0x01
    3bd0:	ce 0f       	add	r28, r30
    3bd2:	d1 1d       	adc	r29, r1
    3bd4:	0f b6       	in	r0, 0x3f	; 63
    3bd6:	f8 94       	cli
    3bd8:	de bf       	out	0x3e, r29	; 62
    3bda:	0f be       	out	0x3f, r0	; 63
    3bdc:	cd bf       	out	0x3d, r28	; 61
    3bde:	ed 01       	movw	r28, r26
    3be0:	08 95       	ret

00003be2 <itoa>:
    3be2:	fb 01       	movw	r30, r22
    3be4:	9f 01       	movw	r18, r30
    3be6:	e8 94       	clt
    3be8:	42 30       	cpi	r20, 0x02	; 2
    3bea:	c4 f0       	brlt	.+48     	; 0x3c1c <itoa+0x3a>
    3bec:	45 32       	cpi	r20, 0x25	; 37
    3bee:	b4 f4       	brge	.+44     	; 0x3c1c <itoa+0x3a>
    3bf0:	4a 30       	cpi	r20, 0x0A	; 10
    3bf2:	29 f4       	brne	.+10     	; 0x3bfe <itoa+0x1c>
    3bf4:	97 fb       	bst	r25, 7
    3bf6:	1e f4       	brtc	.+6      	; 0x3bfe <itoa+0x1c>
    3bf8:	90 95       	com	r25
    3bfa:	81 95       	neg	r24
    3bfc:	9f 4f       	sbci	r25, 0xFF	; 255
    3bfe:	64 2f       	mov	r22, r20
    3c00:	77 27       	eor	r23, r23
    3c02:	0e 94 22 1e 	call	0x3c44	; 0x3c44 <__udivmodhi4>
    3c06:	80 5d       	subi	r24, 0xD0	; 208
    3c08:	8a 33       	cpi	r24, 0x3A	; 58
    3c0a:	0c f0       	brlt	.+2      	; 0x3c0e <itoa+0x2c>
    3c0c:	89 5d       	subi	r24, 0xD9	; 217
    3c0e:	81 93       	st	Z+, r24
    3c10:	cb 01       	movw	r24, r22
    3c12:	00 97       	sbiw	r24, 0x00	; 0
    3c14:	a1 f7       	brne	.-24     	; 0x3bfe <itoa+0x1c>
    3c16:	16 f4       	brtc	.+4      	; 0x3c1c <itoa+0x3a>
    3c18:	5d e2       	ldi	r21, 0x2D	; 45
    3c1a:	51 93       	st	Z+, r21
    3c1c:	10 82       	st	Z, r1
    3c1e:	c9 01       	movw	r24, r18
    3c20:	0c 94 12 1e 	jmp	0x3c24	; 0x3c24 <strrev>

00003c24 <strrev>:
    3c24:	dc 01       	movw	r26, r24
    3c26:	fc 01       	movw	r30, r24
    3c28:	67 2f       	mov	r22, r23
    3c2a:	71 91       	ld	r23, Z+
    3c2c:	77 23       	and	r23, r23
    3c2e:	e1 f7       	brne	.-8      	; 0x3c28 <strrev+0x4>
    3c30:	32 97       	sbiw	r30, 0x02	; 2
    3c32:	04 c0       	rjmp	.+8      	; 0x3c3c <strrev+0x18>
    3c34:	7c 91       	ld	r23, X
    3c36:	6d 93       	st	X+, r22
    3c38:	70 83       	st	Z, r23
    3c3a:	62 91       	ld	r22, -Z
    3c3c:	ae 17       	cp	r26, r30
    3c3e:	bf 07       	cpc	r27, r31
    3c40:	c8 f3       	brcs	.-14     	; 0x3c34 <strrev+0x10>
    3c42:	08 95       	ret

00003c44 <__udivmodhi4>:
    3c44:	aa 1b       	sub	r26, r26
    3c46:	bb 1b       	sub	r27, r27
    3c48:	51 e1       	ldi	r21, 0x11	; 17
    3c4a:	07 c0       	rjmp	.+14     	; 0x3c5a <__udivmodhi4_ep>

00003c4c <__udivmodhi4_loop>:
    3c4c:	aa 1f       	adc	r26, r26
    3c4e:	bb 1f       	adc	r27, r27
    3c50:	a6 17       	cp	r26, r22
    3c52:	b7 07       	cpc	r27, r23
    3c54:	10 f0       	brcs	.+4      	; 0x3c5a <__udivmodhi4_ep>
    3c56:	a6 1b       	sub	r26, r22
    3c58:	b7 0b       	sbc	r27, r23

00003c5a <__udivmodhi4_ep>:
    3c5a:	88 1f       	adc	r24, r24
    3c5c:	99 1f       	adc	r25, r25
    3c5e:	5a 95       	dec	r21
    3c60:	a9 f7       	brne	.-22     	; 0x3c4c <__udivmodhi4_loop>
    3c62:	80 95       	com	r24
    3c64:	90 95       	com	r25
    3c66:	bc 01       	movw	r22, r24
    3c68:	cd 01       	movw	r24, r26
    3c6a:	08 95       	ret

00003c6c <_exit>:
    3c6c:	f8 94       	cli

00003c6e <__stop_program>:
    3c6e:	ff cf       	rjmp	.-2      	; 0x3c6e <__stop_program>
