
final_project_Control_2025.elf:     file format elf32-avr

Sections:
Idx Name          Size      VMA       LMA       File off  Algn
  0 .text         00002b70  00000000  00000000  00000094  2**1
                  CONTENTS, ALLOC, LOAD, READONLY, CODE
  1 .data         00000114  00800060  00002b70  00002c04  2**0
                  CONTENTS, ALLOC, LOAD, DATA
  2 .bss          00000009  00800174  00800174  00002d18  2**0
                  ALLOC
  3 .stab         00003234  00000000  00000000  00002d18  2**2
                  CONTENTS, READONLY, DEBUGGING
  4 .stabstr      0000219b  00000000  00000000  00005f4c  2**0
                  CONTENTS, READONLY, DEBUGGING
  5 .debug_aranges 000001a0  00000000  00000000  000080e7  2**0
                  CONTENTS, READONLY, DEBUGGING
  6 .debug_pubnames 000001f2  00000000  00000000  00008287  2**0
                  CONTENTS, READONLY, DEBUGGING
  7 .debug_info   0000240b  00000000  00000000  00008479  2**0
                  CONTENTS, READONLY, DEBUGGING
  8 .debug_abbrev 00001386  00000000  00000000  0000a884  2**0
                  CONTENTS, READONLY, DEBUGGING
  9 .debug_line   000011d6  00000000  00000000  0000bc0a  2**0
                  CONTENTS, READONLY, DEBUGGING
 10 .debug_frame  000001c0  00000000  00000000  0000cde0  2**2
                  CONTENTS, READONLY, DEBUGGING
 11 .debug_str    000002f6  00000000  00000000  0000cfa0  2**0
                  CONTENTS, READONLY, DEBUGGING
 12 .debug_loc    0000096e  00000000  00000000  0000d296  2**0
                  CONTENTS, READONLY, DEBUGGING
 13 .debug_ranges 00000050  00000000  00000000  0000dc04  2**0
                  CONTENTS, READONLY, DEBUGGING

Disassembly of section .text:

00000000 <__vectors>:
       0:	0c 94 2a 00 	jmp	0x54	; 0x54 <__ctors_end>
       4:	0c 94 47 00 	jmp	0x8e	; 0x8e <__bad_interrupt>
       8:	0c 94 47 00 	jmp	0x8e	; 0x8e <__bad_interrupt>
       c:	0c 94 47 00 	jmp	0x8e	; 0x8e <__bad_interrupt>
      10:	0c 94 47 00 	jmp	0x8e	; 0x8e <__bad_interrupt>
      14:	0c 94 47 00 	jmp	0x8e	; 0x8e <__bad_interrupt>
      18:	0c 94 e1 0d 	jmp	0x1bc2	; 0x1bc2 <__vector_6>
      1c:	0c 94 47 00 	jmp	0x8e	; 0x8e <__bad_interrupt>
      20:	0c 94 47 00 	jmp	0x8e	; 0x8e <__bad_interrupt>
      24:	0c 94 47 00 	jmp	0x8e	; 0x8e <__bad_interrupt>
      28:	0c 94 47 00 	jmp	0x8e	; 0x8e <__bad_interrupt>
      2c:	0c 94 47 00 	jmp	0x8e	; 0x8e <__bad_interrupt>
      30:	0c 94 47 00 	jmp	0x8e	; 0x8e <__bad_interrupt>
      34:	0c 94 47 00 	jmp	0x8e	; 0x8e <__bad_interrupt>
      38:	0c 94 47 00 	jmp	0x8e	; 0x8e <__bad_interrupt>
      3c:	0c 94 47 00 	jmp	0x8e	; 0x8e <__bad_interrupt>
      40:	0c 94 47 00 	jmp	0x8e	; 0x8e <__bad_interrupt>
      44:	0c 94 47 00 	jmp	0x8e	; 0x8e <__bad_interrupt>
      48:	0c 94 47 00 	jmp	0x8e	; 0x8e <__bad_interrupt>
      4c:	0c 94 47 00 	jmp	0x8e	; 0x8e <__bad_interrupt>
      50:	0c 94 47 00 	jmp	0x8e	; 0x8e <__bad_interrupt>

00000054 <__ctors_end>:
      54:	11 24       	eor	r1, r1
      56:	1f be       	out	0x3f, r1	; 63
      58:	cf e5       	ldi	r28, 0x5F	; 95
      5a:	d8 e0       	ldi	r29, 0x08	; 8
      5c:	de bf       	out	0x3e, r29	; 62
      5e:	cd bf       	out	0x3d, r28	; 61

00000060 <__do_copy_data>:
      60:	11 e0       	ldi	r17, 0x01	; 1
      62:	a0 e6       	ldi	r26, 0x60	; 96
      64:	b0 e0       	ldi	r27, 0x00	; 0
      66:	e0 e7       	ldi	r30, 0x70	; 112
      68:	fb e2       	ldi	r31, 0x2B	; 43
      6a:	02 c0       	rjmp	.+4      	; 0x70 <.do_copy_data_start>

0000006c <.do_copy_data_loop>:
      6c:	05 90       	lpm	r0, Z+
      6e:	0d 92       	st	X+, r0

00000070 <.do_copy_data_start>:
      70:	a4 37       	cpi	r26, 0x74	; 116
      72:	b1 07       	cpc	r27, r17
      74:	d9 f7       	brne	.-10     	; 0x6c <.do_copy_data_loop>

00000076 <__do_clear_bss>:
      76:	11 e0       	ldi	r17, 0x01	; 1
      78:	a4 e7       	ldi	r26, 0x74	; 116
      7a:	b1 e0       	ldi	r27, 0x01	; 1
      7c:	01 c0       	rjmp	.+2      	; 0x80 <.do_clear_bss_start>

0000007e <.do_clear_bss_loop>:
      7e:	1d 92       	st	X+, r1

00000080 <.do_clear_bss_start>:
      80:	ad 37       	cpi	r26, 0x7D	; 125
      82:	b1 07       	cpc	r27, r17
      84:	e1 f7       	brne	.-8      	; 0x7e <.do_clear_bss_loop>
      86:	0e 94 0f 09 	call	0x121e	; 0x121e <main>
      8a:	0c 94 b6 15 	jmp	0x2b6c	; 0x2b6c <_exit>

0000008e <__bad_interrupt>:
      8e:	0c 94 00 00 	jmp	0	; 0x0 <__vectors>

00000092 <__fixunssfsi>:
      92:	ef 92       	push	r14
      94:	ff 92       	push	r15
      96:	0f 93       	push	r16
      98:	1f 93       	push	r17
      9a:	7b 01       	movw	r14, r22
      9c:	8c 01       	movw	r16, r24
      9e:	20 e0       	ldi	r18, 0x00	; 0
      a0:	30 e0       	ldi	r19, 0x00	; 0
      a2:	40 e0       	ldi	r20, 0x00	; 0
      a4:	5f e4       	ldi	r21, 0x4F	; 79
      a6:	0e 94 f5 03 	call	0x7ea	; 0x7ea <__gesf2>
      aa:	88 23       	and	r24, r24
      ac:	8c f0       	brlt	.+34     	; 0xd0 <__fixunssfsi+0x3e>
      ae:	c8 01       	movw	r24, r16
      b0:	b7 01       	movw	r22, r14
      b2:	20 e0       	ldi	r18, 0x00	; 0
      b4:	30 e0       	ldi	r19, 0x00	; 0
      b6:	40 e0       	ldi	r20, 0x00	; 0
      b8:	5f e4       	ldi	r21, 0x4F	; 79
      ba:	0e 94 c1 01 	call	0x382	; 0x382 <__subsf3>
      be:	0e 94 55 04 	call	0x8aa	; 0x8aa <__fixsfsi>
      c2:	9b 01       	movw	r18, r22
      c4:	ac 01       	movw	r20, r24
      c6:	20 50       	subi	r18, 0x00	; 0
      c8:	30 40       	sbci	r19, 0x00	; 0
      ca:	40 40       	sbci	r20, 0x00	; 0
      cc:	50 48       	sbci	r21, 0x80	; 128
      ce:	06 c0       	rjmp	.+12     	; 0xdc <__fixunssfsi+0x4a>
      d0:	c8 01       	movw	r24, r16
      d2:	b7 01       	movw	r22, r14
      d4:	0e 94 55 04 	call	0x8aa	; 0x8aa <__fixsfsi>
      d8:	9b 01       	movw	r18, r22
      da:	ac 01       	movw	r20, r24
      dc:	b9 01       	movw	r22, r18
      de:	ca 01       	movw	r24, r20
      e0:	1f 91       	pop	r17
      e2:	0f 91       	pop	r16
      e4:	ff 90       	pop	r15
      e6:	ef 90       	pop	r14
      e8:	08 95       	ret

000000ea <_fpadd_parts>:
      ea:	a0 e0       	ldi	r26, 0x00	; 0
      ec:	b0 e0       	ldi	r27, 0x00	; 0
      ee:	eb e7       	ldi	r30, 0x7B	; 123
      f0:	f0 e0       	ldi	r31, 0x00	; 0
      f2:	0c 94 7f 15 	jmp	0x2afe	; 0x2afe <__prologue_saves__>
      f6:	dc 01       	movw	r26, r24
      f8:	2b 01       	movw	r4, r22
      fa:	fa 01       	movw	r30, r20
      fc:	9c 91       	ld	r25, X
      fe:	92 30       	cpi	r25, 0x02	; 2
     100:	08 f4       	brcc	.+2      	; 0x104 <_fpadd_parts+0x1a>
     102:	39 c1       	rjmp	.+626    	; 0x376 <_fpadd_parts+0x28c>
     104:	eb 01       	movw	r28, r22
     106:	88 81       	ld	r24, Y
     108:	82 30       	cpi	r24, 0x02	; 2
     10a:	08 f4       	brcc	.+2      	; 0x10e <_fpadd_parts+0x24>
     10c:	33 c1       	rjmp	.+614    	; 0x374 <_fpadd_parts+0x28a>
     10e:	94 30       	cpi	r25, 0x04	; 4
     110:	69 f4       	brne	.+26     	; 0x12c <_fpadd_parts+0x42>
     112:	84 30       	cpi	r24, 0x04	; 4
     114:	09 f0       	breq	.+2      	; 0x118 <_fpadd_parts+0x2e>
     116:	2f c1       	rjmp	.+606    	; 0x376 <_fpadd_parts+0x28c>
     118:	11 96       	adiw	r26, 0x01	; 1
     11a:	9c 91       	ld	r25, X
     11c:	11 97       	sbiw	r26, 0x01	; 1
     11e:	89 81       	ldd	r24, Y+1	; 0x01
     120:	98 17       	cp	r25, r24
     122:	09 f4       	brne	.+2      	; 0x126 <_fpadd_parts+0x3c>
     124:	28 c1       	rjmp	.+592    	; 0x376 <_fpadd_parts+0x28c>
     126:	a0 e6       	ldi	r26, 0x60	; 96
     128:	b0 e0       	ldi	r27, 0x00	; 0
     12a:	25 c1       	rjmp	.+586    	; 0x376 <_fpadd_parts+0x28c>
     12c:	84 30       	cpi	r24, 0x04	; 4
     12e:	09 f4       	brne	.+2      	; 0x132 <_fpadd_parts+0x48>
     130:	21 c1       	rjmp	.+578    	; 0x374 <_fpadd_parts+0x28a>
     132:	82 30       	cpi	r24, 0x02	; 2
     134:	a9 f4       	brne	.+42     	; 0x160 <_fpadd_parts+0x76>
     136:	92 30       	cpi	r25, 0x02	; 2
     138:	09 f0       	breq	.+2      	; 0x13c <_fpadd_parts+0x52>
     13a:	1d c1       	rjmp	.+570    	; 0x376 <_fpadd_parts+0x28c>
     13c:	9a 01       	movw	r18, r20
     13e:	ad 01       	movw	r20, r26
     140:	88 e0       	ldi	r24, 0x08	; 8
     142:	ea 01       	movw	r28, r20
     144:	09 90       	ld	r0, Y+
     146:	ae 01       	movw	r20, r28
     148:	e9 01       	movw	r28, r18
     14a:	09 92       	st	Y+, r0
     14c:	9e 01       	movw	r18, r28
     14e:	81 50       	subi	r24, 0x01	; 1
     150:	c1 f7       	brne	.-16     	; 0x142 <_fpadd_parts+0x58>
     152:	e2 01       	movw	r28, r4
     154:	89 81       	ldd	r24, Y+1	; 0x01
     156:	11 96       	adiw	r26, 0x01	; 1
     158:	9c 91       	ld	r25, X
     15a:	89 23       	and	r24, r25
     15c:	81 83       	std	Z+1, r24	; 0x01
     15e:	08 c1       	rjmp	.+528    	; 0x370 <_fpadd_parts+0x286>
     160:	92 30       	cpi	r25, 0x02	; 2
     162:	09 f4       	brne	.+2      	; 0x166 <_fpadd_parts+0x7c>
     164:	07 c1       	rjmp	.+526    	; 0x374 <_fpadd_parts+0x28a>
     166:	12 96       	adiw	r26, 0x02	; 2
     168:	2d 90       	ld	r2, X+
     16a:	3c 90       	ld	r3, X
     16c:	13 97       	sbiw	r26, 0x03	; 3
     16e:	eb 01       	movw	r28, r22
     170:	8a 81       	ldd	r24, Y+2	; 0x02
     172:	9b 81       	ldd	r25, Y+3	; 0x03
     174:	14 96       	adiw	r26, 0x04	; 4
     176:	ad 90       	ld	r10, X+
     178:	bd 90       	ld	r11, X+
     17a:	cd 90       	ld	r12, X+
     17c:	dc 90       	ld	r13, X
     17e:	17 97       	sbiw	r26, 0x07	; 7
     180:	ec 80       	ldd	r14, Y+4	; 0x04
     182:	fd 80       	ldd	r15, Y+5	; 0x05
     184:	0e 81       	ldd	r16, Y+6	; 0x06
     186:	1f 81       	ldd	r17, Y+7	; 0x07
     188:	91 01       	movw	r18, r2
     18a:	28 1b       	sub	r18, r24
     18c:	39 0b       	sbc	r19, r25
     18e:	b9 01       	movw	r22, r18
     190:	37 ff       	sbrs	r19, 7
     192:	04 c0       	rjmp	.+8      	; 0x19c <_fpadd_parts+0xb2>
     194:	66 27       	eor	r22, r22
     196:	77 27       	eor	r23, r23
     198:	62 1b       	sub	r22, r18
     19a:	73 0b       	sbc	r23, r19
     19c:	60 32       	cpi	r22, 0x20	; 32
     19e:	71 05       	cpc	r23, r1
     1a0:	0c f0       	brlt	.+2      	; 0x1a4 <_fpadd_parts+0xba>
     1a2:	61 c0       	rjmp	.+194    	; 0x266 <_fpadd_parts+0x17c>
     1a4:	12 16       	cp	r1, r18
     1a6:	13 06       	cpc	r1, r19
     1a8:	6c f5       	brge	.+90     	; 0x204 <_fpadd_parts+0x11a>
     1aa:	37 01       	movw	r6, r14
     1ac:	48 01       	movw	r8, r16
     1ae:	06 2e       	mov	r0, r22
     1b0:	04 c0       	rjmp	.+8      	; 0x1ba <_fpadd_parts+0xd0>
     1b2:	96 94       	lsr	r9
     1b4:	87 94       	ror	r8
     1b6:	77 94       	ror	r7
     1b8:	67 94       	ror	r6
     1ba:	0a 94       	dec	r0
     1bc:	d2 f7       	brpl	.-12     	; 0x1b2 <_fpadd_parts+0xc8>
     1be:	21 e0       	ldi	r18, 0x01	; 1
     1c0:	30 e0       	ldi	r19, 0x00	; 0
     1c2:	40 e0       	ldi	r20, 0x00	; 0
     1c4:	50 e0       	ldi	r21, 0x00	; 0
     1c6:	04 c0       	rjmp	.+8      	; 0x1d0 <_fpadd_parts+0xe6>
     1c8:	22 0f       	add	r18, r18
     1ca:	33 1f       	adc	r19, r19
     1cc:	44 1f       	adc	r20, r20
     1ce:	55 1f       	adc	r21, r21
     1d0:	6a 95       	dec	r22
     1d2:	d2 f7       	brpl	.-12     	; 0x1c8 <_fpadd_parts+0xde>
     1d4:	21 50       	subi	r18, 0x01	; 1
     1d6:	30 40       	sbci	r19, 0x00	; 0
     1d8:	40 40       	sbci	r20, 0x00	; 0
     1da:	50 40       	sbci	r21, 0x00	; 0
     1dc:	2e 21       	and	r18, r14
     1de:	3f 21       	and	r19, r15
     1e0:	40 23       	and	r20, r16
     1e2:	51 23       	and	r21, r17
     1e4:	21 15       	cp	r18, r1
     1e6:	31 05       	cpc	r19, r1
     1e8:	41 05       	cpc	r20, r1
     1ea:	51 05       	cpc	r21, r1
     1ec:	21 f0       	breq	.+8      	; 0x1f6 <_fpadd_parts+0x10c>
     1ee:	21 e0       	ldi	r18, 0x01	; 1
     1f0:	30 e0       	ldi	r19, 0x00	; 0
     1f2:	40 e0       	ldi	r20, 0x00	; 0
     1f4:	50 e0       	ldi	r21, 0x00	; 0
     1f6:	79 01       	movw	r14, r18
     1f8:	8a 01       	movw	r16, r20
     1fa:	e6 28       	or	r14, r6
     1fc:	f7 28       	or	r15, r7
     1fe:	08 29       	or	r16, r8
     200:	19 29       	or	r17, r9
     202:	3c c0       	rjmp	.+120    	; 0x27c <_fpadd_parts+0x192>
     204:	23 2b       	or	r18, r19
     206:	d1 f1       	breq	.+116    	; 0x27c <_fpadd_parts+0x192>
     208:	26 0e       	add	r2, r22
     20a:	37 1e       	adc	r3, r23
     20c:	35 01       	movw	r6, r10
     20e:	46 01       	movw	r8, r12
     210:	06 2e       	mov	r0, r22
     212:	04 c0       	rjmp	.+8      	; 0x21c <_fpadd_parts+0x132>
     214:	96 94       	lsr	r9
     216:	87 94       	ror	r8
     218:	77 94       	ror	r7
     21a:	67 94       	ror	r6
     21c:	0a 94       	dec	r0
     21e:	d2 f7       	brpl	.-12     	; 0x214 <_fpadd_parts+0x12a>
     220:	21 e0       	ldi	r18, 0x01	; 1
     222:	30 e0       	ldi	r19, 0x00	; 0
     224:	40 e0       	ldi	r20, 0x00	; 0
     226:	50 e0       	ldi	r21, 0x00	; 0
     228:	04 c0       	rjmp	.+8      	; 0x232 <_fpadd_parts+0x148>
     22a:	22 0f       	add	r18, r18
     22c:	33 1f       	adc	r19, r19
     22e:	44 1f       	adc	r20, r20
     230:	55 1f       	adc	r21, r21
     232:	6a 95       	dec	r22
     234:	d2 f7       	brpl	.-12     	; 0x22a <_fpadd_parts+0x140>
     236:	21 50       	subi	r18, 0x01	; 1
     238:	30 40       	sbci	r19, 0x00	; 0
     23a:	40 40       	sbci	r20, 0x00	; 0
     23c:	50 40       	sbci	r21, 0x00	; 0
     23e:	2a 21       	and	r18, r10
     240:	3b 21       	and	r19, r11
     242:	4c 21       	and	r20, r12
     244:	5d 21       	and	r21, r13
     246:	21 15       	cp	r18, r1
     248:	31 05       	cpc	r19, r1
     24a:	41 05       	cpc	r20, r1
     24c:	51 05       	cpc	r21, r1
     24e:	21 f0       	breq	.+8      	; 0x258 <_fpadd_parts+0x16e>
     250:	21 e0       	ldi	r18, 0x01	; 1
     252:	30 e0       	ldi	r19, 0x00	; 0
     254:	40 e0       	ldi	r20, 0x00	; 0
     256:	50 e0       	ldi	r21, 0x00	; 0
     258:	59 01       	movw	r10, r18
     25a:	6a 01       	movw	r12, r20
     25c:	a6 28       	or	r10, r6
     25e:	b7 28       	or	r11, r7
     260:	c8 28       	or	r12, r8
     262:	d9 28       	or	r13, r9
     264:	0b c0       	rjmp	.+22     	; 0x27c <_fpadd_parts+0x192>
     266:	82 15       	cp	r24, r2
     268:	93 05       	cpc	r25, r3
     26a:	2c f0       	brlt	.+10     	; 0x276 <_fpadd_parts+0x18c>
     26c:	1c 01       	movw	r2, r24
     26e:	aa 24       	eor	r10, r10
     270:	bb 24       	eor	r11, r11
     272:	65 01       	movw	r12, r10
     274:	03 c0       	rjmp	.+6      	; 0x27c <_fpadd_parts+0x192>
     276:	ee 24       	eor	r14, r14
     278:	ff 24       	eor	r15, r15
     27a:	87 01       	movw	r16, r14
     27c:	11 96       	adiw	r26, 0x01	; 1
     27e:	9c 91       	ld	r25, X
     280:	d2 01       	movw	r26, r4
     282:	11 96       	adiw	r26, 0x01	; 1
     284:	8c 91       	ld	r24, X
     286:	98 17       	cp	r25, r24
     288:	09 f4       	brne	.+2      	; 0x28c <_fpadd_parts+0x1a2>
     28a:	45 c0       	rjmp	.+138    	; 0x316 <_fpadd_parts+0x22c>
     28c:	99 23       	and	r25, r25
     28e:	39 f0       	breq	.+14     	; 0x29e <_fpadd_parts+0x1b4>
     290:	a8 01       	movw	r20, r16
     292:	97 01       	movw	r18, r14
     294:	2a 19       	sub	r18, r10
     296:	3b 09       	sbc	r19, r11
     298:	4c 09       	sbc	r20, r12
     29a:	5d 09       	sbc	r21, r13
     29c:	06 c0       	rjmp	.+12     	; 0x2aa <_fpadd_parts+0x1c0>
     29e:	a6 01       	movw	r20, r12
     2a0:	95 01       	movw	r18, r10
     2a2:	2e 19       	sub	r18, r14
     2a4:	3f 09       	sbc	r19, r15
     2a6:	40 0b       	sbc	r20, r16
     2a8:	51 0b       	sbc	r21, r17
     2aa:	57 fd       	sbrc	r21, 7
     2ac:	08 c0       	rjmp	.+16     	; 0x2be <_fpadd_parts+0x1d4>
     2ae:	11 82       	std	Z+1, r1	; 0x01
     2b0:	33 82       	std	Z+3, r3	; 0x03
     2b2:	22 82       	std	Z+2, r2	; 0x02
     2b4:	24 83       	std	Z+4, r18	; 0x04
     2b6:	35 83       	std	Z+5, r19	; 0x05
     2b8:	46 83       	std	Z+6, r20	; 0x06
     2ba:	57 83       	std	Z+7, r21	; 0x07
     2bc:	1d c0       	rjmp	.+58     	; 0x2f8 <_fpadd_parts+0x20e>
     2be:	81 e0       	ldi	r24, 0x01	; 1
     2c0:	81 83       	std	Z+1, r24	; 0x01
     2c2:	33 82       	std	Z+3, r3	; 0x03
     2c4:	22 82       	std	Z+2, r2	; 0x02
     2c6:	88 27       	eor	r24, r24
     2c8:	99 27       	eor	r25, r25
     2ca:	dc 01       	movw	r26, r24
     2cc:	82 1b       	sub	r24, r18
     2ce:	93 0b       	sbc	r25, r19
     2d0:	a4 0b       	sbc	r26, r20
     2d2:	b5 0b       	sbc	r27, r21
     2d4:	84 83       	std	Z+4, r24	; 0x04
     2d6:	95 83       	std	Z+5, r25	; 0x05
     2d8:	a6 83       	std	Z+6, r26	; 0x06
     2da:	b7 83       	std	Z+7, r27	; 0x07
     2dc:	0d c0       	rjmp	.+26     	; 0x2f8 <_fpadd_parts+0x20e>
     2de:	22 0f       	add	r18, r18
     2e0:	33 1f       	adc	r19, r19
     2e2:	44 1f       	adc	r20, r20
     2e4:	55 1f       	adc	r21, r21
     2e6:	24 83       	std	Z+4, r18	; 0x04
     2e8:	35 83       	std	Z+5, r19	; 0x05
     2ea:	46 83       	std	Z+6, r20	; 0x06
     2ec:	57 83       	std	Z+7, r21	; 0x07
     2ee:	82 81       	ldd	r24, Z+2	; 0x02
     2f0:	93 81       	ldd	r25, Z+3	; 0x03
     2f2:	01 97       	sbiw	r24, 0x01	; 1
     2f4:	93 83       	std	Z+3, r25	; 0x03
     2f6:	82 83       	std	Z+2, r24	; 0x02
     2f8:	24 81       	ldd	r18, Z+4	; 0x04
     2fa:	35 81       	ldd	r19, Z+5	; 0x05
     2fc:	46 81       	ldd	r20, Z+6	; 0x06
     2fe:	57 81       	ldd	r21, Z+7	; 0x07
     300:	da 01       	movw	r26, r20
     302:	c9 01       	movw	r24, r18
     304:	01 97       	sbiw	r24, 0x01	; 1
     306:	a1 09       	sbc	r26, r1
     308:	b1 09       	sbc	r27, r1
     30a:	8f 5f       	subi	r24, 0xFF	; 255
     30c:	9f 4f       	sbci	r25, 0xFF	; 255
     30e:	af 4f       	sbci	r26, 0xFF	; 255
     310:	bf 43       	sbci	r27, 0x3F	; 63
     312:	28 f3       	brcs	.-54     	; 0x2de <_fpadd_parts+0x1f4>
     314:	0b c0       	rjmp	.+22     	; 0x32c <_fpadd_parts+0x242>
     316:	91 83       	std	Z+1, r25	; 0x01
     318:	33 82       	std	Z+3, r3	; 0x03
     31a:	22 82       	std	Z+2, r2	; 0x02
     31c:	ea 0c       	add	r14, r10
     31e:	fb 1c       	adc	r15, r11
     320:	0c 1d       	adc	r16, r12
     322:	1d 1d       	adc	r17, r13
     324:	e4 82       	std	Z+4, r14	; 0x04
     326:	f5 82       	std	Z+5, r15	; 0x05
     328:	06 83       	std	Z+6, r16	; 0x06
     32a:	17 83       	std	Z+7, r17	; 0x07
     32c:	83 e0       	ldi	r24, 0x03	; 3
     32e:	80 83       	st	Z, r24
     330:	24 81       	ldd	r18, Z+4	; 0x04
     332:	35 81       	ldd	r19, Z+5	; 0x05
     334:	46 81       	ldd	r20, Z+6	; 0x06
     336:	57 81       	ldd	r21, Z+7	; 0x07
     338:	57 ff       	sbrs	r21, 7
     33a:	1a c0       	rjmp	.+52     	; 0x370 <_fpadd_parts+0x286>
     33c:	c9 01       	movw	r24, r18
     33e:	aa 27       	eor	r26, r26
     340:	97 fd       	sbrc	r25, 7
     342:	a0 95       	com	r26
     344:	ba 2f       	mov	r27, r26
     346:	81 70       	andi	r24, 0x01	; 1
     348:	90 70       	andi	r25, 0x00	; 0
     34a:	a0 70       	andi	r26, 0x00	; 0
     34c:	b0 70       	andi	r27, 0x00	; 0
     34e:	56 95       	lsr	r21
     350:	47 95       	ror	r20
     352:	37 95       	ror	r19
     354:	27 95       	ror	r18
     356:	82 2b       	or	r24, r18
     358:	93 2b       	or	r25, r19
     35a:	a4 2b       	or	r26, r20
     35c:	b5 2b       	or	r27, r21
     35e:	84 83       	std	Z+4, r24	; 0x04
     360:	95 83       	std	Z+5, r25	; 0x05
     362:	a6 83       	std	Z+6, r26	; 0x06
     364:	b7 83       	std	Z+7, r27	; 0x07
     366:	82 81       	ldd	r24, Z+2	; 0x02
     368:	93 81       	ldd	r25, Z+3	; 0x03
     36a:	01 96       	adiw	r24, 0x01	; 1
     36c:	93 83       	std	Z+3, r25	; 0x03
     36e:	82 83       	std	Z+2, r24	; 0x02
     370:	df 01       	movw	r26, r30
     372:	01 c0       	rjmp	.+2      	; 0x376 <_fpadd_parts+0x28c>
     374:	d2 01       	movw	r26, r4
     376:	cd 01       	movw	r24, r26
     378:	cd b7       	in	r28, 0x3d	; 61
     37a:	de b7       	in	r29, 0x3e	; 62
     37c:	e2 e1       	ldi	r30, 0x12	; 18
     37e:	0c 94 9b 15 	jmp	0x2b36	; 0x2b36 <__epilogue_restores__>

00000382 <__subsf3>:
     382:	a0 e2       	ldi	r26, 0x20	; 32
     384:	b0 e0       	ldi	r27, 0x00	; 0
     386:	e7 ec       	ldi	r30, 0xC7	; 199
     388:	f1 e0       	ldi	r31, 0x01	; 1
     38a:	0c 94 8b 15 	jmp	0x2b16	; 0x2b16 <__prologue_saves__+0x18>
     38e:	69 83       	std	Y+1, r22	; 0x01
     390:	7a 83       	std	Y+2, r23	; 0x02
     392:	8b 83       	std	Y+3, r24	; 0x03
     394:	9c 83       	std	Y+4, r25	; 0x04
     396:	2d 83       	std	Y+5, r18	; 0x05
     398:	3e 83       	std	Y+6, r19	; 0x06
     39a:	4f 83       	std	Y+7, r20	; 0x07
     39c:	58 87       	std	Y+8, r21	; 0x08
     39e:	e9 e0       	ldi	r30, 0x09	; 9
     3a0:	ee 2e       	mov	r14, r30
     3a2:	f1 2c       	mov	r15, r1
     3a4:	ec 0e       	add	r14, r28
     3a6:	fd 1e       	adc	r15, r29
     3a8:	ce 01       	movw	r24, r28
     3aa:	01 96       	adiw	r24, 0x01	; 1
     3ac:	b7 01       	movw	r22, r14
     3ae:	0e 94 46 06 	call	0xc8c	; 0xc8c <__unpack_f>
     3b2:	8e 01       	movw	r16, r28
     3b4:	0f 5e       	subi	r16, 0xEF	; 239
     3b6:	1f 4f       	sbci	r17, 0xFF	; 255
     3b8:	ce 01       	movw	r24, r28
     3ba:	05 96       	adiw	r24, 0x05	; 5
     3bc:	b8 01       	movw	r22, r16
     3be:	0e 94 46 06 	call	0xc8c	; 0xc8c <__unpack_f>
     3c2:	8a 89       	ldd	r24, Y+18	; 0x12
     3c4:	91 e0       	ldi	r25, 0x01	; 1
     3c6:	89 27       	eor	r24, r25
     3c8:	8a 8b       	std	Y+18, r24	; 0x12
     3ca:	c7 01       	movw	r24, r14
     3cc:	b8 01       	movw	r22, r16
     3ce:	ae 01       	movw	r20, r28
     3d0:	47 5e       	subi	r20, 0xE7	; 231
     3d2:	5f 4f       	sbci	r21, 0xFF	; 255
     3d4:	0e 94 75 00 	call	0xea	; 0xea <_fpadd_parts>
     3d8:	0e 94 71 05 	call	0xae2	; 0xae2 <__pack_f>
     3dc:	a0 96       	adiw	r28, 0x20	; 32
     3de:	e6 e0       	ldi	r30, 0x06	; 6
     3e0:	0c 94 a7 15 	jmp	0x2b4e	; 0x2b4e <__epilogue_restores__+0x18>

000003e4 <__addsf3>:
     3e4:	a0 e2       	ldi	r26, 0x20	; 32
     3e6:	b0 e0       	ldi	r27, 0x00	; 0
     3e8:	e8 ef       	ldi	r30, 0xF8	; 248
     3ea:	f1 e0       	ldi	r31, 0x01	; 1
     3ec:	0c 94 8b 15 	jmp	0x2b16	; 0x2b16 <__prologue_saves__+0x18>
     3f0:	69 83       	std	Y+1, r22	; 0x01
     3f2:	7a 83       	std	Y+2, r23	; 0x02
     3f4:	8b 83       	std	Y+3, r24	; 0x03
     3f6:	9c 83       	std	Y+4, r25	; 0x04
     3f8:	2d 83       	std	Y+5, r18	; 0x05
     3fa:	3e 83       	std	Y+6, r19	; 0x06
     3fc:	4f 83       	std	Y+7, r20	; 0x07
     3fe:	58 87       	std	Y+8, r21	; 0x08
     400:	f9 e0       	ldi	r31, 0x09	; 9
     402:	ef 2e       	mov	r14, r31
     404:	f1 2c       	mov	r15, r1
     406:	ec 0e       	add	r14, r28
     408:	fd 1e       	adc	r15, r29
     40a:	ce 01       	movw	r24, r28
     40c:	01 96       	adiw	r24, 0x01	; 1
     40e:	b7 01       	movw	r22, r14
     410:	0e 94 46 06 	call	0xc8c	; 0xc8c <__unpack_f>
     414:	8e 01       	movw	r16, r28
     416:	0f 5e       	subi	r16, 0xEF	; 239
     418:	1f 4f       	sbci	r17, 0xFF	; 255
     41a:	ce 01       	movw	r24, r28
     41c:	05 96       	adiw	r24, 0x05	; 5
     41e:	b8 01       	movw	r22, r16
     420:	0e 94 46 06 	call	0xc8c	; 0xc8c <__unpack_f>
     424:	c7 01       	movw	r24, r14
     426:	b8 01       	movw	r22, r16
     428:	ae 01       	movw	r20, r28
     42a:	47 5e       	subi	r20, 0xE7	; 231
     42c:	5f 4f       	sbci	r21, 0xFF	; 255
     42e:	0e 94 75 00 	call	0xea	; 0xea <_fpadd_parts>
     432:	0e 94 71 05 	call	0xae2	; 0xae2 <__pack_f>
     436:	a0 96       	adiw	r28, 0x20	; 32
     438:	e6 e0       	ldi	r30, 0x06	; 6
     43a:	0c 94 a7 15 	jmp	0x2b4e	; 0x2b4e <__epilogue_restores__+0x18>

0000043e <__mulsf3>:
     43e:	a0 e2       	ldi	r26, 0x20	; 32
     440:	b0 e0       	ldi	r27, 0x00	; 0
     442:	e5 e2       	ldi	r30, 0x25	; 37
     444:	f2 e0       	ldi	r31, 0x02	; 2
     446:	0c 94 7f 15 	jmp	0x2afe	; 0x2afe <__prologue_saves__>
     44a:	69 83       	std	Y+1, r22	; 0x01
     44c:	7a 83       	std	Y+2, r23	; 0x02
     44e:	8b 83       	std	Y+3, r24	; 0x03
     450:	9c 83       	std	Y+4, r25	; 0x04
     452:	2d 83       	std	Y+5, r18	; 0x05
     454:	3e 83       	std	Y+6, r19	; 0x06
     456:	4f 83       	std	Y+7, r20	; 0x07
     458:	58 87       	std	Y+8, r21	; 0x08
     45a:	ce 01       	movw	r24, r28
     45c:	01 96       	adiw	r24, 0x01	; 1
     45e:	be 01       	movw	r22, r28
     460:	67 5f       	subi	r22, 0xF7	; 247
     462:	7f 4f       	sbci	r23, 0xFF	; 255
     464:	0e 94 46 06 	call	0xc8c	; 0xc8c <__unpack_f>
     468:	ce 01       	movw	r24, r28
     46a:	05 96       	adiw	r24, 0x05	; 5
     46c:	be 01       	movw	r22, r28
     46e:	6f 5e       	subi	r22, 0xEF	; 239
     470:	7f 4f       	sbci	r23, 0xFF	; 255
     472:	0e 94 46 06 	call	0xc8c	; 0xc8c <__unpack_f>
     476:	99 85       	ldd	r25, Y+9	; 0x09
     478:	92 30       	cpi	r25, 0x02	; 2
     47a:	88 f0       	brcs	.+34     	; 0x49e <__mulsf3+0x60>
     47c:	89 89       	ldd	r24, Y+17	; 0x11
     47e:	82 30       	cpi	r24, 0x02	; 2
     480:	c8 f0       	brcs	.+50     	; 0x4b4 <__mulsf3+0x76>
     482:	94 30       	cpi	r25, 0x04	; 4
     484:	19 f4       	brne	.+6      	; 0x48c <__mulsf3+0x4e>
     486:	82 30       	cpi	r24, 0x02	; 2
     488:	51 f4       	brne	.+20     	; 0x49e <__mulsf3+0x60>
     48a:	04 c0       	rjmp	.+8      	; 0x494 <__mulsf3+0x56>
     48c:	84 30       	cpi	r24, 0x04	; 4
     48e:	29 f4       	brne	.+10     	; 0x49a <__mulsf3+0x5c>
     490:	92 30       	cpi	r25, 0x02	; 2
     492:	81 f4       	brne	.+32     	; 0x4b4 <__mulsf3+0x76>
     494:	80 e6       	ldi	r24, 0x60	; 96
     496:	90 e0       	ldi	r25, 0x00	; 0
     498:	c6 c0       	rjmp	.+396    	; 0x626 <__mulsf3+0x1e8>
     49a:	92 30       	cpi	r25, 0x02	; 2
     49c:	49 f4       	brne	.+18     	; 0x4b0 <__mulsf3+0x72>
     49e:	20 e0       	ldi	r18, 0x00	; 0
     4a0:	9a 85       	ldd	r25, Y+10	; 0x0a
     4a2:	8a 89       	ldd	r24, Y+18	; 0x12
     4a4:	98 13       	cpse	r25, r24
     4a6:	21 e0       	ldi	r18, 0x01	; 1
     4a8:	2a 87       	std	Y+10, r18	; 0x0a
     4aa:	ce 01       	movw	r24, r28
     4ac:	09 96       	adiw	r24, 0x09	; 9
     4ae:	bb c0       	rjmp	.+374    	; 0x626 <__mulsf3+0x1e8>
     4b0:	82 30       	cpi	r24, 0x02	; 2
     4b2:	49 f4       	brne	.+18     	; 0x4c6 <__mulsf3+0x88>
     4b4:	20 e0       	ldi	r18, 0x00	; 0
     4b6:	9a 85       	ldd	r25, Y+10	; 0x0a
     4b8:	8a 89       	ldd	r24, Y+18	; 0x12
     4ba:	98 13       	cpse	r25, r24
     4bc:	21 e0       	ldi	r18, 0x01	; 1
     4be:	2a 8b       	std	Y+18, r18	; 0x12
     4c0:	ce 01       	movw	r24, r28
     4c2:	41 96       	adiw	r24, 0x11	; 17
     4c4:	b0 c0       	rjmp	.+352    	; 0x626 <__mulsf3+0x1e8>
     4c6:	2d 84       	ldd	r2, Y+13	; 0x0d
     4c8:	3e 84       	ldd	r3, Y+14	; 0x0e
     4ca:	4f 84       	ldd	r4, Y+15	; 0x0f
     4cc:	58 88       	ldd	r5, Y+16	; 0x10
     4ce:	6d 88       	ldd	r6, Y+21	; 0x15
     4d0:	7e 88       	ldd	r7, Y+22	; 0x16
     4d2:	8f 88       	ldd	r8, Y+23	; 0x17
     4d4:	98 8c       	ldd	r9, Y+24	; 0x18
     4d6:	ee 24       	eor	r14, r14
     4d8:	ff 24       	eor	r15, r15
     4da:	87 01       	movw	r16, r14
     4dc:	aa 24       	eor	r10, r10
     4de:	bb 24       	eor	r11, r11
     4e0:	65 01       	movw	r12, r10
     4e2:	40 e0       	ldi	r20, 0x00	; 0
     4e4:	50 e0       	ldi	r21, 0x00	; 0
     4e6:	60 e0       	ldi	r22, 0x00	; 0
     4e8:	70 e0       	ldi	r23, 0x00	; 0
     4ea:	e0 e0       	ldi	r30, 0x00	; 0
     4ec:	f0 e0       	ldi	r31, 0x00	; 0
     4ee:	c1 01       	movw	r24, r2
     4f0:	81 70       	andi	r24, 0x01	; 1
     4f2:	90 70       	andi	r25, 0x00	; 0
     4f4:	89 2b       	or	r24, r25
     4f6:	e9 f0       	breq	.+58     	; 0x532 <__mulsf3+0xf4>
     4f8:	e6 0c       	add	r14, r6
     4fa:	f7 1c       	adc	r15, r7
     4fc:	08 1d       	adc	r16, r8
     4fe:	19 1d       	adc	r17, r9
     500:	9a 01       	movw	r18, r20
     502:	ab 01       	movw	r20, r22
     504:	2a 0d       	add	r18, r10
     506:	3b 1d       	adc	r19, r11
     508:	4c 1d       	adc	r20, r12
     50a:	5d 1d       	adc	r21, r13
     50c:	80 e0       	ldi	r24, 0x00	; 0
     50e:	90 e0       	ldi	r25, 0x00	; 0
     510:	a0 e0       	ldi	r26, 0x00	; 0
     512:	b0 e0       	ldi	r27, 0x00	; 0
     514:	e6 14       	cp	r14, r6
     516:	f7 04       	cpc	r15, r7
     518:	08 05       	cpc	r16, r8
     51a:	19 05       	cpc	r17, r9
     51c:	20 f4       	brcc	.+8      	; 0x526 <__mulsf3+0xe8>
     51e:	81 e0       	ldi	r24, 0x01	; 1
     520:	90 e0       	ldi	r25, 0x00	; 0
     522:	a0 e0       	ldi	r26, 0x00	; 0
     524:	b0 e0       	ldi	r27, 0x00	; 0
     526:	ba 01       	movw	r22, r20
     528:	a9 01       	movw	r20, r18
     52a:	48 0f       	add	r20, r24
     52c:	59 1f       	adc	r21, r25
     52e:	6a 1f       	adc	r22, r26
     530:	7b 1f       	adc	r23, r27
     532:	aa 0c       	add	r10, r10
     534:	bb 1c       	adc	r11, r11
     536:	cc 1c       	adc	r12, r12
     538:	dd 1c       	adc	r13, r13
     53a:	97 fe       	sbrs	r9, 7
     53c:	08 c0       	rjmp	.+16     	; 0x54e <__mulsf3+0x110>
     53e:	81 e0       	ldi	r24, 0x01	; 1
     540:	90 e0       	ldi	r25, 0x00	; 0
     542:	a0 e0       	ldi	r26, 0x00	; 0
     544:	b0 e0       	ldi	r27, 0x00	; 0
     546:	a8 2a       	or	r10, r24
     548:	b9 2a       	or	r11, r25
     54a:	ca 2a       	or	r12, r26
     54c:	db 2a       	or	r13, r27
     54e:	31 96       	adiw	r30, 0x01	; 1
     550:	e0 32       	cpi	r30, 0x20	; 32
     552:	f1 05       	cpc	r31, r1
     554:	49 f0       	breq	.+18     	; 0x568 <__mulsf3+0x12a>
     556:	66 0c       	add	r6, r6
     558:	77 1c       	adc	r7, r7
     55a:	88 1c       	adc	r8, r8
     55c:	99 1c       	adc	r9, r9
     55e:	56 94       	lsr	r5
     560:	47 94       	ror	r4
     562:	37 94       	ror	r3
     564:	27 94       	ror	r2
     566:	c3 cf       	rjmp	.-122    	; 0x4ee <__mulsf3+0xb0>
     568:	fa 85       	ldd	r31, Y+10	; 0x0a
     56a:	ea 89       	ldd	r30, Y+18	; 0x12
     56c:	2b 89       	ldd	r18, Y+19	; 0x13
     56e:	3c 89       	ldd	r19, Y+20	; 0x14
     570:	8b 85       	ldd	r24, Y+11	; 0x0b
     572:	9c 85       	ldd	r25, Y+12	; 0x0c
     574:	28 0f       	add	r18, r24
     576:	39 1f       	adc	r19, r25
     578:	2e 5f       	subi	r18, 0xFE	; 254
     57a:	3f 4f       	sbci	r19, 0xFF	; 255
     57c:	17 c0       	rjmp	.+46     	; 0x5ac <__mulsf3+0x16e>
     57e:	ca 01       	movw	r24, r20
     580:	81 70       	andi	r24, 0x01	; 1
     582:	90 70       	andi	r25, 0x00	; 0
     584:	89 2b       	or	r24, r25
     586:	61 f0       	breq	.+24     	; 0x5a0 <__mulsf3+0x162>
     588:	16 95       	lsr	r17
     58a:	07 95       	ror	r16
     58c:	f7 94       	ror	r15
     58e:	e7 94       	ror	r14
     590:	80 e0       	ldi	r24, 0x00	; 0
     592:	90 e0       	ldi	r25, 0x00	; 0
     594:	a0 e0       	ldi	r26, 0x00	; 0
     596:	b0 e8       	ldi	r27, 0x80	; 128
     598:	e8 2a       	or	r14, r24
     59a:	f9 2a       	or	r15, r25
     59c:	0a 2b       	or	r16, r26
     59e:	1b 2b       	or	r17, r27
     5a0:	76 95       	lsr	r23
     5a2:	67 95       	ror	r22
     5a4:	57 95       	ror	r21
     5a6:	47 95       	ror	r20
     5a8:	2f 5f       	subi	r18, 0xFF	; 255
     5aa:	3f 4f       	sbci	r19, 0xFF	; 255
     5ac:	77 fd       	sbrc	r23, 7
     5ae:	e7 cf       	rjmp	.-50     	; 0x57e <__mulsf3+0x140>
     5b0:	0c c0       	rjmp	.+24     	; 0x5ca <__mulsf3+0x18c>
     5b2:	44 0f       	add	r20, r20
     5b4:	55 1f       	adc	r21, r21
     5b6:	66 1f       	adc	r22, r22
     5b8:	77 1f       	adc	r23, r23
     5ba:	17 fd       	sbrc	r17, 7
     5bc:	41 60       	ori	r20, 0x01	; 1
     5be:	ee 0c       	add	r14, r14
     5c0:	ff 1c       	adc	r15, r15
     5c2:	00 1f       	adc	r16, r16
     5c4:	11 1f       	adc	r17, r17
     5c6:	21 50       	subi	r18, 0x01	; 1
     5c8:	30 40       	sbci	r19, 0x00	; 0
     5ca:	40 30       	cpi	r20, 0x00	; 0
     5cc:	90 e0       	ldi	r25, 0x00	; 0
     5ce:	59 07       	cpc	r21, r25
     5d0:	90 e0       	ldi	r25, 0x00	; 0
     5d2:	69 07       	cpc	r22, r25
     5d4:	90 e4       	ldi	r25, 0x40	; 64
     5d6:	79 07       	cpc	r23, r25
     5d8:	60 f3       	brcs	.-40     	; 0x5b2 <__mulsf3+0x174>
     5da:	2b 8f       	std	Y+27, r18	; 0x1b
     5dc:	3c 8f       	std	Y+28, r19	; 0x1c
     5de:	db 01       	movw	r26, r22
     5e0:	ca 01       	movw	r24, r20
     5e2:	8f 77       	andi	r24, 0x7F	; 127
     5e4:	90 70       	andi	r25, 0x00	; 0
     5e6:	a0 70       	andi	r26, 0x00	; 0
     5e8:	b0 70       	andi	r27, 0x00	; 0
     5ea:	80 34       	cpi	r24, 0x40	; 64
     5ec:	91 05       	cpc	r25, r1
     5ee:	a1 05       	cpc	r26, r1
     5f0:	b1 05       	cpc	r27, r1
     5f2:	61 f4       	brne	.+24     	; 0x60c <__mulsf3+0x1ce>
     5f4:	47 fd       	sbrc	r20, 7
     5f6:	0a c0       	rjmp	.+20     	; 0x60c <__mulsf3+0x1ce>
     5f8:	e1 14       	cp	r14, r1
     5fa:	f1 04       	cpc	r15, r1
     5fc:	01 05       	cpc	r16, r1
     5fe:	11 05       	cpc	r17, r1
     600:	29 f0       	breq	.+10     	; 0x60c <__mulsf3+0x1ce>
     602:	40 5c       	subi	r20, 0xC0	; 192
     604:	5f 4f       	sbci	r21, 0xFF	; 255
     606:	6f 4f       	sbci	r22, 0xFF	; 255
     608:	7f 4f       	sbci	r23, 0xFF	; 255
     60a:	40 78       	andi	r20, 0x80	; 128
     60c:	1a 8e       	std	Y+26, r1	; 0x1a
     60e:	fe 17       	cp	r31, r30
     610:	11 f0       	breq	.+4      	; 0x616 <__mulsf3+0x1d8>
     612:	81 e0       	ldi	r24, 0x01	; 1
     614:	8a 8f       	std	Y+26, r24	; 0x1a
     616:	4d 8f       	std	Y+29, r20	; 0x1d
     618:	5e 8f       	std	Y+30, r21	; 0x1e
     61a:	6f 8f       	std	Y+31, r22	; 0x1f
     61c:	78 a3       	std	Y+32, r23	; 0x20
     61e:	83 e0       	ldi	r24, 0x03	; 3
     620:	89 8f       	std	Y+25, r24	; 0x19
     622:	ce 01       	movw	r24, r28
     624:	49 96       	adiw	r24, 0x19	; 25
     626:	0e 94 71 05 	call	0xae2	; 0xae2 <__pack_f>
     62a:	a0 96       	adiw	r28, 0x20	; 32
     62c:	e2 e1       	ldi	r30, 0x12	; 18
     62e:	0c 94 9b 15 	jmp	0x2b36	; 0x2b36 <__epilogue_restores__>

00000632 <__divsf3>:
     632:	a8 e1       	ldi	r26, 0x18	; 24
     634:	b0 e0       	ldi	r27, 0x00	; 0
     636:	ef e1       	ldi	r30, 0x1F	; 31
     638:	f3 e0       	ldi	r31, 0x03	; 3
     63a:	0c 94 87 15 	jmp	0x2b0e	; 0x2b0e <__prologue_saves__+0x10>
     63e:	69 83       	std	Y+1, r22	; 0x01
     640:	7a 83       	std	Y+2, r23	; 0x02
     642:	8b 83       	std	Y+3, r24	; 0x03
     644:	9c 83       	std	Y+4, r25	; 0x04
     646:	2d 83       	std	Y+5, r18	; 0x05
     648:	3e 83       	std	Y+6, r19	; 0x06
     64a:	4f 83       	std	Y+7, r20	; 0x07
     64c:	58 87       	std	Y+8, r21	; 0x08
     64e:	b9 e0       	ldi	r27, 0x09	; 9
     650:	eb 2e       	mov	r14, r27
     652:	f1 2c       	mov	r15, r1
     654:	ec 0e       	add	r14, r28
     656:	fd 1e       	adc	r15, r29
     658:	ce 01       	movw	r24, r28
     65a:	01 96       	adiw	r24, 0x01	; 1
     65c:	b7 01       	movw	r22, r14
     65e:	0e 94 46 06 	call	0xc8c	; 0xc8c <__unpack_f>
     662:	8e 01       	movw	r16, r28
     664:	0f 5e       	subi	r16, 0xEF	; 239
     666:	1f 4f       	sbci	r17, 0xFF	; 255
     668:	ce 01       	movw	r24, r28
     66a:	05 96       	adiw	r24, 0x05	; 5
     66c:	b8 01       	movw	r22, r16
     66e:	0e 94 46 06 	call	0xc8c	; 0xc8c <__unpack_f>
     672:	29 85       	ldd	r18, Y+9	; 0x09
     674:	22 30       	cpi	r18, 0x02	; 2
     676:	08 f4       	brcc	.+2      	; 0x67a <__divsf3+0x48>
     678:	7e c0       	rjmp	.+252    	; 0x776 <__divsf3+0x144>
     67a:	39 89       	ldd	r19, Y+17	; 0x11
     67c:	32 30       	cpi	r19, 0x02	; 2
     67e:	10 f4       	brcc	.+4      	; 0x684 <__divsf3+0x52>
     680:	b8 01       	movw	r22, r16
     682:	7c c0       	rjmp	.+248    	; 0x77c <__divsf3+0x14a>
     684:	8a 85       	ldd	r24, Y+10	; 0x0a
     686:	9a 89       	ldd	r25, Y+18	; 0x12
     688:	89 27       	eor	r24, r25
     68a:	8a 87       	std	Y+10, r24	; 0x0a
     68c:	24 30       	cpi	r18, 0x04	; 4
     68e:	11 f0       	breq	.+4      	; 0x694 <__divsf3+0x62>
     690:	22 30       	cpi	r18, 0x02	; 2
     692:	31 f4       	brne	.+12     	; 0x6a0 <__divsf3+0x6e>
     694:	23 17       	cp	r18, r19
     696:	09 f0       	breq	.+2      	; 0x69a <__divsf3+0x68>
     698:	6e c0       	rjmp	.+220    	; 0x776 <__divsf3+0x144>
     69a:	60 e6       	ldi	r22, 0x60	; 96
     69c:	70 e0       	ldi	r23, 0x00	; 0
     69e:	6e c0       	rjmp	.+220    	; 0x77c <__divsf3+0x14a>
     6a0:	34 30       	cpi	r19, 0x04	; 4
     6a2:	39 f4       	brne	.+14     	; 0x6b2 <__divsf3+0x80>
     6a4:	1d 86       	std	Y+13, r1	; 0x0d
     6a6:	1e 86       	std	Y+14, r1	; 0x0e
     6a8:	1f 86       	std	Y+15, r1	; 0x0f
     6aa:	18 8a       	std	Y+16, r1	; 0x10
     6ac:	1c 86       	std	Y+12, r1	; 0x0c
     6ae:	1b 86       	std	Y+11, r1	; 0x0b
     6b0:	04 c0       	rjmp	.+8      	; 0x6ba <__divsf3+0x88>
     6b2:	32 30       	cpi	r19, 0x02	; 2
     6b4:	21 f4       	brne	.+8      	; 0x6be <__divsf3+0x8c>
     6b6:	84 e0       	ldi	r24, 0x04	; 4
     6b8:	89 87       	std	Y+9, r24	; 0x09
     6ba:	b7 01       	movw	r22, r14
     6bc:	5f c0       	rjmp	.+190    	; 0x77c <__divsf3+0x14a>
     6be:	2b 85       	ldd	r18, Y+11	; 0x0b
     6c0:	3c 85       	ldd	r19, Y+12	; 0x0c
     6c2:	8b 89       	ldd	r24, Y+19	; 0x13
     6c4:	9c 89       	ldd	r25, Y+20	; 0x14
     6c6:	28 1b       	sub	r18, r24
     6c8:	39 0b       	sbc	r19, r25
     6ca:	3c 87       	std	Y+12, r19	; 0x0c
     6cc:	2b 87       	std	Y+11, r18	; 0x0b
     6ce:	ed 84       	ldd	r14, Y+13	; 0x0d
     6d0:	fe 84       	ldd	r15, Y+14	; 0x0e
     6d2:	0f 85       	ldd	r16, Y+15	; 0x0f
     6d4:	18 89       	ldd	r17, Y+16	; 0x10
     6d6:	ad 88       	ldd	r10, Y+21	; 0x15
     6d8:	be 88       	ldd	r11, Y+22	; 0x16
     6da:	cf 88       	ldd	r12, Y+23	; 0x17
     6dc:	d8 8c       	ldd	r13, Y+24	; 0x18
     6de:	ea 14       	cp	r14, r10
     6e0:	fb 04       	cpc	r15, r11
     6e2:	0c 05       	cpc	r16, r12
     6e4:	1d 05       	cpc	r17, r13
     6e6:	40 f4       	brcc	.+16     	; 0x6f8 <__divsf3+0xc6>
     6e8:	ee 0c       	add	r14, r14
     6ea:	ff 1c       	adc	r15, r15
     6ec:	00 1f       	adc	r16, r16
     6ee:	11 1f       	adc	r17, r17
     6f0:	21 50       	subi	r18, 0x01	; 1
     6f2:	30 40       	sbci	r19, 0x00	; 0
     6f4:	3c 87       	std	Y+12, r19	; 0x0c
     6f6:	2b 87       	std	Y+11, r18	; 0x0b
     6f8:	20 e0       	ldi	r18, 0x00	; 0
     6fa:	30 e0       	ldi	r19, 0x00	; 0
     6fc:	40 e0       	ldi	r20, 0x00	; 0
     6fe:	50 e0       	ldi	r21, 0x00	; 0
     700:	80 e0       	ldi	r24, 0x00	; 0
     702:	90 e0       	ldi	r25, 0x00	; 0
     704:	a0 e0       	ldi	r26, 0x00	; 0
     706:	b0 e4       	ldi	r27, 0x40	; 64
     708:	60 e0       	ldi	r22, 0x00	; 0
     70a:	70 e0       	ldi	r23, 0x00	; 0
     70c:	ea 14       	cp	r14, r10
     70e:	fb 04       	cpc	r15, r11
     710:	0c 05       	cpc	r16, r12
     712:	1d 05       	cpc	r17, r13
     714:	40 f0       	brcs	.+16     	; 0x726 <__divsf3+0xf4>
     716:	28 2b       	or	r18, r24
     718:	39 2b       	or	r19, r25
     71a:	4a 2b       	or	r20, r26
     71c:	5b 2b       	or	r21, r27
     71e:	ea 18       	sub	r14, r10
     720:	fb 08       	sbc	r15, r11
     722:	0c 09       	sbc	r16, r12
     724:	1d 09       	sbc	r17, r13
     726:	b6 95       	lsr	r27
     728:	a7 95       	ror	r26
     72a:	97 95       	ror	r25
     72c:	87 95       	ror	r24
     72e:	ee 0c       	add	r14, r14
     730:	ff 1c       	adc	r15, r15
     732:	00 1f       	adc	r16, r16
     734:	11 1f       	adc	r17, r17
     736:	6f 5f       	subi	r22, 0xFF	; 255
     738:	7f 4f       	sbci	r23, 0xFF	; 255
     73a:	6f 31       	cpi	r22, 0x1F	; 31
     73c:	71 05       	cpc	r23, r1
     73e:	31 f7       	brne	.-52     	; 0x70c <__divsf3+0xda>
     740:	da 01       	movw	r26, r20
     742:	c9 01       	movw	r24, r18
     744:	8f 77       	andi	r24, 0x7F	; 127
     746:	90 70       	andi	r25, 0x00	; 0
     748:	a0 70       	andi	r26, 0x00	; 0
     74a:	b0 70       	andi	r27, 0x00	; 0
     74c:	80 34       	cpi	r24, 0x40	; 64
     74e:	91 05       	cpc	r25, r1
     750:	a1 05       	cpc	r26, r1
     752:	b1 05       	cpc	r27, r1
     754:	61 f4       	brne	.+24     	; 0x76e <__divsf3+0x13c>
     756:	27 fd       	sbrc	r18, 7
     758:	0a c0       	rjmp	.+20     	; 0x76e <__divsf3+0x13c>
     75a:	e1 14       	cp	r14, r1
     75c:	f1 04       	cpc	r15, r1
     75e:	01 05       	cpc	r16, r1
     760:	11 05       	cpc	r17, r1
     762:	29 f0       	breq	.+10     	; 0x76e <__divsf3+0x13c>
     764:	20 5c       	subi	r18, 0xC0	; 192
     766:	3f 4f       	sbci	r19, 0xFF	; 255
     768:	4f 4f       	sbci	r20, 0xFF	; 255
     76a:	5f 4f       	sbci	r21, 0xFF	; 255
     76c:	20 78       	andi	r18, 0x80	; 128
     76e:	2d 87       	std	Y+13, r18	; 0x0d
     770:	3e 87       	std	Y+14, r19	; 0x0e
     772:	4f 87       	std	Y+15, r20	; 0x0f
     774:	58 8b       	std	Y+16, r21	; 0x10
     776:	be 01       	movw	r22, r28
     778:	67 5f       	subi	r22, 0xF7	; 247
     77a:	7f 4f       	sbci	r23, 0xFF	; 255
     77c:	cb 01       	movw	r24, r22
     77e:	0e 94 71 05 	call	0xae2	; 0xae2 <__pack_f>
     782:	68 96       	adiw	r28, 0x18	; 24
     784:	ea e0       	ldi	r30, 0x0A	; 10
     786:	0c 94 a3 15 	jmp	0x2b46	; 0x2b46 <__epilogue_restores__+0x10>

0000078a <__gtsf2>:
     78a:	a8 e1       	ldi	r26, 0x18	; 24
     78c:	b0 e0       	ldi	r27, 0x00	; 0
     78e:	eb ec       	ldi	r30, 0xCB	; 203
     790:	f3 e0       	ldi	r31, 0x03	; 3
     792:	0c 94 8b 15 	jmp	0x2b16	; 0x2b16 <__prologue_saves__+0x18>
     796:	69 83       	std	Y+1, r22	; 0x01
     798:	7a 83       	std	Y+2, r23	; 0x02
     79a:	8b 83       	std	Y+3, r24	; 0x03
     79c:	9c 83       	std	Y+4, r25	; 0x04
     79e:	2d 83       	std	Y+5, r18	; 0x05
     7a0:	3e 83       	std	Y+6, r19	; 0x06
     7a2:	4f 83       	std	Y+7, r20	; 0x07
     7a4:	58 87       	std	Y+8, r21	; 0x08
     7a6:	89 e0       	ldi	r24, 0x09	; 9
     7a8:	e8 2e       	mov	r14, r24
     7aa:	f1 2c       	mov	r15, r1
     7ac:	ec 0e       	add	r14, r28
     7ae:	fd 1e       	adc	r15, r29
     7b0:	ce 01       	movw	r24, r28
     7b2:	01 96       	adiw	r24, 0x01	; 1
     7b4:	b7 01       	movw	r22, r14
     7b6:	0e 94 46 06 	call	0xc8c	; 0xc8c <__unpack_f>
     7ba:	8e 01       	movw	r16, r28
     7bc:	0f 5e       	subi	r16, 0xEF	; 239
     7be:	1f 4f       	sbci	r17, 0xFF	; 255
     7c0:	ce 01       	movw	r24, r28
     7c2:	05 96       	adiw	r24, 0x05	; 5
     7c4:	b8 01       	movw	r22, r16
     7c6:	0e 94 46 06 	call	0xc8c	; 0xc8c <__unpack_f>
     7ca:	89 85       	ldd	r24, Y+9	; 0x09
     7cc:	82 30       	cpi	r24, 0x02	; 2
     7ce:	40 f0       	brcs	.+16     	; 0x7e0 <__gtsf2+0x56>
     7d0:	89 89       	ldd	r24, Y+17	; 0x11
     7d2:	82 30       	cpi	r24, 0x02	; 2
     7d4:	28 f0       	brcs	.+10     	; 0x7e0 <__gtsf2+0x56>
     7d6:	c7 01       	movw	r24, r14
     7d8:	b8 01       	movw	r22, r16
     7da:	0e 94 be 06 	call	0xd7c	; 0xd7c <__fpcmp_parts_f>
     7de:	01 c0       	rjmp	.+2      	; 0x7e2 <__gtsf2+0x58>
     7e0:	8f ef       	ldi	r24, 0xFF	; 255
     7e2:	68 96       	adiw	r28, 0x18	; 24
     7e4:	e6 e0       	ldi	r30, 0x06	; 6
     7e6:	0c 94 a7 15 	jmp	0x2b4e	; 0x2b4e <__epilogue_restores__+0x18>

000007ea <__gesf2>:
     7ea:	a8 e1       	ldi	r26, 0x18	; 24
     7ec:	b0 e0       	ldi	r27, 0x00	; 0
     7ee:	eb ef       	ldi	r30, 0xFB	; 251
     7f0:	f3 e0       	ldi	r31, 0x03	; 3
     7f2:	0c 94 8b 15 	jmp	0x2b16	; 0x2b16 <__prologue_saves__+0x18>
     7f6:	69 83       	std	Y+1, r22	; 0x01
     7f8:	7a 83       	std	Y+2, r23	; 0x02
     7fa:	8b 83       	std	Y+3, r24	; 0x03
     7fc:	9c 83       	std	Y+4, r25	; 0x04
     7fe:	2d 83       	std	Y+5, r18	; 0x05
     800:	3e 83       	std	Y+6, r19	; 0x06
     802:	4f 83       	std	Y+7, r20	; 0x07
     804:	58 87       	std	Y+8, r21	; 0x08
     806:	89 e0       	ldi	r24, 0x09	; 9
     808:	e8 2e       	mov	r14, r24
     80a:	f1 2c       	mov	r15, r1
     80c:	ec 0e       	add	r14, r28
     80e:	fd 1e       	adc	r15, r29
     810:	ce 01       	movw	r24, r28
     812:	01 96       	adiw	r24, 0x01	; 1
     814:	b7 01       	movw	r22, r14
     816:	0e 94 46 06 	call	0xc8c	; 0xc8c <__unpack_f>
     81a:	8e 01       	movw	r16, r28
     81c:	0f 5e       	subi	r16, 0xEF	; 239
     81e:	1f 4f       	sbci	r17, 0xFF	; 255
     820:	ce 01       	movw	r24, r28
     822:	05 96       	adiw	r24, 0x05	; 5
     824:	b8 01       	movw	r22, r16
     826:	0e 94 46 06 	call	0xc8c	; 0xc8c <__unpack_f>
     82a:	89 85       	ldd	r24, Y+9	; 0x09
     82c:	82 30       	cpi	r24, 0x02	; 2
     82e:	40 f0       	brcs	.+16     	; 0x840 <__gesf2+0x56>
     830:	89 89       	ldd	r24, Y+17	; 0x11
     832:	82 30       	cpi	r24, 0x02	; 2
     834:	28 f0       	brcs	.+10     	; 0x840 <__gesf2+0x56>
     836:	c7 01       	movw	r24, r14
     838:	b8 01       	movw	r22, r16
     83a:	0e 94 be 06 	call	0xd7c	; 0xd7c <__fpcmp_parts_f>
     83e:	01 c0       	rjmp	.+2      	; 0x842 <__gesf2+0x58>
     840:	8f ef       	ldi	r24, 0xFF	; 255
     842:	68 96       	adiw	r28, 0x18	; 24
     844:	e6 e0       	ldi	r30, 0x06	; 6
     846:	0c 94 a7 15 	jmp	0x2b4e	; 0x2b4e <__epilogue_restores__+0x18>

0000084a <__ltsf2>:
     84a:	a8 e1       	ldi	r26, 0x18	; 24
     84c:	b0 e0       	ldi	r27, 0x00	; 0
     84e:	eb e2       	ldi	r30, 0x2B	; 43
     850:	f4 e0       	ldi	r31, 0x04	; 4
     852:	0c 94 8b 15 	jmp	0x2b16	; 0x2b16 <__prologue_saves__+0x18>
     856:	69 83       	std	Y+1, r22	; 0x01
     858:	7a 83       	std	Y+2, r23	; 0x02
     85a:	8b 83       	std	Y+3, r24	; 0x03
     85c:	9c 83       	std	Y+4, r25	; 0x04
     85e:	2d 83       	std	Y+5, r18	; 0x05
     860:	3e 83       	std	Y+6, r19	; 0x06
     862:	4f 83       	std	Y+7, r20	; 0x07
     864:	58 87       	std	Y+8, r21	; 0x08
     866:	89 e0       	ldi	r24, 0x09	; 9
     868:	e8 2e       	mov	r14, r24
     86a:	f1 2c       	mov	r15, r1
     86c:	ec 0e       	add	r14, r28
     86e:	fd 1e       	adc	r15, r29
     870:	ce 01       	movw	r24, r28
     872:	01 96       	adiw	r24, 0x01	; 1
     874:	b7 01       	movw	r22, r14
     876:	0e 94 46 06 	call	0xc8c	; 0xc8c <__unpack_f>
     87a:	8e 01       	movw	r16, r28
     87c:	0f 5e       	subi	r16, 0xEF	; 239
     87e:	1f 4f       	sbci	r17, 0xFF	; 255
     880:	ce 01       	movw	r24, r28
     882:	05 96       	adiw	r24, 0x05	; 5
     884:	b8 01       	movw	r22, r16
     886:	0e 94 46 06 	call	0xc8c	; 0xc8c <__unpack_f>
     88a:	89 85       	ldd	r24, Y+9	; 0x09
     88c:	82 30       	cpi	r24, 0x02	; 2
     88e:	40 f0       	brcs	.+16     	; 0x8a0 <__stack+0x41>
     890:	89 89       	ldd	r24, Y+17	; 0x11
     892:	82 30       	cpi	r24, 0x02	; 2
     894:	28 f0       	brcs	.+10     	; 0x8a0 <__stack+0x41>
     896:	c7 01       	movw	r24, r14
     898:	b8 01       	movw	r22, r16
     89a:	0e 94 be 06 	call	0xd7c	; 0xd7c <__fpcmp_parts_f>
     89e:	01 c0       	rjmp	.+2      	; 0x8a2 <__stack+0x43>
     8a0:	81 e0       	ldi	r24, 0x01	; 1
     8a2:	68 96       	adiw	r28, 0x18	; 24
     8a4:	e6 e0       	ldi	r30, 0x06	; 6
     8a6:	0c 94 a7 15 	jmp	0x2b4e	; 0x2b4e <__epilogue_restores__+0x18>

000008aa <__fixsfsi>:
     8aa:	ac e0       	ldi	r26, 0x0C	; 12
     8ac:	b0 e0       	ldi	r27, 0x00	; 0
     8ae:	eb e5       	ldi	r30, 0x5B	; 91
     8b0:	f4 e0       	ldi	r31, 0x04	; 4
     8b2:	0c 94 8f 15 	jmp	0x2b1e	; 0x2b1e <__prologue_saves__+0x20>
     8b6:	69 83       	std	Y+1, r22	; 0x01
     8b8:	7a 83       	std	Y+2, r23	; 0x02
     8ba:	8b 83       	std	Y+3, r24	; 0x03
     8bc:	9c 83       	std	Y+4, r25	; 0x04
     8be:	ce 01       	movw	r24, r28
     8c0:	01 96       	adiw	r24, 0x01	; 1
     8c2:	be 01       	movw	r22, r28
     8c4:	6b 5f       	subi	r22, 0xFB	; 251
     8c6:	7f 4f       	sbci	r23, 0xFF	; 255
     8c8:	0e 94 46 06 	call	0xc8c	; 0xc8c <__unpack_f>
     8cc:	8d 81       	ldd	r24, Y+5	; 0x05
     8ce:	82 30       	cpi	r24, 0x02	; 2
     8d0:	61 f1       	breq	.+88     	; 0x92a <__fixsfsi+0x80>
     8d2:	82 30       	cpi	r24, 0x02	; 2
     8d4:	50 f1       	brcs	.+84     	; 0x92a <__fixsfsi+0x80>
     8d6:	84 30       	cpi	r24, 0x04	; 4
     8d8:	21 f4       	brne	.+8      	; 0x8e2 <__fixsfsi+0x38>
     8da:	8e 81       	ldd	r24, Y+6	; 0x06
     8dc:	88 23       	and	r24, r24
     8de:	51 f1       	breq	.+84     	; 0x934 <__fixsfsi+0x8a>
     8e0:	2e c0       	rjmp	.+92     	; 0x93e <__fixsfsi+0x94>
     8e2:	2f 81       	ldd	r18, Y+7	; 0x07
     8e4:	38 85       	ldd	r19, Y+8	; 0x08
     8e6:	37 fd       	sbrc	r19, 7
     8e8:	20 c0       	rjmp	.+64     	; 0x92a <__fixsfsi+0x80>
     8ea:	6e 81       	ldd	r22, Y+6	; 0x06
     8ec:	2f 31       	cpi	r18, 0x1F	; 31
     8ee:	31 05       	cpc	r19, r1
     8f0:	1c f0       	brlt	.+6      	; 0x8f8 <__fixsfsi+0x4e>
     8f2:	66 23       	and	r22, r22
     8f4:	f9 f0       	breq	.+62     	; 0x934 <__fixsfsi+0x8a>
     8f6:	23 c0       	rjmp	.+70     	; 0x93e <__fixsfsi+0x94>
     8f8:	8e e1       	ldi	r24, 0x1E	; 30
     8fa:	90 e0       	ldi	r25, 0x00	; 0
     8fc:	82 1b       	sub	r24, r18
     8fe:	93 0b       	sbc	r25, r19
     900:	29 85       	ldd	r18, Y+9	; 0x09
     902:	3a 85       	ldd	r19, Y+10	; 0x0a
     904:	4b 85       	ldd	r20, Y+11	; 0x0b
     906:	5c 85       	ldd	r21, Y+12	; 0x0c
     908:	04 c0       	rjmp	.+8      	; 0x912 <__fixsfsi+0x68>
     90a:	56 95       	lsr	r21
     90c:	47 95       	ror	r20
     90e:	37 95       	ror	r19
     910:	27 95       	ror	r18
     912:	8a 95       	dec	r24
     914:	d2 f7       	brpl	.-12     	; 0x90a <__fixsfsi+0x60>
     916:	66 23       	and	r22, r22
     918:	b1 f0       	breq	.+44     	; 0x946 <__fixsfsi+0x9c>
     91a:	50 95       	com	r21
     91c:	40 95       	com	r20
     91e:	30 95       	com	r19
     920:	21 95       	neg	r18
     922:	3f 4f       	sbci	r19, 0xFF	; 255
     924:	4f 4f       	sbci	r20, 0xFF	; 255
     926:	5f 4f       	sbci	r21, 0xFF	; 255
     928:	0e c0       	rjmp	.+28     	; 0x946 <__fixsfsi+0x9c>
     92a:	20 e0       	ldi	r18, 0x00	; 0
     92c:	30 e0       	ldi	r19, 0x00	; 0
     92e:	40 e0       	ldi	r20, 0x00	; 0
     930:	50 e0       	ldi	r21, 0x00	; 0
     932:	09 c0       	rjmp	.+18     	; 0x946 <__fixsfsi+0x9c>
     934:	2f ef       	ldi	r18, 0xFF	; 255
     936:	3f ef       	ldi	r19, 0xFF	; 255
     938:	4f ef       	ldi	r20, 0xFF	; 255
     93a:	5f e7       	ldi	r21, 0x7F	; 127
     93c:	04 c0       	rjmp	.+8      	; 0x946 <__fixsfsi+0x9c>
     93e:	20 e0       	ldi	r18, 0x00	; 0
     940:	30 e0       	ldi	r19, 0x00	; 0
     942:	40 e0       	ldi	r20, 0x00	; 0
     944:	50 e8       	ldi	r21, 0x80	; 128
     946:	b9 01       	movw	r22, r18
     948:	ca 01       	movw	r24, r20
     94a:	2c 96       	adiw	r28, 0x0c	; 12
     94c:	e2 e0       	ldi	r30, 0x02	; 2
     94e:	0c 94 ab 15 	jmp	0x2b56	; 0x2b56 <__epilogue_restores__+0x20>

00000952 <__floatunsisf>:
     952:	a8 e0       	ldi	r26, 0x08	; 8
     954:	b0 e0       	ldi	r27, 0x00	; 0
     956:	ef ea       	ldi	r30, 0xAF	; 175
     958:	f4 e0       	ldi	r31, 0x04	; 4
     95a:	0c 94 87 15 	jmp	0x2b0e	; 0x2b0e <__prologue_saves__+0x10>
     95e:	7b 01       	movw	r14, r22
     960:	8c 01       	movw	r16, r24
     962:	61 15       	cp	r22, r1
     964:	71 05       	cpc	r23, r1
     966:	81 05       	cpc	r24, r1
     968:	91 05       	cpc	r25, r1
     96a:	19 f4       	brne	.+6      	; 0x972 <__floatunsisf+0x20>
     96c:	82 e0       	ldi	r24, 0x02	; 2
     96e:	89 83       	std	Y+1, r24	; 0x01
     970:	60 c0       	rjmp	.+192    	; 0xa32 <__floatunsisf+0xe0>
     972:	83 e0       	ldi	r24, 0x03	; 3
     974:	89 83       	std	Y+1, r24	; 0x01
     976:	8e e1       	ldi	r24, 0x1E	; 30
     978:	c8 2e       	mov	r12, r24
     97a:	d1 2c       	mov	r13, r1
     97c:	dc 82       	std	Y+4, r13	; 0x04
     97e:	cb 82       	std	Y+3, r12	; 0x03
     980:	ed 82       	std	Y+5, r14	; 0x05
     982:	fe 82       	std	Y+6, r15	; 0x06
     984:	0f 83       	std	Y+7, r16	; 0x07
     986:	18 87       	std	Y+8, r17	; 0x08
     988:	c8 01       	movw	r24, r16
     98a:	b7 01       	movw	r22, r14
     98c:	0e 94 22 05 	call	0xa44	; 0xa44 <__clzsi2>
     990:	fc 01       	movw	r30, r24
     992:	31 97       	sbiw	r30, 0x01	; 1
     994:	f7 ff       	sbrs	r31, 7
     996:	3b c0       	rjmp	.+118    	; 0xa0e <__floatunsisf+0xbc>
     998:	22 27       	eor	r18, r18
     99a:	33 27       	eor	r19, r19
     99c:	2e 1b       	sub	r18, r30
     99e:	3f 0b       	sbc	r19, r31
     9a0:	57 01       	movw	r10, r14
     9a2:	68 01       	movw	r12, r16
     9a4:	02 2e       	mov	r0, r18
     9a6:	04 c0       	rjmp	.+8      	; 0x9b0 <__floatunsisf+0x5e>
     9a8:	d6 94       	lsr	r13
     9aa:	c7 94       	ror	r12
     9ac:	b7 94       	ror	r11
     9ae:	a7 94       	ror	r10
     9b0:	0a 94       	dec	r0
     9b2:	d2 f7       	brpl	.-12     	; 0x9a8 <__floatunsisf+0x56>
     9b4:	40 e0       	ldi	r20, 0x00	; 0
     9b6:	50 e0       	ldi	r21, 0x00	; 0
     9b8:	60 e0       	ldi	r22, 0x00	; 0
     9ba:	70 e0       	ldi	r23, 0x00	; 0
     9bc:	81 e0       	ldi	r24, 0x01	; 1
     9be:	90 e0       	ldi	r25, 0x00	; 0
     9c0:	a0 e0       	ldi	r26, 0x00	; 0
     9c2:	b0 e0       	ldi	r27, 0x00	; 0
     9c4:	04 c0       	rjmp	.+8      	; 0x9ce <__floatunsisf+0x7c>
     9c6:	88 0f       	add	r24, r24
     9c8:	99 1f       	adc	r25, r25
     9ca:	aa 1f       	adc	r26, r26
     9cc:	bb 1f       	adc	r27, r27
     9ce:	2a 95       	dec	r18
     9d0:	d2 f7       	brpl	.-12     	; 0x9c6 <__floatunsisf+0x74>
     9d2:	01 97       	sbiw	r24, 0x01	; 1
     9d4:	a1 09       	sbc	r26, r1
     9d6:	b1 09       	sbc	r27, r1
     9d8:	8e 21       	and	r24, r14
     9da:	9f 21       	and	r25, r15
     9dc:	a0 23       	and	r26, r16
     9de:	b1 23       	and	r27, r17
     9e0:	00 97       	sbiw	r24, 0x00	; 0
     9e2:	a1 05       	cpc	r26, r1
     9e4:	b1 05       	cpc	r27, r1
     9e6:	21 f0       	breq	.+8      	; 0x9f0 <__floatunsisf+0x9e>
     9e8:	41 e0       	ldi	r20, 0x01	; 1
     9ea:	50 e0       	ldi	r21, 0x00	; 0
     9ec:	60 e0       	ldi	r22, 0x00	; 0
     9ee:	70 e0       	ldi	r23, 0x00	; 0
     9f0:	4a 29       	or	r20, r10
     9f2:	5b 29       	or	r21, r11
     9f4:	6c 29       	or	r22, r12
     9f6:	7d 29       	or	r23, r13
     9f8:	4d 83       	std	Y+5, r20	; 0x05
     9fa:	5e 83       	std	Y+6, r21	; 0x06
     9fc:	6f 83       	std	Y+7, r22	; 0x07
     9fe:	78 87       	std	Y+8, r23	; 0x08
     a00:	8e e1       	ldi	r24, 0x1E	; 30
     a02:	90 e0       	ldi	r25, 0x00	; 0
     a04:	8e 1b       	sub	r24, r30
     a06:	9f 0b       	sbc	r25, r31
     a08:	9c 83       	std	Y+4, r25	; 0x04
     a0a:	8b 83       	std	Y+3, r24	; 0x03
     a0c:	12 c0       	rjmp	.+36     	; 0xa32 <__floatunsisf+0xe0>
     a0e:	30 97       	sbiw	r30, 0x00	; 0
     a10:	81 f0       	breq	.+32     	; 0xa32 <__floatunsisf+0xe0>
     a12:	0e 2e       	mov	r0, r30
     a14:	04 c0       	rjmp	.+8      	; 0xa1e <__floatunsisf+0xcc>
     a16:	ee 0c       	add	r14, r14
     a18:	ff 1c       	adc	r15, r15
     a1a:	00 1f       	adc	r16, r16
     a1c:	11 1f       	adc	r17, r17
     a1e:	0a 94       	dec	r0
     a20:	d2 f7       	brpl	.-12     	; 0xa16 <__floatunsisf+0xc4>
     a22:	ed 82       	std	Y+5, r14	; 0x05
     a24:	fe 82       	std	Y+6, r15	; 0x06
     a26:	0f 83       	std	Y+7, r16	; 0x07
     a28:	18 87       	std	Y+8, r17	; 0x08
     a2a:	ce 1a       	sub	r12, r30
     a2c:	df 0a       	sbc	r13, r31
     a2e:	dc 82       	std	Y+4, r13	; 0x04
     a30:	cb 82       	std	Y+3, r12	; 0x03
     a32:	1a 82       	std	Y+2, r1	; 0x02
     a34:	ce 01       	movw	r24, r28
     a36:	01 96       	adiw	r24, 0x01	; 1
     a38:	0e 94 71 05 	call	0xae2	; 0xae2 <__pack_f>
     a3c:	28 96       	adiw	r28, 0x08	; 8
     a3e:	ea e0       	ldi	r30, 0x0A	; 10
     a40:	0c 94 a3 15 	jmp	0x2b46	; 0x2b46 <__epilogue_restores__+0x10>

00000a44 <__clzsi2>:
     a44:	ef 92       	push	r14
     a46:	ff 92       	push	r15
     a48:	0f 93       	push	r16
     a4a:	1f 93       	push	r17
     a4c:	7b 01       	movw	r14, r22
     a4e:	8c 01       	movw	r16, r24
     a50:	80 e0       	ldi	r24, 0x00	; 0
     a52:	e8 16       	cp	r14, r24
     a54:	80 e0       	ldi	r24, 0x00	; 0
     a56:	f8 06       	cpc	r15, r24
     a58:	81 e0       	ldi	r24, 0x01	; 1
     a5a:	08 07       	cpc	r16, r24
     a5c:	80 e0       	ldi	r24, 0x00	; 0
     a5e:	18 07       	cpc	r17, r24
     a60:	88 f4       	brcc	.+34     	; 0xa84 <__clzsi2+0x40>
     a62:	8f ef       	ldi	r24, 0xFF	; 255
     a64:	e8 16       	cp	r14, r24
     a66:	f1 04       	cpc	r15, r1
     a68:	01 05       	cpc	r16, r1
     a6a:	11 05       	cpc	r17, r1
     a6c:	31 f0       	breq	.+12     	; 0xa7a <__clzsi2+0x36>
     a6e:	28 f0       	brcs	.+10     	; 0xa7a <__clzsi2+0x36>
     a70:	88 e0       	ldi	r24, 0x08	; 8
     a72:	90 e0       	ldi	r25, 0x00	; 0
     a74:	a0 e0       	ldi	r26, 0x00	; 0
     a76:	b0 e0       	ldi	r27, 0x00	; 0
     a78:	17 c0       	rjmp	.+46     	; 0xaa8 <__clzsi2+0x64>
     a7a:	80 e0       	ldi	r24, 0x00	; 0
     a7c:	90 e0       	ldi	r25, 0x00	; 0
     a7e:	a0 e0       	ldi	r26, 0x00	; 0
     a80:	b0 e0       	ldi	r27, 0x00	; 0
     a82:	12 c0       	rjmp	.+36     	; 0xaa8 <__clzsi2+0x64>
     a84:	80 e0       	ldi	r24, 0x00	; 0
     a86:	e8 16       	cp	r14, r24
     a88:	80 e0       	ldi	r24, 0x00	; 0
     a8a:	f8 06       	cpc	r15, r24
     a8c:	80 e0       	ldi	r24, 0x00	; 0
     a8e:	08 07       	cpc	r16, r24
     a90:	81 e0       	ldi	r24, 0x01	; 1
     a92:	18 07       	cpc	r17, r24
     a94:	28 f0       	brcs	.+10     	; 0xaa0 <__clzsi2+0x5c>
     a96:	88 e1       	ldi	r24, 0x18	; 24
     a98:	90 e0       	ldi	r25, 0x00	; 0
     a9a:	a0 e0       	ldi	r26, 0x00	; 0
     a9c:	b0 e0       	ldi	r27, 0x00	; 0
     a9e:	04 c0       	rjmp	.+8      	; 0xaa8 <__clzsi2+0x64>
     aa0:	80 e1       	ldi	r24, 0x10	; 16
     aa2:	90 e0       	ldi	r25, 0x00	; 0
     aa4:	a0 e0       	ldi	r26, 0x00	; 0
     aa6:	b0 e0       	ldi	r27, 0x00	; 0
     aa8:	20 e2       	ldi	r18, 0x20	; 32
     aaa:	30 e0       	ldi	r19, 0x00	; 0
     aac:	40 e0       	ldi	r20, 0x00	; 0
     aae:	50 e0       	ldi	r21, 0x00	; 0
     ab0:	28 1b       	sub	r18, r24
     ab2:	39 0b       	sbc	r19, r25
     ab4:	4a 0b       	sbc	r20, r26
     ab6:	5b 0b       	sbc	r21, r27
     ab8:	04 c0       	rjmp	.+8      	; 0xac2 <__clzsi2+0x7e>
     aba:	16 95       	lsr	r17
     abc:	07 95       	ror	r16
     abe:	f7 94       	ror	r15
     ac0:	e7 94       	ror	r14
     ac2:	8a 95       	dec	r24
     ac4:	d2 f7       	brpl	.-12     	; 0xaba <__clzsi2+0x76>
     ac6:	f7 01       	movw	r30, r14
     ac8:	e8 59       	subi	r30, 0x98	; 152
     aca:	ff 4f       	sbci	r31, 0xFF	; 255
     acc:	80 81       	ld	r24, Z
     ace:	28 1b       	sub	r18, r24
     ad0:	31 09       	sbc	r19, r1
     ad2:	41 09       	sbc	r20, r1
     ad4:	51 09       	sbc	r21, r1
     ad6:	c9 01       	movw	r24, r18
     ad8:	1f 91       	pop	r17
     ada:	0f 91       	pop	r16
     adc:	ff 90       	pop	r15
     ade:	ef 90       	pop	r14
     ae0:	08 95       	ret

00000ae2 <__pack_f>:
     ae2:	df 92       	push	r13
     ae4:	ef 92       	push	r14
     ae6:	ff 92       	push	r15
     ae8:	0f 93       	push	r16
     aea:	1f 93       	push	r17
     aec:	fc 01       	movw	r30, r24
     aee:	e4 80       	ldd	r14, Z+4	; 0x04
     af0:	f5 80       	ldd	r15, Z+5	; 0x05
     af2:	06 81       	ldd	r16, Z+6	; 0x06
     af4:	17 81       	ldd	r17, Z+7	; 0x07
     af6:	d1 80       	ldd	r13, Z+1	; 0x01
     af8:	80 81       	ld	r24, Z
     afa:	82 30       	cpi	r24, 0x02	; 2
     afc:	48 f4       	brcc	.+18     	; 0xb10 <__pack_f+0x2e>
     afe:	80 e0       	ldi	r24, 0x00	; 0
     b00:	90 e0       	ldi	r25, 0x00	; 0
     b02:	a0 e1       	ldi	r26, 0x10	; 16
     b04:	b0 e0       	ldi	r27, 0x00	; 0
     b06:	e8 2a       	or	r14, r24
     b08:	f9 2a       	or	r15, r25
     b0a:	0a 2b       	or	r16, r26
     b0c:	1b 2b       	or	r17, r27
     b0e:	a5 c0       	rjmp	.+330    	; 0xc5a <__pack_f+0x178>
     b10:	84 30       	cpi	r24, 0x04	; 4
     b12:	09 f4       	brne	.+2      	; 0xb16 <__pack_f+0x34>
     b14:	9f c0       	rjmp	.+318    	; 0xc54 <__pack_f+0x172>
     b16:	82 30       	cpi	r24, 0x02	; 2
     b18:	21 f4       	brne	.+8      	; 0xb22 <__pack_f+0x40>
     b1a:	ee 24       	eor	r14, r14
     b1c:	ff 24       	eor	r15, r15
     b1e:	87 01       	movw	r16, r14
     b20:	05 c0       	rjmp	.+10     	; 0xb2c <__pack_f+0x4a>
     b22:	e1 14       	cp	r14, r1
     b24:	f1 04       	cpc	r15, r1
     b26:	01 05       	cpc	r16, r1
     b28:	11 05       	cpc	r17, r1
     b2a:	19 f4       	brne	.+6      	; 0xb32 <__pack_f+0x50>
     b2c:	e0 e0       	ldi	r30, 0x00	; 0
     b2e:	f0 e0       	ldi	r31, 0x00	; 0
     b30:	96 c0       	rjmp	.+300    	; 0xc5e <__pack_f+0x17c>
     b32:	62 81       	ldd	r22, Z+2	; 0x02
     b34:	73 81       	ldd	r23, Z+3	; 0x03
     b36:	9f ef       	ldi	r25, 0xFF	; 255
     b38:	62 38       	cpi	r22, 0x82	; 130
     b3a:	79 07       	cpc	r23, r25
     b3c:	0c f0       	brlt	.+2      	; 0xb40 <__pack_f+0x5e>
     b3e:	5b c0       	rjmp	.+182    	; 0xbf6 <__pack_f+0x114>
     b40:	22 e8       	ldi	r18, 0x82	; 130
     b42:	3f ef       	ldi	r19, 0xFF	; 255
     b44:	26 1b       	sub	r18, r22
     b46:	37 0b       	sbc	r19, r23
     b48:	2a 31       	cpi	r18, 0x1A	; 26
     b4a:	31 05       	cpc	r19, r1
     b4c:	2c f0       	brlt	.+10     	; 0xb58 <__pack_f+0x76>
     b4e:	20 e0       	ldi	r18, 0x00	; 0
     b50:	30 e0       	ldi	r19, 0x00	; 0
     b52:	40 e0       	ldi	r20, 0x00	; 0
     b54:	50 e0       	ldi	r21, 0x00	; 0
     b56:	2a c0       	rjmp	.+84     	; 0xbac <__pack_f+0xca>
     b58:	b8 01       	movw	r22, r16
     b5a:	a7 01       	movw	r20, r14
     b5c:	02 2e       	mov	r0, r18
     b5e:	04 c0       	rjmp	.+8      	; 0xb68 <__pack_f+0x86>
     b60:	76 95       	lsr	r23
     b62:	67 95       	ror	r22
     b64:	57 95       	ror	r21
     b66:	47 95       	ror	r20
     b68:	0a 94       	dec	r0
     b6a:	d2 f7       	brpl	.-12     	; 0xb60 <__pack_f+0x7e>
     b6c:	81 e0       	ldi	r24, 0x01	; 1
     b6e:	90 e0       	ldi	r25, 0x00	; 0
     b70:	a0 e0       	ldi	r26, 0x00	; 0
     b72:	b0 e0       	ldi	r27, 0x00	; 0
     b74:	04 c0       	rjmp	.+8      	; 0xb7e <__pack_f+0x9c>
     b76:	88 0f       	add	r24, r24
     b78:	99 1f       	adc	r25, r25
     b7a:	aa 1f       	adc	r26, r26
     b7c:	bb 1f       	adc	r27, r27
     b7e:	2a 95       	dec	r18
     b80:	d2 f7       	brpl	.-12     	; 0xb76 <__pack_f+0x94>
     b82:	01 97       	sbiw	r24, 0x01	; 1
     b84:	a1 09       	sbc	r26, r1
     b86:	b1 09       	sbc	r27, r1
     b88:	8e 21       	and	r24, r14
     b8a:	9f 21       	and	r25, r15
     b8c:	a0 23       	and	r26, r16
     b8e:	b1 23       	and	r27, r17
     b90:	00 97       	sbiw	r24, 0x00	; 0
     b92:	a1 05       	cpc	r26, r1
     b94:	b1 05       	cpc	r27, r1
     b96:	21 f0       	breq	.+8      	; 0xba0 <__pack_f+0xbe>
     b98:	81 e0       	ldi	r24, 0x01	; 1
     b9a:	90 e0       	ldi	r25, 0x00	; 0
     b9c:	a0 e0       	ldi	r26, 0x00	; 0
     b9e:	b0 e0       	ldi	r27, 0x00	; 0
     ba0:	9a 01       	movw	r18, r20
     ba2:	ab 01       	movw	r20, r22
     ba4:	28 2b       	or	r18, r24
     ba6:	39 2b       	or	r19, r25
     ba8:	4a 2b       	or	r20, r26
     baa:	5b 2b       	or	r21, r27
     bac:	da 01       	movw	r26, r20
     bae:	c9 01       	movw	r24, r18
     bb0:	8f 77       	andi	r24, 0x7F	; 127
     bb2:	90 70       	andi	r25, 0x00	; 0
     bb4:	a0 70       	andi	r26, 0x00	; 0
     bb6:	b0 70       	andi	r27, 0x00	; 0
     bb8:	80 34       	cpi	r24, 0x40	; 64
     bba:	91 05       	cpc	r25, r1
     bbc:	a1 05       	cpc	r26, r1
     bbe:	b1 05       	cpc	r27, r1
     bc0:	39 f4       	brne	.+14     	; 0xbd0 <__pack_f+0xee>
     bc2:	27 ff       	sbrs	r18, 7
     bc4:	09 c0       	rjmp	.+18     	; 0xbd8 <__pack_f+0xf6>
     bc6:	20 5c       	subi	r18, 0xC0	; 192
     bc8:	3f 4f       	sbci	r19, 0xFF	; 255
     bca:	4f 4f       	sbci	r20, 0xFF	; 255
     bcc:	5f 4f       	sbci	r21, 0xFF	; 255
     bce:	04 c0       	rjmp	.+8      	; 0xbd8 <__pack_f+0xf6>
     bd0:	21 5c       	subi	r18, 0xC1	; 193
     bd2:	3f 4f       	sbci	r19, 0xFF	; 255
     bd4:	4f 4f       	sbci	r20, 0xFF	; 255
     bd6:	5f 4f       	sbci	r21, 0xFF	; 255
     bd8:	e0 e0       	ldi	r30, 0x00	; 0
     bda:	f0 e0       	ldi	r31, 0x00	; 0
     bdc:	20 30       	cpi	r18, 0x00	; 0
     bde:	a0 e0       	ldi	r26, 0x00	; 0
     be0:	3a 07       	cpc	r19, r26
     be2:	a0 e0       	ldi	r26, 0x00	; 0
     be4:	4a 07       	cpc	r20, r26
     be6:	a0 e4       	ldi	r26, 0x40	; 64
     be8:	5a 07       	cpc	r21, r26
     bea:	10 f0       	brcs	.+4      	; 0xbf0 <__pack_f+0x10e>
     bec:	e1 e0       	ldi	r30, 0x01	; 1
     bee:	f0 e0       	ldi	r31, 0x00	; 0
     bf0:	79 01       	movw	r14, r18
     bf2:	8a 01       	movw	r16, r20
     bf4:	27 c0       	rjmp	.+78     	; 0xc44 <__pack_f+0x162>
     bf6:	60 38       	cpi	r22, 0x80	; 128
     bf8:	71 05       	cpc	r23, r1
     bfa:	64 f5       	brge	.+88     	; 0xc54 <__pack_f+0x172>
     bfc:	fb 01       	movw	r30, r22
     bfe:	e1 58       	subi	r30, 0x81	; 129
     c00:	ff 4f       	sbci	r31, 0xFF	; 255
     c02:	d8 01       	movw	r26, r16
     c04:	c7 01       	movw	r24, r14
     c06:	8f 77       	andi	r24, 0x7F	; 127
     c08:	90 70       	andi	r25, 0x00	; 0
     c0a:	a0 70       	andi	r26, 0x00	; 0
     c0c:	b0 70       	andi	r27, 0x00	; 0
     c0e:	80 34       	cpi	r24, 0x40	; 64
     c10:	91 05       	cpc	r25, r1
     c12:	a1 05       	cpc	r26, r1
     c14:	b1 05       	cpc	r27, r1
     c16:	39 f4       	brne	.+14     	; 0xc26 <__pack_f+0x144>
     c18:	e7 fe       	sbrs	r14, 7
     c1a:	0d c0       	rjmp	.+26     	; 0xc36 <__pack_f+0x154>
     c1c:	80 e4       	ldi	r24, 0x40	; 64
     c1e:	90 e0       	ldi	r25, 0x00	; 0
     c20:	a0 e0       	ldi	r26, 0x00	; 0
     c22:	b0 e0       	ldi	r27, 0x00	; 0
     c24:	04 c0       	rjmp	.+8      	; 0xc2e <__pack_f+0x14c>
     c26:	8f e3       	ldi	r24, 0x3F	; 63
     c28:	90 e0       	ldi	r25, 0x00	; 0
     c2a:	a0 e0       	ldi	r26, 0x00	; 0
     c2c:	b0 e0       	ldi	r27, 0x00	; 0
     c2e:	e8 0e       	add	r14, r24
     c30:	f9 1e       	adc	r15, r25
     c32:	0a 1f       	adc	r16, r26
     c34:	1b 1f       	adc	r17, r27
     c36:	17 ff       	sbrs	r17, 7
     c38:	05 c0       	rjmp	.+10     	; 0xc44 <__pack_f+0x162>
     c3a:	16 95       	lsr	r17
     c3c:	07 95       	ror	r16
     c3e:	f7 94       	ror	r15
     c40:	e7 94       	ror	r14
     c42:	31 96       	adiw	r30, 0x01	; 1
     c44:	87 e0       	ldi	r24, 0x07	; 7
     c46:	16 95       	lsr	r17
     c48:	07 95       	ror	r16
     c4a:	f7 94       	ror	r15
     c4c:	e7 94       	ror	r14
     c4e:	8a 95       	dec	r24
     c50:	d1 f7       	brne	.-12     	; 0xc46 <__pack_f+0x164>
     c52:	05 c0       	rjmp	.+10     	; 0xc5e <__pack_f+0x17c>
     c54:	ee 24       	eor	r14, r14
     c56:	ff 24       	eor	r15, r15
     c58:	87 01       	movw	r16, r14
     c5a:	ef ef       	ldi	r30, 0xFF	; 255
     c5c:	f0 e0       	ldi	r31, 0x00	; 0
     c5e:	6e 2f       	mov	r22, r30
     c60:	67 95       	ror	r22
     c62:	66 27       	eor	r22, r22
     c64:	67 95       	ror	r22
     c66:	90 2f       	mov	r25, r16
     c68:	9f 77       	andi	r25, 0x7F	; 127
     c6a:	d7 94       	ror	r13
     c6c:	dd 24       	eor	r13, r13
     c6e:	d7 94       	ror	r13
     c70:	8e 2f       	mov	r24, r30
     c72:	86 95       	lsr	r24
     c74:	49 2f       	mov	r20, r25
     c76:	46 2b       	or	r20, r22
     c78:	58 2f       	mov	r21, r24
     c7a:	5d 29       	or	r21, r13
     c7c:	b7 01       	movw	r22, r14
     c7e:	ca 01       	movw	r24, r20
     c80:	1f 91       	pop	r17
     c82:	0f 91       	pop	r16
     c84:	ff 90       	pop	r15
     c86:	ef 90       	pop	r14
     c88:	df 90       	pop	r13
     c8a:	08 95       	ret

00000c8c <__unpack_f>:
     c8c:	fc 01       	movw	r30, r24
     c8e:	db 01       	movw	r26, r22
     c90:	40 81       	ld	r20, Z
     c92:	51 81       	ldd	r21, Z+1	; 0x01
     c94:	22 81       	ldd	r18, Z+2	; 0x02
     c96:	62 2f       	mov	r22, r18
     c98:	6f 77       	andi	r22, 0x7F	; 127
     c9a:	70 e0       	ldi	r23, 0x00	; 0
     c9c:	22 1f       	adc	r18, r18
     c9e:	22 27       	eor	r18, r18
     ca0:	22 1f       	adc	r18, r18
     ca2:	93 81       	ldd	r25, Z+3	; 0x03
     ca4:	89 2f       	mov	r24, r25
     ca6:	88 0f       	add	r24, r24
     ca8:	82 2b       	or	r24, r18
     caa:	28 2f       	mov	r18, r24
     cac:	30 e0       	ldi	r19, 0x00	; 0
     cae:	99 1f       	adc	r25, r25
     cb0:	99 27       	eor	r25, r25
     cb2:	99 1f       	adc	r25, r25
     cb4:	11 96       	adiw	r26, 0x01	; 1
     cb6:	9c 93       	st	X, r25
     cb8:	11 97       	sbiw	r26, 0x01	; 1
     cba:	21 15       	cp	r18, r1
     cbc:	31 05       	cpc	r19, r1
     cbe:	a9 f5       	brne	.+106    	; 0xd2a <__unpack_f+0x9e>
     cc0:	41 15       	cp	r20, r1
     cc2:	51 05       	cpc	r21, r1
     cc4:	61 05       	cpc	r22, r1
     cc6:	71 05       	cpc	r23, r1
     cc8:	11 f4       	brne	.+4      	; 0xcce <__unpack_f+0x42>
     cca:	82 e0       	ldi	r24, 0x02	; 2
     ccc:	37 c0       	rjmp	.+110    	; 0xd3c <__unpack_f+0xb0>
     cce:	82 e8       	ldi	r24, 0x82	; 130
     cd0:	9f ef       	ldi	r25, 0xFF	; 255
     cd2:	13 96       	adiw	r26, 0x03	; 3
     cd4:	9c 93       	st	X, r25
     cd6:	8e 93       	st	-X, r24
     cd8:	12 97       	sbiw	r26, 0x02	; 2
     cda:	9a 01       	movw	r18, r20
     cdc:	ab 01       	movw	r20, r22
     cde:	67 e0       	ldi	r22, 0x07	; 7
     ce0:	22 0f       	add	r18, r18
     ce2:	33 1f       	adc	r19, r19
     ce4:	44 1f       	adc	r20, r20
     ce6:	55 1f       	adc	r21, r21
     ce8:	6a 95       	dec	r22
     cea:	d1 f7       	brne	.-12     	; 0xce0 <__unpack_f+0x54>
     cec:	83 e0       	ldi	r24, 0x03	; 3
     cee:	8c 93       	st	X, r24
     cf0:	0d c0       	rjmp	.+26     	; 0xd0c <__unpack_f+0x80>
     cf2:	22 0f       	add	r18, r18
     cf4:	33 1f       	adc	r19, r19
     cf6:	44 1f       	adc	r20, r20
     cf8:	55 1f       	adc	r21, r21
     cfa:	12 96       	adiw	r26, 0x02	; 2
     cfc:	8d 91       	ld	r24, X+
     cfe:	9c 91       	ld	r25, X
     d00:	13 97       	sbiw	r26, 0x03	; 3
     d02:	01 97       	sbiw	r24, 0x01	; 1
     d04:	13 96       	adiw	r26, 0x03	; 3
     d06:	9c 93       	st	X, r25
     d08:	8e 93       	st	-X, r24
     d0a:	12 97       	sbiw	r26, 0x02	; 2
     d0c:	20 30       	cpi	r18, 0x00	; 0
     d0e:	80 e0       	ldi	r24, 0x00	; 0
     d10:	38 07       	cpc	r19, r24
     d12:	80 e0       	ldi	r24, 0x00	; 0
     d14:	48 07       	cpc	r20, r24
     d16:	80 e4       	ldi	r24, 0x40	; 64
     d18:	58 07       	cpc	r21, r24
     d1a:	58 f3       	brcs	.-42     	; 0xcf2 <__unpack_f+0x66>
     d1c:	14 96       	adiw	r26, 0x04	; 4
     d1e:	2d 93       	st	X+, r18
     d20:	3d 93       	st	X+, r19
     d22:	4d 93       	st	X+, r20
     d24:	5c 93       	st	X, r21
     d26:	17 97       	sbiw	r26, 0x07	; 7
     d28:	08 95       	ret
     d2a:	2f 3f       	cpi	r18, 0xFF	; 255
     d2c:	31 05       	cpc	r19, r1
     d2e:	79 f4       	brne	.+30     	; 0xd4e <__unpack_f+0xc2>
     d30:	41 15       	cp	r20, r1
     d32:	51 05       	cpc	r21, r1
     d34:	61 05       	cpc	r22, r1
     d36:	71 05       	cpc	r23, r1
     d38:	19 f4       	brne	.+6      	; 0xd40 <__unpack_f+0xb4>
     d3a:	84 e0       	ldi	r24, 0x04	; 4
     d3c:	8c 93       	st	X, r24
     d3e:	08 95       	ret
     d40:	64 ff       	sbrs	r22, 4
     d42:	03 c0       	rjmp	.+6      	; 0xd4a <__unpack_f+0xbe>
     d44:	81 e0       	ldi	r24, 0x01	; 1
     d46:	8c 93       	st	X, r24
     d48:	12 c0       	rjmp	.+36     	; 0xd6e <__unpack_f+0xe2>
     d4a:	1c 92       	st	X, r1
     d4c:	10 c0       	rjmp	.+32     	; 0xd6e <__unpack_f+0xe2>
     d4e:	2f 57       	subi	r18, 0x7F	; 127
     d50:	30 40       	sbci	r19, 0x00	; 0
     d52:	13 96       	adiw	r26, 0x03	; 3
     d54:	3c 93       	st	X, r19
     d56:	2e 93       	st	-X, r18
     d58:	12 97       	sbiw	r26, 0x02	; 2
     d5a:	83 e0       	ldi	r24, 0x03	; 3
     d5c:	8c 93       	st	X, r24
     d5e:	87 e0       	ldi	r24, 0x07	; 7
     d60:	44 0f       	add	r20, r20
     d62:	55 1f       	adc	r21, r21
     d64:	66 1f       	adc	r22, r22
     d66:	77 1f       	adc	r23, r23
     d68:	8a 95       	dec	r24
     d6a:	d1 f7       	brne	.-12     	; 0xd60 <__unpack_f+0xd4>
     d6c:	70 64       	ori	r23, 0x40	; 64
     d6e:	14 96       	adiw	r26, 0x04	; 4
     d70:	4d 93       	st	X+, r20
     d72:	5d 93       	st	X+, r21
     d74:	6d 93       	st	X+, r22
     d76:	7c 93       	st	X, r23
     d78:	17 97       	sbiw	r26, 0x07	; 7
     d7a:	08 95       	ret

00000d7c <__fpcmp_parts_f>:
     d7c:	1f 93       	push	r17
     d7e:	dc 01       	movw	r26, r24
     d80:	fb 01       	movw	r30, r22
     d82:	9c 91       	ld	r25, X
     d84:	92 30       	cpi	r25, 0x02	; 2
     d86:	08 f4       	brcc	.+2      	; 0xd8a <__fpcmp_parts_f+0xe>
     d88:	47 c0       	rjmp	.+142    	; 0xe18 <__fpcmp_parts_f+0x9c>
     d8a:	80 81       	ld	r24, Z
     d8c:	82 30       	cpi	r24, 0x02	; 2
     d8e:	08 f4       	brcc	.+2      	; 0xd92 <__fpcmp_parts_f+0x16>
     d90:	43 c0       	rjmp	.+134    	; 0xe18 <__fpcmp_parts_f+0x9c>
     d92:	94 30       	cpi	r25, 0x04	; 4
     d94:	51 f4       	brne	.+20     	; 0xdaa <__fpcmp_parts_f+0x2e>
     d96:	11 96       	adiw	r26, 0x01	; 1
     d98:	1c 91       	ld	r17, X
     d9a:	84 30       	cpi	r24, 0x04	; 4
     d9c:	99 f5       	brne	.+102    	; 0xe04 <__fpcmp_parts_f+0x88>
     d9e:	81 81       	ldd	r24, Z+1	; 0x01
     da0:	68 2f       	mov	r22, r24
     da2:	70 e0       	ldi	r23, 0x00	; 0
     da4:	61 1b       	sub	r22, r17
     da6:	71 09       	sbc	r23, r1
     da8:	3f c0       	rjmp	.+126    	; 0xe28 <__fpcmp_parts_f+0xac>
     daa:	84 30       	cpi	r24, 0x04	; 4
     dac:	21 f0       	breq	.+8      	; 0xdb6 <__fpcmp_parts_f+0x3a>
     dae:	92 30       	cpi	r25, 0x02	; 2
     db0:	31 f4       	brne	.+12     	; 0xdbe <__fpcmp_parts_f+0x42>
     db2:	82 30       	cpi	r24, 0x02	; 2
     db4:	b9 f1       	breq	.+110    	; 0xe24 <__fpcmp_parts_f+0xa8>
     db6:	81 81       	ldd	r24, Z+1	; 0x01
     db8:	88 23       	and	r24, r24
     dba:	89 f1       	breq	.+98     	; 0xe1e <__fpcmp_parts_f+0xa2>
     dbc:	2d c0       	rjmp	.+90     	; 0xe18 <__fpcmp_parts_f+0x9c>
     dbe:	11 96       	adiw	r26, 0x01	; 1
     dc0:	1c 91       	ld	r17, X
     dc2:	11 97       	sbiw	r26, 0x01	; 1
     dc4:	82 30       	cpi	r24, 0x02	; 2
     dc6:	f1 f0       	breq	.+60     	; 0xe04 <__fpcmp_parts_f+0x88>
     dc8:	81 81       	ldd	r24, Z+1	; 0x01
     dca:	18 17       	cp	r17, r24
     dcc:	d9 f4       	brne	.+54     	; 0xe04 <__fpcmp_parts_f+0x88>
     dce:	12 96       	adiw	r26, 0x02	; 2
     dd0:	2d 91       	ld	r18, X+
     dd2:	3c 91       	ld	r19, X
     dd4:	13 97       	sbiw	r26, 0x03	; 3
     dd6:	82 81       	ldd	r24, Z+2	; 0x02
     dd8:	93 81       	ldd	r25, Z+3	; 0x03
     dda:	82 17       	cp	r24, r18
     ddc:	93 07       	cpc	r25, r19
     dde:	94 f0       	brlt	.+36     	; 0xe04 <__fpcmp_parts_f+0x88>
     de0:	28 17       	cp	r18, r24
     de2:	39 07       	cpc	r19, r25
     de4:	bc f0       	brlt	.+46     	; 0xe14 <__fpcmp_parts_f+0x98>
     de6:	14 96       	adiw	r26, 0x04	; 4
     de8:	8d 91       	ld	r24, X+
     dea:	9d 91       	ld	r25, X+
     dec:	0d 90       	ld	r0, X+
     dee:	bc 91       	ld	r27, X
     df0:	a0 2d       	mov	r26, r0
     df2:	24 81       	ldd	r18, Z+4	; 0x04
     df4:	35 81       	ldd	r19, Z+5	; 0x05
     df6:	46 81       	ldd	r20, Z+6	; 0x06
     df8:	57 81       	ldd	r21, Z+7	; 0x07
     dfa:	28 17       	cp	r18, r24
     dfc:	39 07       	cpc	r19, r25
     dfe:	4a 07       	cpc	r20, r26
     e00:	5b 07       	cpc	r21, r27
     e02:	18 f4       	brcc	.+6      	; 0xe0a <__fpcmp_parts_f+0x8e>
     e04:	11 23       	and	r17, r17
     e06:	41 f0       	breq	.+16     	; 0xe18 <__fpcmp_parts_f+0x9c>
     e08:	0a c0       	rjmp	.+20     	; 0xe1e <__fpcmp_parts_f+0xa2>
     e0a:	82 17       	cp	r24, r18
     e0c:	93 07       	cpc	r25, r19
     e0e:	a4 07       	cpc	r26, r20
     e10:	b5 07       	cpc	r27, r21
     e12:	40 f4       	brcc	.+16     	; 0xe24 <__fpcmp_parts_f+0xa8>
     e14:	11 23       	and	r17, r17
     e16:	19 f0       	breq	.+6      	; 0xe1e <__fpcmp_parts_f+0xa2>
     e18:	61 e0       	ldi	r22, 0x01	; 1
     e1a:	70 e0       	ldi	r23, 0x00	; 0
     e1c:	05 c0       	rjmp	.+10     	; 0xe28 <__fpcmp_parts_f+0xac>
     e1e:	6f ef       	ldi	r22, 0xFF	; 255
     e20:	7f ef       	ldi	r23, 0xFF	; 255
     e22:	02 c0       	rjmp	.+4      	; 0xe28 <__fpcmp_parts_f+0xac>
     e24:	60 e0       	ldi	r22, 0x00	; 0
     e26:	70 e0       	ldi	r23, 0x00	; 0
     e28:	cb 01       	movw	r24, r22
     e2a:	1f 91       	pop	r17
     e2c:	08 95       	ret

00000e2e <UART_sendWord>:

// --- Functions Definitions ---

// Sends a 16-bit word (u16) over UART
void UART_sendWord(u16 data)
{
     e2e:	df 93       	push	r29
     e30:	cf 93       	push	r28
     e32:	00 d0       	rcall	.+0      	; 0xe34 <UART_sendWord+0x6>
     e34:	cd b7       	in	r28, 0x3d	; 61
     e36:	de b7       	in	r29, 0x3e	; 62
     e38:	9a 83       	std	Y+2, r25	; 0x02
     e3a:	89 83       	std	Y+1, r24	; 0x01
	UART_sendByte( (u8)(data >> 8) );    // Send High Byte first
     e3c:	89 81       	ldd	r24, Y+1	; 0x01
     e3e:	9a 81       	ldd	r25, Y+2	; 0x02
     e40:	89 2f       	mov	r24, r25
     e42:	99 27       	eor	r25, r25
     e44:	0e 94 78 11 	call	0x22f0	; 0x22f0 <UART_sendByte>
	UART_sendByte( (u8)(data & 0xFF) );  // Send Low Byte second
     e48:	89 81       	ldd	r24, Y+1	; 0x01
     e4a:	0e 94 78 11 	call	0x22f0	; 0x22f0 <UART_sendByte>
}
     e4e:	0f 90       	pop	r0
     e50:	0f 90       	pop	r0
     e52:	cf 91       	pop	r28
     e54:	df 91       	pop	r29
     e56:	08 95       	ret

00000e58 <log_fault>:

// Writes a fault code to the next available slot in EEPROM
u8 log_fault(u8 fault_dtc_code)
{
     e58:	df 93       	push	r29
     e5a:	cf 93       	push	r28
     e5c:	cd b7       	in	r28, 0x3d	; 61
     e5e:	de b7       	in	r29, 0x3e	; 62
     e60:	64 97       	sbiw	r28, 0x14	; 20
     e62:	0f b6       	in	r0, 0x3f	; 63
     e64:	f8 94       	cli
     e66:	de bf       	out	0x3e, r29	; 62
     e68:	0f be       	out	0x3f, r0	; 63
     e6a:	cd bf       	out	0x3d, r28	; 61
     e6c:	8b 8b       	std	Y+19, r24	; 0x13
	u16 address = FAULTS_LOG_START_ADDRESS;
     e6e:	81 e0       	ldi	r24, 0x01	; 1
     e70:	90 e0       	ldi	r25, 0x00	; 0
     e72:	99 8b       	std	Y+17, r25	; 0x11
     e74:	88 8b       	std	Y+16, r24	; 0x10
	u8 data_in_slot = 0;
     e76:	1a 8a       	std	Y+18, r1	; 0x12
	u8 status = 0;
     e78:	1f 86       	std	Y+15, r1	; 0x0f
     e7a:	98 c0       	rjmp	.+304    	; 0xfac <log_fault+0x154>

	while (address < EEPROM_MAX_ADDRESS)
	{
		status = EEPROM_readByte(address, &data_in_slot); // Read current slot
     e7c:	88 89       	ldd	r24, Y+16	; 0x10
     e7e:	99 89       	ldd	r25, Y+17	; 0x11
     e80:	9e 01       	movw	r18, r28
     e82:	2e 5e       	subi	r18, 0xEE	; 238
     e84:	3f 4f       	sbci	r19, 0xFF	; 255
     e86:	b9 01       	movw	r22, r18
     e88:	0e 94 de 14 	call	0x29bc	; 0x29bc <EEPROM_readByte>
     e8c:	8f 87       	std	Y+15, r24	; 0x0f

		if (status != SUCCESS)
     e8e:	8f 85       	ldd	r24, Y+15	; 0x0f
     e90:	81 30       	cpi	r24, 0x01	; 1
     e92:	11 f0       	breq	.+4      	; 0xe98 <log_fault+0x40>
		{
			return ERROR; // I2C read error
     e94:	1c 8a       	std	Y+20, r1	; 0x14
     e96:	92 c0       	rjmp	.+292    	; 0xfbc <log_fault+0x164>
		}

		if (data_in_slot == 0xFF) // Find first empty slot (default EEPROM value)
     e98:	8a 89       	ldd	r24, Y+18	; 0x12
     e9a:	8f 3f       	cpi	r24, 0xFF	; 255
     e9c:	09 f0       	breq	.+2      	; 0xea0 <log_fault+0x48>
     e9e:	81 c0       	rjmp	.+258    	; 0xfa2 <log_fault+0x14a>
		{
			status = EEPROM_writeByte(address, fault_dtc_code); // Write the fault code
     ea0:	88 89       	ldd	r24, Y+16	; 0x10
     ea2:	99 89       	ldd	r25, Y+17	; 0x11
     ea4:	6b 89       	ldd	r22, Y+19	; 0x13
     ea6:	0e 94 9d 14 	call	0x293a	; 0x293a <EEPROM_writeByte>
     eaa:	8f 87       	std	Y+15, r24	; 0x0f

			if (status == SUCCESS)
     eac:	8f 85       	ldd	r24, Y+15	; 0x0f
     eae:	81 30       	cpi	r24, 0x01	; 1
     eb0:	09 f0       	breq	.+2      	; 0xeb4 <log_fault+0x5c>
     eb2:	75 c0       	rjmp	.+234    	; 0xf9e <log_fault+0x146>
     eb4:	80 e0       	ldi	r24, 0x00	; 0
     eb6:	90 e0       	ldi	r25, 0x00	; 0
     eb8:	a0 e2       	ldi	r26, 0x20	; 32
     eba:	b1 e4       	ldi	r27, 0x41	; 65
     ebc:	8b 87       	std	Y+11, r24	; 0x0b
     ebe:	9c 87       	std	Y+12, r25	; 0x0c
     ec0:	ad 87       	std	Y+13, r26	; 0x0d
     ec2:	be 87       	std	Y+14, r27	; 0x0e
 */
void
_delay_ms(double __ms)
{
	uint16_t __ticks;
	double __tmp = ((F_CPU) / 4e3) * __ms;
     ec4:	6b 85       	ldd	r22, Y+11	; 0x0b
     ec6:	7c 85       	ldd	r23, Y+12	; 0x0c
     ec8:	8d 85       	ldd	r24, Y+13	; 0x0d
     eca:	9e 85       	ldd	r25, Y+14	; 0x0e
     ecc:	20 e0       	ldi	r18, 0x00	; 0
     ece:	30 e0       	ldi	r19, 0x00	; 0
     ed0:	4a ef       	ldi	r20, 0xFA	; 250
     ed2:	54 e4       	ldi	r21, 0x44	; 68
     ed4:	0e 94 1f 02 	call	0x43e	; 0x43e <__mulsf3>
     ed8:	dc 01       	movw	r26, r24
     eda:	cb 01       	movw	r24, r22
     edc:	8f 83       	std	Y+7, r24	; 0x07
     ede:	98 87       	std	Y+8, r25	; 0x08
     ee0:	a9 87       	std	Y+9, r26	; 0x09
     ee2:	ba 87       	std	Y+10, r27	; 0x0a
	if (__tmp < 1.0)
     ee4:	6f 81       	ldd	r22, Y+7	; 0x07
     ee6:	78 85       	ldd	r23, Y+8	; 0x08
     ee8:	89 85       	ldd	r24, Y+9	; 0x09
     eea:	9a 85       	ldd	r25, Y+10	; 0x0a
     eec:	20 e0       	ldi	r18, 0x00	; 0
     eee:	30 e0       	ldi	r19, 0x00	; 0
     ef0:	40 e8       	ldi	r20, 0x80	; 128
     ef2:	5f e3       	ldi	r21, 0x3F	; 63
     ef4:	0e 94 25 04 	call	0x84a	; 0x84a <__ltsf2>
     ef8:	88 23       	and	r24, r24
     efa:	2c f4       	brge	.+10     	; 0xf06 <log_fault+0xae>
		__ticks = 1;
     efc:	81 e0       	ldi	r24, 0x01	; 1
     efe:	90 e0       	ldi	r25, 0x00	; 0
     f00:	9e 83       	std	Y+6, r25	; 0x06
     f02:	8d 83       	std	Y+5, r24	; 0x05
     f04:	3f c0       	rjmp	.+126    	; 0xf84 <log_fault+0x12c>
	else if (__tmp > 65535)
     f06:	6f 81       	ldd	r22, Y+7	; 0x07
     f08:	78 85       	ldd	r23, Y+8	; 0x08
     f0a:	89 85       	ldd	r24, Y+9	; 0x09
     f0c:	9a 85       	ldd	r25, Y+10	; 0x0a
     f0e:	20 e0       	ldi	r18, 0x00	; 0
     f10:	3f ef       	ldi	r19, 0xFF	; 255
     f12:	4f e7       	ldi	r20, 0x7F	; 127
     f14:	57 e4       	ldi	r21, 0x47	; 71
     f16:	0e 94 c5 03 	call	0x78a	; 0x78a <__gtsf2>
     f1a:	18 16       	cp	r1, r24
     f1c:	4c f5       	brge	.+82     	; 0xf70 <log_fault+0x118>
	{
		//	__ticks = requested delay in 1/10 ms
		__ticks = (uint16_t) (__ms * 10.0);
     f1e:	6b 85       	ldd	r22, Y+11	; 0x0b
     f20:	7c 85       	ldd	r23, Y+12	; 0x0c
     f22:	8d 85       	ldd	r24, Y+13	; 0x0d
     f24:	9e 85       	ldd	r25, Y+14	; 0x0e
     f26:	20 e0       	ldi	r18, 0x00	; 0
     f28:	30 e0       	ldi	r19, 0x00	; 0
     f2a:	40 e2       	ldi	r20, 0x20	; 32
     f2c:	51 e4       	ldi	r21, 0x41	; 65
     f2e:	0e 94 1f 02 	call	0x43e	; 0x43e <__mulsf3>
     f32:	dc 01       	movw	r26, r24
     f34:	cb 01       	movw	r24, r22
     f36:	bc 01       	movw	r22, r24
     f38:	cd 01       	movw	r24, r26
     f3a:	0e 94 49 00 	call	0x92	; 0x92 <__fixunssfsi>
     f3e:	dc 01       	movw	r26, r24
     f40:	cb 01       	movw	r24, r22
     f42:	9e 83       	std	Y+6, r25	; 0x06
     f44:	8d 83       	std	Y+5, r24	; 0x05
     f46:	0f c0       	rjmp	.+30     	; 0xf66 <log_fault+0x10e>
     f48:	88 ec       	ldi	r24, 0xC8	; 200
     f4a:	90 e0       	ldi	r25, 0x00	; 0
     f4c:	9c 83       	std	Y+4, r25	; 0x04
     f4e:	8b 83       	std	Y+3, r24	; 0x03
    milliseconds can be achieved.
 */
void
_delay_loop_2(uint16_t __count)
{
	__asm__ volatile (
     f50:	8b 81       	ldd	r24, Y+3	; 0x03
     f52:	9c 81       	ldd	r25, Y+4	; 0x04
     f54:	01 97       	sbiw	r24, 0x01	; 1
     f56:	f1 f7       	brne	.-4      	; 0xf54 <log_fault+0xfc>
     f58:	9c 83       	std	Y+4, r25	; 0x04
     f5a:	8b 83       	std	Y+3, r24	; 0x03
		while(__ticks)
		{
			// wait 1/10 ms
			_delay_loop_2(((F_CPU) / 4e3) / 10);
			__ticks --;
     f5c:	8d 81       	ldd	r24, Y+5	; 0x05
     f5e:	9e 81       	ldd	r25, Y+6	; 0x06
     f60:	01 97       	sbiw	r24, 0x01	; 1
     f62:	9e 83       	std	Y+6, r25	; 0x06
     f64:	8d 83       	std	Y+5, r24	; 0x05
		__ticks = 1;
	else if (__tmp > 65535)
	{
		//	__ticks = requested delay in 1/10 ms
		__ticks = (uint16_t) (__ms * 10.0);
		while(__ticks)
     f66:	8d 81       	ldd	r24, Y+5	; 0x05
     f68:	9e 81       	ldd	r25, Y+6	; 0x06
     f6a:	00 97       	sbiw	r24, 0x00	; 0
     f6c:	69 f7       	brne	.-38     	; 0xf48 <log_fault+0xf0>
     f6e:	14 c0       	rjmp	.+40     	; 0xf98 <log_fault+0x140>
			__ticks --;
		}
		return;
	}
	else
		__ticks = (uint16_t)__tmp;
     f70:	6f 81       	ldd	r22, Y+7	; 0x07
     f72:	78 85       	ldd	r23, Y+8	; 0x08
     f74:	89 85       	ldd	r24, Y+9	; 0x09
     f76:	9a 85       	ldd	r25, Y+10	; 0x0a
     f78:	0e 94 49 00 	call	0x92	; 0x92 <__fixunssfsi>
     f7c:	dc 01       	movw	r26, r24
     f7e:	cb 01       	movw	r24, r22
     f80:	9e 83       	std	Y+6, r25	; 0x06
     f82:	8d 83       	std	Y+5, r24	; 0x05
     f84:	8d 81       	ldd	r24, Y+5	; 0x05
     f86:	9e 81       	ldd	r25, Y+6	; 0x06
     f88:	9a 83       	std	Y+2, r25	; 0x02
     f8a:	89 83       	std	Y+1, r24	; 0x01
     f8c:	89 81       	ldd	r24, Y+1	; 0x01
     f8e:	9a 81       	ldd	r25, Y+2	; 0x02
     f90:	01 97       	sbiw	r24, 0x01	; 1
     f92:	f1 f7       	brne	.-4      	; 0xf90 <log_fault+0x138>
     f94:	9a 83       	std	Y+2, r25	; 0x02
     f96:	89 83       	std	Y+1, r24	; 0x01
			{
				_delay_ms(EEPROM_WRITE_DELAY_MS); // Wait for write cycle
				return SUCCESS;
     f98:	21 e0       	ldi	r18, 0x01	; 1
     f9a:	2c 8b       	std	Y+20, r18	; 0x14
     f9c:	0f c0       	rjmp	.+30     	; 0xfbc <log_fault+0x164>
			}
			else
			{
				return ERROR; // I2C write failed
     f9e:	1c 8a       	std	Y+20, r1	; 0x14
     fa0:	0d c0       	rjmp	.+26     	; 0xfbc <log_fault+0x164>
			}
		}
		address++; // Check next address
     fa2:	88 89       	ldd	r24, Y+16	; 0x10
     fa4:	99 89       	ldd	r25, Y+17	; 0x11
     fa6:	01 96       	adiw	r24, 0x01	; 1
     fa8:	99 8b       	std	Y+17, r25	; 0x11
     faa:	88 8b       	std	Y+16, r24	; 0x10
{
	u16 address = FAULTS_LOG_START_ADDRESS;
	u8 data_in_slot = 0;
	u8 status = 0;

	while (address < EEPROM_MAX_ADDRESS)
     fac:	88 89       	ldd	r24, Y+16	; 0x10
     fae:	99 89       	ldd	r25, Y+17	; 0x11
     fb0:	27 e0       	ldi	r18, 0x07	; 7
     fb2:	8f 3f       	cpi	r24, 0xFF	; 255
     fb4:	92 07       	cpc	r25, r18
     fb6:	08 f4       	brcc	.+2      	; 0xfba <log_fault+0x162>
     fb8:	61 cf       	rjmp	.-318    	; 0xe7c <log_fault+0x24>
				return ERROR; // I2C write failed
			}
		}
		address++; // Check next address
	}
	return ERROR; // EEPROM is full
     fba:	1c 8a       	std	Y+20, r1	; 0x14
     fbc:	8c 89       	ldd	r24, Y+20	; 0x14
}
     fbe:	64 96       	adiw	r28, 0x14	; 20
     fc0:	0f b6       	in	r0, 0x3f	; 63
     fc2:	f8 94       	cli
     fc4:	de bf       	out	0x3e, r29	; 62
     fc6:	0f be       	out	0x3f, r0	; 63
     fc8:	cd bf       	out	0x3d, r28	; 61
     fca:	cf 91       	pop	r28
     fcc:	df 91       	pop	r29
     fce:	08 95       	ret

00000fd0 <check_and_log_faults>:

// Checks sensor values against thresholds and logs faults if needed
void check_and_log_faults(u8 temp, u16 dist)
{
     fd0:	df 93       	push	r29
     fd2:	cf 93       	push	r28
     fd4:	00 d0       	rcall	.+0      	; 0xfd6 <check_and_log_faults+0x6>
     fd6:	0f 92       	push	r0
     fd8:	cd b7       	in	r28, 0x3d	; 61
     fda:	de b7       	in	r29, 0x3e	; 62
     fdc:	89 83       	std	Y+1, r24	; 0x01
     fde:	7b 83       	std	Y+3, r23	; 0x03
     fe0:	6a 83       	std	Y+2, r22	; 0x02
	// Check for Distance Fault (P001)
	if (dist < DISTANCE_FAULT_THRESHOLD)
     fe2:	8a 81       	ldd	r24, Y+2	; 0x02
     fe4:	9b 81       	ldd	r25, Y+3	; 0x03
     fe6:	8a 30       	cpi	r24, 0x0A	; 10
     fe8:	91 05       	cpc	r25, r1
     fea:	60 f4       	brcc	.+24     	; 0x1004 <check_and_log_faults+0x34>
	{
		if (g_p001_logged == 0) // Log only once per session
     fec:	80 91 74 01 	lds	r24, 0x0174
     ff0:	88 23       	and	r24, r24
     ff2:	41 f4       	brne	.+16     	; 0x1004 <check_and_log_faults+0x34>
		{
			if (log_fault(DTC_P001_DISTANCE_CLOSE) == SUCCESS)
     ff4:	81 e0       	ldi	r24, 0x01	; 1
     ff6:	0e 94 2c 07 	call	0xe58	; 0xe58 <log_fault>
     ffa:	81 30       	cpi	r24, 0x01	; 1
     ffc:	19 f4       	brne	.+6      	; 0x1004 <check_and_log_faults+0x34>
			{
				g_p001_logged = 1; // Mark as logged
     ffe:	81 e0       	ldi	r24, 0x01	; 1
    1000:	80 93 74 01 	sts	0x0174, r24
		}
	}
	// Note: Fault flags are only reset when monitoring starts

	// Check for Temperature Fault (P002)
	if (temp > TEMPERATURE_FAULT_THRESHOLD)
    1004:	89 81       	ldd	r24, Y+1	; 0x01
    1006:	8b 35       	cpi	r24, 0x5B	; 91
    1008:	60 f0       	brcs	.+24     	; 0x1022 <check_and_log_faults+0x52>
	{
		if (g_p002_logged == 0) // Log only once per session
    100a:	80 91 75 01 	lds	r24, 0x0175
    100e:	88 23       	and	r24, r24
    1010:	41 f4       	brne	.+16     	; 0x1022 <check_and_log_faults+0x52>
		{
			if (log_fault(DTC_P002_ENGINE_OVERHEAT) == SUCCESS)
    1012:	82 e0       	ldi	r24, 0x02	; 2
    1014:	0e 94 2c 07 	call	0xe58	; 0xe58 <log_fault>
    1018:	81 30       	cpi	r24, 0x01	; 1
    101a:	19 f4       	brne	.+6      	; 0x1022 <check_and_log_faults+0x52>
			{
				g_p002_logged = 1; // Mark as logged
    101c:	81 e0       	ldi	r24, 0x01	; 1
    101e:	80 93 75 01 	sts	0x0175, r24
			}
		}
	}
}
    1022:	0f 90       	pop	r0
    1024:	0f 90       	pop	r0
    1026:	0f 90       	pop	r0
    1028:	cf 91       	pop	r28
    102a:	df 91       	pop	r29
    102c:	08 95       	ret

0000102e <read_button_debounced>:

// Reads a button press with a simple software debounce
u8 read_button_debounced(u8 port, u8 pin)
{
    102e:	df 93       	push	r29
    1030:	cf 93       	push	r28
    1032:	cd b7       	in	r28, 0x3d	; 61
    1034:	de b7       	in	r29, 0x3e	; 62
    1036:	61 97       	sbiw	r28, 0x11	; 17
    1038:	0f b6       	in	r0, 0x3f	; 63
    103a:	f8 94       	cli
    103c:	de bf       	out	0x3e, r29	; 62
    103e:	0f be       	out	0x3f, r0	; 63
    1040:	cd bf       	out	0x3d, r28	; 61
    1042:	8f 87       	std	Y+15, r24	; 0x0f
    1044:	68 8b       	std	Y+16, r22	; 0x10
	if (GPIO_u8GetPinValue(port, pin) == PIN_LOW) // Check for initial press (active low)
    1046:	8f 85       	ldd	r24, Y+15	; 0x0f
    1048:	68 89       	ldd	r22, Y+16	; 0x10
    104a:	0e 94 67 0d 	call	0x1ace	; 0x1ace <GPIO_u8GetPinValue>
    104e:	88 23       	and	r24, r24
    1050:	09 f0       	breq	.+2      	; 0x1054 <read_button_debounced+0x26>
    1052:	7b c0       	rjmp	.+246    	; 0x114a <read_button_debounced+0x11c>
    1054:	80 e0       	ldi	r24, 0x00	; 0
    1056:	90 e0       	ldi	r25, 0x00	; 0
    1058:	a8 e4       	ldi	r26, 0x48	; 72
    105a:	b2 e4       	ldi	r27, 0x42	; 66
    105c:	8b 87       	std	Y+11, r24	; 0x0b
    105e:	9c 87       	std	Y+12, r25	; 0x0c
    1060:	ad 87       	std	Y+13, r26	; 0x0d
    1062:	be 87       	std	Y+14, r27	; 0x0e
 */
void
_delay_ms(double __ms)
{
	uint16_t __ticks;
	double __tmp = ((F_CPU) / 4e3) * __ms;
    1064:	6b 85       	ldd	r22, Y+11	; 0x0b
    1066:	7c 85       	ldd	r23, Y+12	; 0x0c
    1068:	8d 85       	ldd	r24, Y+13	; 0x0d
    106a:	9e 85       	ldd	r25, Y+14	; 0x0e
    106c:	20 e0       	ldi	r18, 0x00	; 0
    106e:	30 e0       	ldi	r19, 0x00	; 0
    1070:	4a ef       	ldi	r20, 0xFA	; 250
    1072:	54 e4       	ldi	r21, 0x44	; 68
    1074:	0e 94 1f 02 	call	0x43e	; 0x43e <__mulsf3>
    1078:	dc 01       	movw	r26, r24
    107a:	cb 01       	movw	r24, r22
    107c:	8f 83       	std	Y+7, r24	; 0x07
    107e:	98 87       	std	Y+8, r25	; 0x08
    1080:	a9 87       	std	Y+9, r26	; 0x09
    1082:	ba 87       	std	Y+10, r27	; 0x0a
	if (__tmp < 1.0)
    1084:	6f 81       	ldd	r22, Y+7	; 0x07
    1086:	78 85       	ldd	r23, Y+8	; 0x08
    1088:	89 85       	ldd	r24, Y+9	; 0x09
    108a:	9a 85       	ldd	r25, Y+10	; 0x0a
    108c:	20 e0       	ldi	r18, 0x00	; 0
    108e:	30 e0       	ldi	r19, 0x00	; 0
    1090:	40 e8       	ldi	r20, 0x80	; 128
    1092:	5f e3       	ldi	r21, 0x3F	; 63
    1094:	0e 94 25 04 	call	0x84a	; 0x84a <__ltsf2>
    1098:	88 23       	and	r24, r24
    109a:	2c f4       	brge	.+10     	; 0x10a6 <read_button_debounced+0x78>
		__ticks = 1;
    109c:	81 e0       	ldi	r24, 0x01	; 1
    109e:	90 e0       	ldi	r25, 0x00	; 0
    10a0:	9e 83       	std	Y+6, r25	; 0x06
    10a2:	8d 83       	std	Y+5, r24	; 0x05
    10a4:	3f c0       	rjmp	.+126    	; 0x1124 <read_button_debounced+0xf6>
	else if (__tmp > 65535)
    10a6:	6f 81       	ldd	r22, Y+7	; 0x07
    10a8:	78 85       	ldd	r23, Y+8	; 0x08
    10aa:	89 85       	ldd	r24, Y+9	; 0x09
    10ac:	9a 85       	ldd	r25, Y+10	; 0x0a
    10ae:	20 e0       	ldi	r18, 0x00	; 0
    10b0:	3f ef       	ldi	r19, 0xFF	; 255
    10b2:	4f e7       	ldi	r20, 0x7F	; 127
    10b4:	57 e4       	ldi	r21, 0x47	; 71
    10b6:	0e 94 c5 03 	call	0x78a	; 0x78a <__gtsf2>
    10ba:	18 16       	cp	r1, r24
    10bc:	4c f5       	brge	.+82     	; 0x1110 <read_button_debounced+0xe2>
	{
		//	__ticks = requested delay in 1/10 ms
		__ticks = (uint16_t) (__ms * 10.0);
    10be:	6b 85       	ldd	r22, Y+11	; 0x0b
    10c0:	7c 85       	ldd	r23, Y+12	; 0x0c
    10c2:	8d 85       	ldd	r24, Y+13	; 0x0d
    10c4:	9e 85       	ldd	r25, Y+14	; 0x0e
    10c6:	20 e0       	ldi	r18, 0x00	; 0
    10c8:	30 e0       	ldi	r19, 0x00	; 0
    10ca:	40 e2       	ldi	r20, 0x20	; 32
    10cc:	51 e4       	ldi	r21, 0x41	; 65
    10ce:	0e 94 1f 02 	call	0x43e	; 0x43e <__mulsf3>
    10d2:	dc 01       	movw	r26, r24
    10d4:	cb 01       	movw	r24, r22
    10d6:	bc 01       	movw	r22, r24
    10d8:	cd 01       	movw	r24, r26
    10da:	0e 94 49 00 	call	0x92	; 0x92 <__fixunssfsi>
    10de:	dc 01       	movw	r26, r24
    10e0:	cb 01       	movw	r24, r22
    10e2:	9e 83       	std	Y+6, r25	; 0x06
    10e4:	8d 83       	std	Y+5, r24	; 0x05
    10e6:	0f c0       	rjmp	.+30     	; 0x1106 <read_button_debounced+0xd8>
    10e8:	88 ec       	ldi	r24, 0xC8	; 200
    10ea:	90 e0       	ldi	r25, 0x00	; 0
    10ec:	9c 83       	std	Y+4, r25	; 0x04
    10ee:	8b 83       	std	Y+3, r24	; 0x03
    10f0:	8b 81       	ldd	r24, Y+3	; 0x03
    10f2:	9c 81       	ldd	r25, Y+4	; 0x04
    10f4:	01 97       	sbiw	r24, 0x01	; 1
    10f6:	f1 f7       	brne	.-4      	; 0x10f4 <read_button_debounced+0xc6>
    10f8:	9c 83       	std	Y+4, r25	; 0x04
    10fa:	8b 83       	std	Y+3, r24	; 0x03
		while(__ticks)
		{
			// wait 1/10 ms
			_delay_loop_2(((F_CPU) / 4e3) / 10);
			__ticks --;
    10fc:	8d 81       	ldd	r24, Y+5	; 0x05
    10fe:	9e 81       	ldd	r25, Y+6	; 0x06
    1100:	01 97       	sbiw	r24, 0x01	; 1
    1102:	9e 83       	std	Y+6, r25	; 0x06
    1104:	8d 83       	std	Y+5, r24	; 0x05
		__ticks = 1;
	else if (__tmp > 65535)
	{
		//	__ticks = requested delay in 1/10 ms
		__ticks = (uint16_t) (__ms * 10.0);
		while(__ticks)
    1106:	8d 81       	ldd	r24, Y+5	; 0x05
    1108:	9e 81       	ldd	r25, Y+6	; 0x06
    110a:	00 97       	sbiw	r24, 0x00	; 0
    110c:	69 f7       	brne	.-38     	; 0x10e8 <read_button_debounced+0xba>
    110e:	14 c0       	rjmp	.+40     	; 0x1138 <read_button_debounced+0x10a>
			__ticks --;
		}
		return;
	}
	else
		__ticks = (uint16_t)__tmp;
    1110:	6f 81       	ldd	r22, Y+7	; 0x07
    1112:	78 85       	ldd	r23, Y+8	; 0x08
    1114:	89 85       	ldd	r24, Y+9	; 0x09
    1116:	9a 85       	ldd	r25, Y+10	; 0x0a
    1118:	0e 94 49 00 	call	0x92	; 0x92 <__fixunssfsi>
    111c:	dc 01       	movw	r26, r24
    111e:	cb 01       	movw	r24, r22
    1120:	9e 83       	std	Y+6, r25	; 0x06
    1122:	8d 83       	std	Y+5, r24	; 0x05
    1124:	8d 81       	ldd	r24, Y+5	; 0x05
    1126:	9e 81       	ldd	r25, Y+6	; 0x06
    1128:	9a 83       	std	Y+2, r25	; 0x02
    112a:	89 83       	std	Y+1, r24	; 0x01
    112c:	89 81       	ldd	r24, Y+1	; 0x01
    112e:	9a 81       	ldd	r25, Y+2	; 0x02
    1130:	01 97       	sbiw	r24, 0x01	; 1
    1132:	f1 f7       	brne	.-4      	; 0x1130 <read_button_debounced+0x102>
    1134:	9a 83       	std	Y+2, r25	; 0x02
    1136:	89 83       	std	Y+1, r24	; 0x01
	{
		_delay_ms(BUTTON_DEBOUNCE_DELAY_MS);

		if (GPIO_u8GetPinValue(port, pin) == PIN_LOW) // Verify button is still pressed
    1138:	8f 85       	ldd	r24, Y+15	; 0x0f
    113a:	68 89       	ldd	r22, Y+16	; 0x10
    113c:	0e 94 67 0d 	call	0x1ace	; 0x1ace <GPIO_u8GetPinValue>
    1140:	88 23       	and	r24, r24
    1142:	19 f4       	brne	.+6      	; 0x114a <read_button_debounced+0x11c>
		{
			return 1; // Button confirmed pressed
    1144:	81 e0       	ldi	r24, 0x01	; 1
    1146:	89 8b       	std	Y+17, r24	; 0x11
    1148:	01 c0       	rjmp	.+2      	; 0x114c <read_button_debounced+0x11e>
		}
	}
	return 0; // Button not pressed
    114a:	19 8a       	std	Y+17, r1	; 0x11
    114c:	89 89       	ldd	r24, Y+17	; 0x11
}
    114e:	61 96       	adiw	r28, 0x11	; 17
    1150:	0f b6       	in	r0, 0x3f	; 63
    1152:	f8 94       	cli
    1154:	de bf       	out	0x3e, r29	; 62
    1156:	0f be       	out	0x3f, r0	; 63
    1158:	cd bf       	out	0x3d, r28	; 61
    115a:	cf 91       	pop	r28
    115c:	df 91       	pop	r29
    115e:	08 95       	ret

00001160 <handle_windows>:

// Reads window buttons and controls motors accordingly
void handle_windows(u8 *w1_state, u8 *w2_state)
{
    1160:	df 93       	push	r29
    1162:	cf 93       	push	r28
    1164:	00 d0       	rcall	.+0      	; 0x1166 <handle_windows+0x6>
    1166:	00 d0       	rcall	.+0      	; 0x1168 <handle_windows+0x8>
    1168:	cd b7       	in	r28, 0x3d	; 61
    116a:	de b7       	in	r29, 0x3e	; 62
    116c:	9a 83       	std	Y+2, r25	; 0x02
    116e:	89 83       	std	Y+1, r24	; 0x01
    1170:	7c 83       	std	Y+4, r23	; 0x04
    1172:	6b 83       	std	Y+3, r22	; 0x03
	// --- Window 1 Control ---
	if (read_button_debounced(WIN1_OPEN_BUTTON_PORT, WIN1_OPEN_BUTTON_PIN))
    1174:	81 e0       	ldi	r24, 0x01	; 1
    1176:	64 e0       	ldi	r22, 0x04	; 4
    1178:	0e 94 17 08 	call	0x102e	; 0x102e <read_button_debounced>
    117c:	88 23       	and	r24, r24
    117e:	49 f0       	breq	.+18     	; 0x1192 <handle_windows+0x32>
	{
		DcMotor_Rotate(MOTOR_1ID, MOTOR_CW, 100); // Open window 1
    1180:	80 e0       	ldi	r24, 0x00	; 0
    1182:	61 e0       	ldi	r22, 0x01	; 1
    1184:	44 e6       	ldi	r20, 0x64	; 100
    1186:	0e 94 48 12 	call	0x2490	; 0x2490 <DcMotor_Rotate>
		g_window1_state = WINDOW_STATE_OPEN;
    118a:	81 e0       	ldi	r24, 0x01	; 1
    118c:	80 93 76 01 	sts	0x0176, r24
    1190:	13 c0       	rjmp	.+38     	; 0x11b8 <handle_windows+0x58>
	}
	else if (read_button_debounced(WIN1_CLOSE_BUTTON_PORT, WIN1_CLOSE_BUTTON_PIN))
    1192:	81 e0       	ldi	r24, 0x01	; 1
    1194:	65 e0       	ldi	r22, 0x05	; 5
    1196:	0e 94 17 08 	call	0x102e	; 0x102e <read_button_debounced>
    119a:	88 23       	and	r24, r24
    119c:	41 f0       	breq	.+16     	; 0x11ae <handle_windows+0x4e>
	{
		DcMotor_Rotate(MOTOR_1ID, MOTOR_ACW, 100); // Close window 1
    119e:	80 e0       	ldi	r24, 0x00	; 0
    11a0:	62 e0       	ldi	r22, 0x02	; 2
    11a2:	44 e6       	ldi	r20, 0x64	; 100
    11a4:	0e 94 48 12 	call	0x2490	; 0x2490 <DcMotor_Rotate>
		g_window1_state = WINDOW_STATE_CLOSED;
    11a8:	10 92 76 01 	sts	0x0176, r1
    11ac:	05 c0       	rjmp	.+10     	; 0x11b8 <handle_windows+0x58>
	}
	else
	{
		DcMotor_Rotate(MOTOR_1ID, MOTOR_STOP, 0); // Stop window 1
    11ae:	80 e0       	ldi	r24, 0x00	; 0
    11b0:	60 e0       	ldi	r22, 0x00	; 0
    11b2:	40 e0       	ldi	r20, 0x00	; 0
    11b4:	0e 94 48 12 	call	0x2490	; 0x2490 <DcMotor_Rotate>
	}

	// --- Window 2 Control ---
	if (read_button_debounced(WIN2_OPEN_BUTTON_PORT, WIN2_OPEN_BUTTON_PIN))
    11b8:	81 e0       	ldi	r24, 0x01	; 1
    11ba:	66 e0       	ldi	r22, 0x06	; 6
    11bc:	0e 94 17 08 	call	0x102e	; 0x102e <read_button_debounced>
    11c0:	88 23       	and	r24, r24
    11c2:	49 f0       	breq	.+18     	; 0x11d6 <handle_windows+0x76>
	{
		DcMotor_Rotate(MOTOR_2ID, MOTOR_CW, 100); // Open window 2
    11c4:	81 e0       	ldi	r24, 0x01	; 1
    11c6:	61 e0       	ldi	r22, 0x01	; 1
    11c8:	44 e6       	ldi	r20, 0x64	; 100
    11ca:	0e 94 48 12 	call	0x2490	; 0x2490 <DcMotor_Rotate>
		g_window2_state = WINDOW_STATE_OPEN;
    11ce:	81 e0       	ldi	r24, 0x01	; 1
    11d0:	80 93 77 01 	sts	0x0177, r24
    11d4:	13 c0       	rjmp	.+38     	; 0x11fc <handle_windows+0x9c>
	}
	else if (read_button_debounced(WIN2_CLOSE_BUTTON_PORT, WIN2_CLOSE_BUTTON_PIN))
    11d6:	81 e0       	ldi	r24, 0x01	; 1
    11d8:	67 e0       	ldi	r22, 0x07	; 7
    11da:	0e 94 17 08 	call	0x102e	; 0x102e <read_button_debounced>
    11de:	88 23       	and	r24, r24
    11e0:	41 f0       	breq	.+16     	; 0x11f2 <handle_windows+0x92>
	{
		DcMotor_Rotate(MOTOR_2ID, MOTOR_ACW, 100); // Close window 2
    11e2:	81 e0       	ldi	r24, 0x01	; 1
    11e4:	62 e0       	ldi	r22, 0x02	; 2
    11e6:	44 e6       	ldi	r20, 0x64	; 100
    11e8:	0e 94 48 12 	call	0x2490	; 0x2490 <DcMotor_Rotate>
		g_window2_state = WINDOW_STATE_CLOSED;
    11ec:	10 92 77 01 	sts	0x0177, r1
    11f0:	05 c0       	rjmp	.+10     	; 0x11fc <handle_windows+0x9c>
	}
	else
	{
		DcMotor_Rotate(MOTOR_2ID, MOTOR_STOP, 0); // Stop window 2
    11f2:	81 e0       	ldi	r24, 0x01	; 1
    11f4:	60 e0       	ldi	r22, 0x00	; 0
    11f6:	40 e0       	ldi	r20, 0x00	; 0
    11f8:	0e 94 48 12 	call	0x2490	; 0x2490 <DcMotor_Rotate>
	}

	*w1_state = g_window1_state; // Update state variable via pointer
    11fc:	80 91 76 01 	lds	r24, 0x0176
    1200:	e9 81       	ldd	r30, Y+1	; 0x01
    1202:	fa 81       	ldd	r31, Y+2	; 0x02
    1204:	80 83       	st	Z, r24
	*w2_state = g_window2_state; // Update state variable via pointer
    1206:	80 91 77 01 	lds	r24, 0x0177
    120a:	eb 81       	ldd	r30, Y+3	; 0x03
    120c:	fc 81       	ldd	r31, Y+4	; 0x04
    120e:	80 83       	st	Z, r24
}
    1210:	0f 90       	pop	r0
    1212:	0f 90       	pop	r0
    1214:	0f 90       	pop	r0
    1216:	0f 90       	pop	r0
    1218:	cf 91       	pop	r28
    121a:	df 91       	pop	r29
    121c:	08 95       	ret

0000121e <main>:



// --- Main Function ---
int main(void)
{
    121e:	df 93       	push	r29
    1220:	cf 93       	push	r28
    1222:	cd b7       	in	r28, 0x3d	; 61
    1224:	de b7       	in	r29, 0x3e	; 62
    1226:	a6 97       	sbiw	r28, 0x26	; 38
    1228:	0f b6       	in	r0, 0x3f	; 63
    122a:	f8 94       	cli
    122c:	de bf       	out	0x3e, r29	; 62
    122e:	0f be       	out	0x3f, r0	; 63
    1230:	cd bf       	out	0x3d, r28	; 61
	// Local variables
	u8 command_from_hmi = 0;
    1232:	19 86       	std	Y+9, r1	; 0x09
	u8 monitoring_active = 0;
    1234:	18 86       	std	Y+8, r1	; 0x08
	u8 temperature = 0;
    1236:	1f 82       	std	Y+7, r1	; 0x07
	u16 distance = 0;
    1238:	1e 82       	std	Y+6, r1	; 0x06
    123a:	1d 82       	std	Y+5, r1	; 0x05
	u8 window1_state = WINDOW_STATE_CLOSED;
    123c:	1a 86       	std	Y+10, r1	; 0x0a
	u8 window2_state = WINDOW_STATE_CLOSED;
    123e:	1b 86       	std	Y+11, r1	; 0x0b
	u8 fault_code = 0;
    1240:	1c 86       	std	Y+12, r1	; 0x0c
	u16 eeprom_address = 0;
    1242:	1c 82       	std	Y+4, r1	; 0x04
    1244:	1b 82       	std	Y+3, r1	; 0x03
	u8 data_read_status = 0;
    1246:	1a 82       	std	Y+2, r1	; 0x02

	sei(); // Enable Global Interrupts (required for ICU)
    1248:	78 94       	sei
	UART_ConfigType uart_config = {
			.bit_data = UART_8_BIT_DATA,
			.parity = UART_NO_PARITY,
			.stop_bit = UART_1_STOP_BIT,
			.baud_rate = 9600
	};
    124a:	9e 01       	movw	r18, r28
    124c:	23 5f       	subi	r18, 0xF3	; 243
    124e:	3f 4f       	sbci	r19, 0xFF	; 255
    1250:	3e 8f       	std	Y+30, r19	; 0x1e
    1252:	2d 8f       	std	Y+29, r18	; 0x1d
    1254:	8d e6       	ldi	r24, 0x6D	; 109
    1256:	91 e0       	ldi	r25, 0x01	; 1
    1258:	98 a3       	std	Y+32, r25	; 0x20
    125a:	8f 8f       	std	Y+31, r24	; 0x1f
    125c:	97 e0       	ldi	r25, 0x07	; 7
    125e:	99 a3       	std	Y+33, r25	; 0x21
    1260:	ef 8d       	ldd	r30, Y+31	; 0x1f
    1262:	f8 a1       	ldd	r31, Y+32	; 0x20
    1264:	00 80       	ld	r0, Z
    1266:	2f 8d       	ldd	r18, Y+31	; 0x1f
    1268:	38 a1       	ldd	r19, Y+32	; 0x20
    126a:	2f 5f       	subi	r18, 0xFF	; 255
    126c:	3f 4f       	sbci	r19, 0xFF	; 255
    126e:	38 a3       	std	Y+32, r19	; 0x20
    1270:	2f 8f       	std	Y+31, r18	; 0x1f
    1272:	ed 8d       	ldd	r30, Y+29	; 0x1d
    1274:	fe 8d       	ldd	r31, Y+30	; 0x1e
    1276:	00 82       	st	Z, r0
    1278:	2d 8d       	ldd	r18, Y+29	; 0x1d
    127a:	3e 8d       	ldd	r19, Y+30	; 0x1e
    127c:	2f 5f       	subi	r18, 0xFF	; 255
    127e:	3f 4f       	sbci	r19, 0xFF	; 255
    1280:	3e 8f       	std	Y+30, r19	; 0x1e
    1282:	2d 8f       	std	Y+29, r18	; 0x1d
    1284:	39 a1       	ldd	r19, Y+33	; 0x21
    1286:	31 50       	subi	r19, 0x01	; 1
    1288:	39 a3       	std	Y+33, r19	; 0x21
    128a:	89 a1       	ldd	r24, Y+33	; 0x21
    128c:	88 23       	and	r24, r24
    128e:	41 f7       	brne	.-48     	; 0x1260 <main+0x42>
	UART_init(&uart_config);
    1290:	ce 01       	movw	r24, r28
    1292:	0d 96       	adiw	r24, 0x0d	; 13
    1294:	0e 94 3a 10 	call	0x2074	; 0x2074 <UART_init>

	// Initialize TWI (I2C) for EEPROM
	TWI_ConfigType twi_config = {
			.address = 0x01, // ECU TWI address (if acting as slave, not relevant here)
			.bit_rate = 100000
	};
    1298:	fe 01       	movw	r30, r28
    129a:	74 96       	adiw	r30, 0x14	; 20
    129c:	fb a3       	std	Y+35, r31	; 0x23
    129e:	ea a3       	std	Y+34, r30	; 0x22
    12a0:	28 e6       	ldi	r18, 0x68	; 104
    12a2:	31 e0       	ldi	r19, 0x01	; 1
    12a4:	3d a3       	std	Y+37, r19	; 0x25
    12a6:	2c a3       	std	Y+36, r18	; 0x24
    12a8:	35 e0       	ldi	r19, 0x05	; 5
    12aa:	3e a3       	std	Y+38, r19	; 0x26
    12ac:	ec a1       	ldd	r30, Y+36	; 0x24
    12ae:	fd a1       	ldd	r31, Y+37	; 0x25
    12b0:	00 80       	ld	r0, Z
    12b2:	2c a1       	ldd	r18, Y+36	; 0x24
    12b4:	3d a1       	ldd	r19, Y+37	; 0x25
    12b6:	2f 5f       	subi	r18, 0xFF	; 255
    12b8:	3f 4f       	sbci	r19, 0xFF	; 255
    12ba:	3d a3       	std	Y+37, r19	; 0x25
    12bc:	2c a3       	std	Y+36, r18	; 0x24
    12be:	ea a1       	ldd	r30, Y+34	; 0x22
    12c0:	fb a1       	ldd	r31, Y+35	; 0x23
    12c2:	00 82       	st	Z, r0
    12c4:	2a a1       	ldd	r18, Y+34	; 0x22
    12c6:	3b a1       	ldd	r19, Y+35	; 0x23
    12c8:	2f 5f       	subi	r18, 0xFF	; 255
    12ca:	3f 4f       	sbci	r19, 0xFF	; 255
    12cc:	3b a3       	std	Y+35, r19	; 0x23
    12ce:	2a a3       	std	Y+34, r18	; 0x22
    12d0:	3e a1       	ldd	r19, Y+38	; 0x26
    12d2:	31 50       	subi	r19, 0x01	; 1
    12d4:	3e a3       	std	Y+38, r19	; 0x26
    12d6:	8e a1       	ldd	r24, Y+38	; 0x26
    12d8:	88 23       	and	r24, r24
    12da:	41 f7       	brne	.-48     	; 0x12ac <main+0x8e>
	TWI_init(&twi_config);
    12dc:	ce 01       	movw	r24, r28
    12de:	44 96       	adiw	r24, 0x14	; 20
    12e0:	0e 94 3f 0f 	call	0x1e7e	; 0x1e7e <TWI_init>

	// Initialize ADC for LM35 Temperature Sensor
	ADC_ConfigType adc_config = {
			.ref_volt = INTERNAL_REF,       // Use 2.56V internal reference
			.prescaler = ADC_PRESCALER_128
	};
    12e4:	82 e0       	ldi	r24, 0x02	; 2
    12e6:	89 8f       	std	Y+25, r24	; 0x19
    12e8:	87 e0       	ldi	r24, 0x07	; 7
    12ea:	8a 8f       	std	Y+26, r24	; 0x1a
	ADC_init(&adc_config);
    12ec:	ce 01       	movw	r24, r28
    12ee:	49 96       	adiw	r24, 0x19	; 25
    12f0:	0e 94 3b 0a 	call	0x1476	; 0x1476 <ADC_init>

	// Initialize PWM Timer *before* DcMotor_Init() as it depends on it
	PWM_Timer0_Init();
    12f4:	0e 94 cc 0e 	call	0x1d98	; 0x1d98 <PWM_Timer0_Init>

	// Initialize HAL Drivers
	DcMotor_Init();
    12f8:	0e 94 0a 12 	call	0x2414	; 0x2414 <DcMotor_Init>
	Ultrasonic_init();
    12fc:	0e 94 4a 13 	call	0x2694	; 0x2694 <Ultrasonic_init>

	// Initialize GPIO pins for window buttons (Input with Pull-up)
	GPIO_voidSetPinDirection(WIN1_OPEN_BUTTON_PORT, WIN1_OPEN_BUTTON_PIN, PIN_IN);
    1300:	81 e0       	ldi	r24, 0x01	; 1
    1302:	64 e0       	ldi	r22, 0x04	; 4
    1304:	40 e0       	ldi	r20, 0x00	; 0
    1306:	0e 94 26 0b 	call	0x164c	; 0x164c <GPIO_voidSetPinDirection>
	GPIO_voidSetPinDirection(WIN1_CLOSE_BUTTON_PORT, WIN1_CLOSE_BUTTON_PIN, PIN_IN);
    130a:	81 e0       	ldi	r24, 0x01	; 1
    130c:	65 e0       	ldi	r22, 0x05	; 5
    130e:	40 e0       	ldi	r20, 0x00	; 0
    1310:	0e 94 26 0b 	call	0x164c	; 0x164c <GPIO_voidSetPinDirection>
	GPIO_voidSetPinDirection(WIN2_OPEN_BUTTON_PORT, WIN2_OPEN_BUTTON_PIN, PIN_IN);
    1314:	81 e0       	ldi	r24, 0x01	; 1
    1316:	66 e0       	ldi	r22, 0x06	; 6
    1318:	40 e0       	ldi	r20, 0x00	; 0
    131a:	0e 94 26 0b 	call	0x164c	; 0x164c <GPIO_voidSetPinDirection>
	GPIO_voidSetPinDirection(WIN2_CLOSE_BUTTON_PORT, WIN2_CLOSE_BUTTON_PIN, PIN_IN);
    131e:	81 e0       	ldi	r24, 0x01	; 1
    1320:	67 e0       	ldi	r22, 0x07	; 7
    1322:	40 e0       	ldi	r20, 0x00	; 0
    1324:	0e 94 26 0b 	call	0x164c	; 0x164c <GPIO_voidSetPinDirection>

	// Enable internal pull-ups (buttons are active low)
	GPIO_voidSetPinValue(WIN1_OPEN_BUTTON_PORT, WIN1_OPEN_BUTTON_PIN, PIN_HIGH);
    1328:	81 e0       	ldi	r24, 0x01	; 1
    132a:	64 e0       	ldi	r22, 0x04	; 4
    132c:	41 e0       	ldi	r20, 0x01	; 1
    132e:	0e 94 67 0c 	call	0x18ce	; 0x18ce <GPIO_voidSetPinValue>
	GPIO_voidSetPinValue(WIN1_CLOSE_BUTTON_PORT, WIN1_CLOSE_BUTTON_PIN, PIN_HIGH);
    1332:	81 e0       	ldi	r24, 0x01	; 1
    1334:	65 e0       	ldi	r22, 0x05	; 5
    1336:	41 e0       	ldi	r20, 0x01	; 1
    1338:	0e 94 67 0c 	call	0x18ce	; 0x18ce <GPIO_voidSetPinValue>
	GPIO_voidSetPinValue(WIN2_OPEN_BUTTON_PORT, WIN2_OPEN_BUTTON_PIN, PIN_HIGH);
    133c:	81 e0       	ldi	r24, 0x01	; 1
    133e:	66 e0       	ldi	r22, 0x06	; 6
    1340:	41 e0       	ldi	r20, 0x01	; 1
    1342:	0e 94 67 0c 	call	0x18ce	; 0x18ce <GPIO_voidSetPinValue>
	GPIO_voidSetPinValue(WIN2_CLOSE_BUTTON_PORT, WIN2_CLOSE_BUTTON_PIN, PIN_HIGH);
    1346:	81 e0       	ldi	r24, 0x01	; 1
    1348:	67 e0       	ldi	r22, 0x07	; 7
    134a:	41 e0       	ldi	r20, 0x01	; 1
    134c:	0e 94 67 0c 	call	0x18ce	; 0x18ce <GPIO_voidSetPinValue>

	// --- Main Loop ---
	while(1)
	{
		command_from_hmi = UART_recieveByte(); // Wait (block) for a command
    1350:	0e 94 8f 11 	call	0x231e	; 0x231e <UART_recieveByte>
    1354:	89 87       	std	Y+9, r24	; 0x09

		// Handle window buttons regardless of the command
		handle_windows(&window1_state, &window2_state);
    1356:	ce 01       	movw	r24, r28
    1358:	0a 96       	adiw	r24, 0x0a	; 10
    135a:	9e 01       	movw	r18, r28
    135c:	25 5f       	subi	r18, 0xF5	; 245
    135e:	3f 4f       	sbci	r19, 0xFF	; 255
    1360:	b9 01       	movw	r22, r18
    1362:	0e 94 b0 08 	call	0x1160	; 0x1160 <handle_windows>

		switch(command_from_hmi)
    1366:	89 85       	ldd	r24, Y+9	; 0x09
    1368:	e8 2f       	mov	r30, r24
    136a:	f0 e0       	ldi	r31, 0x00	; 0
    136c:	fc 8f       	std	Y+28, r31	; 0x1c
    136e:	eb 8f       	std	Y+27, r30	; 0x1b
    1370:	2b 8d       	ldd	r18, Y+27	; 0x1b
    1372:	3c 8d       	ldd	r19, Y+28	; 0x1c
    1374:	22 30       	cpi	r18, 0x02	; 2
    1376:	31 05       	cpc	r19, r1
    1378:	f1 f0       	breq	.+60     	; 0x13b6 <main+0x198>
    137a:	8b 8d       	ldd	r24, Y+27	; 0x1b
    137c:	9c 8d       	ldd	r25, Y+28	; 0x1c
    137e:	83 30       	cpi	r24, 0x03	; 3
    1380:	91 05       	cpc	r25, r1
    1382:	34 f4       	brge	.+12     	; 0x1390 <main+0x172>
    1384:	eb 8d       	ldd	r30, Y+27	; 0x1b
    1386:	fc 8d       	ldd	r31, Y+28	; 0x1c
    1388:	e1 30       	cpi	r30, 0x01	; 1
    138a:	f1 05       	cpc	r31, r1
    138c:	69 f0       	breq	.+26     	; 0x13a8 <main+0x18a>
    138e:	e0 cf       	rjmp	.-64     	; 0x1350 <main+0x132>
    1390:	2b 8d       	ldd	r18, Y+27	; 0x1b
    1392:	3c 8d       	ldd	r19, Y+28	; 0x1c
    1394:	23 30       	cpi	r18, 0x03	; 3
    1396:	31 05       	cpc	r19, r1
    1398:	d9 f1       	breq	.+118    	; 0x1410 <main+0x1f2>
    139a:	8b 8d       	ldd	r24, Y+27	; 0x1b
    139c:	9c 8d       	ldd	r25, Y+28	; 0x1c
    139e:	84 30       	cpi	r24, 0x04	; 4
    13a0:	91 05       	cpc	r25, r1
    13a2:	09 f4       	brne	.+2      	; 0x13a6 <main+0x188>
    13a4:	5a c0       	rjmp	.+180    	; 0x145a <main+0x23c>
    13a6:	d4 cf       	rjmp	.-88     	; 0x1350 <main+0x132>
		{
		case HMI_CMD_START_MONITORING:
			monitoring_active = 1;
    13a8:	81 e0       	ldi	r24, 0x01	; 1
    13aa:	88 87       	std	Y+8, r24	; 0x08
			g_p001_logged = 0; // Reset fault flags for new session
    13ac:	10 92 74 01 	sts	0x0174, r1
			g_p002_logged = 0;
    13b0:	10 92 75 01 	sts	0x0175, r1
    13b4:	cd cf       	rjmp	.-102    	; 0x1350 <main+0x132>
			break;

		case HMI_CMD_SEND_LIVE_VALUES:
			temperature = LM35_getTemperature(); // Read sensors
    13b6:	0e 94 08 13 	call	0x2610	; 0x2610 <LM35_getTemperature>
    13ba:	8f 83       	std	Y+7, r24	; 0x07
			distance = Ultrasonic_readDistance();
    13bc:	0e 94 45 14 	call	0x288a	; 0x288a <Ultrasonic_readDistance>
    13c0:	9e 83       	std	Y+6, r25	; 0x06
    13c2:	8d 83       	std	Y+5, r24	; 0x05

			handle_windows(&window1_state, &window2_state); // Read window buttons
    13c4:	ce 01       	movw	r24, r28
    13c6:	0a 96       	adiw	r24, 0x0a	; 10
    13c8:	9e 01       	movw	r18, r28
    13ca:	25 5f       	subi	r18, 0xF5	; 245
    13cc:	3f 4f       	sbci	r19, 0xFF	; 255
    13ce:	b9 01       	movw	r22, r18
    13d0:	0e 94 b0 08 	call	0x1160	; 0x1160 <handle_windows>

			// Send all data back to HMI
			UART_sendByte(temperature);
    13d4:	8f 81       	ldd	r24, Y+7	; 0x07
    13d6:	0e 94 78 11 	call	0x22f0	; 0x22f0 <UART_sendByte>
			UART_sendWord(distance); // Send 16-bit distance
    13da:	8d 81       	ldd	r24, Y+5	; 0x05
    13dc:	9e 81       	ldd	r25, Y+6	; 0x06
    13de:	0e 94 17 07 	call	0xe2e	; 0xe2e <UART_sendWord>

			// Pack window states into one byte (bit0=Win1, bit1=Win2)
			u8 window_states = (window2_state << 1) | window1_state;
    13e2:	8b 85       	ldd	r24, Y+11	; 0x0b
    13e4:	88 2f       	mov	r24, r24
    13e6:	90 e0       	ldi	r25, 0x00	; 0
    13e8:	88 0f       	add	r24, r24
    13ea:	99 1f       	adc	r25, r25
    13ec:	98 2f       	mov	r25, r24
    13ee:	8a 85       	ldd	r24, Y+10	; 0x0a
    13f0:	89 2b       	or	r24, r25
    13f2:	89 83       	std	Y+1, r24	; 0x01
			UART_sendByte(window_states);
    13f4:	89 81       	ldd	r24, Y+1	; 0x01
    13f6:	0e 94 78 11 	call	0x22f0	; 0x22f0 <UART_sendByte>

			if (monitoring_active) // Log faults only if monitoring is active
    13fa:	88 85       	ldd	r24, Y+8	; 0x08
    13fc:	88 23       	and	r24, r24
    13fe:	09 f4       	brne	.+2      	; 0x1402 <main+0x1e4>
    1400:	a7 cf       	rjmp	.-178    	; 0x1350 <main+0x132>
			{
				check_and_log_faults(temperature, distance);
    1402:	2d 81       	ldd	r18, Y+5	; 0x05
    1404:	3e 81       	ldd	r19, Y+6	; 0x06
    1406:	8f 81       	ldd	r24, Y+7	; 0x07
    1408:	b9 01       	movw	r22, r18
    140a:	0e 94 e8 07 	call	0xfd0	; 0xfd0 <check_and_log_faults>
    140e:	a0 cf       	rjmp	.-192    	; 0x1350 <main+0x132>
			}
			break;

		case HMI_CMD_SEND_LOGGED_FAULTS:
			eeprom_address = FAULTS_LOG_START_ADDRESS;
    1410:	81 e0       	ldi	r24, 0x01	; 1
    1412:	90 e0       	ldi	r25, 0x00	; 0
    1414:	9c 83       	std	Y+4, r25	; 0x04
    1416:	8b 83       	std	Y+3, r24	; 0x03
			do {
				data_read_status = EEPROM_readByte(eeprom_address, &fault_code);
    1418:	8b 81       	ldd	r24, Y+3	; 0x03
    141a:	9c 81       	ldd	r25, Y+4	; 0x04
    141c:	9e 01       	movw	r18, r28
    141e:	24 5f       	subi	r18, 0xF4	; 244
    1420:	3f 4f       	sbci	r19, 0xFF	; 255
    1422:	b9 01       	movw	r22, r18
    1424:	0e 94 de 14 	call	0x29bc	; 0x29bc <EEPROM_readByte>
    1428:	8a 83       	std	Y+2, r24	; 0x02

				if (data_read_status == SUCCESS)
    142a:	8a 81       	ldd	r24, Y+2	; 0x02
    142c:	81 30       	cpi	r24, 0x01	; 1
    142e:	89 f4       	brne	.+34     	; 0x1452 <main+0x234>
				{
					if (fault_code == 0xFF) // 0xFF marks end of faults
    1430:	8c 85       	ldd	r24, Y+12	; 0x0c
    1432:	8f 3f       	cpi	r24, 0xFF	; 255
    1434:	71 f0       	breq	.+28     	; 0x1452 <main+0x234>
							{
						break;
							}
					UART_sendByte(fault_code); // Send the fault code
    1436:	8c 85       	ldd	r24, Y+12	; 0x0c
    1438:	0e 94 78 11 	call	0x22f0	; 0x22f0 <UART_sendByte>
					eeprom_address++;
    143c:	8b 81       	ldd	r24, Y+3	; 0x03
    143e:	9c 81       	ldd	r25, Y+4	; 0x04
    1440:	01 96       	adiw	r24, 0x01	; 1
    1442:	9c 83       	std	Y+4, r25	; 0x04
    1444:	8b 83       	std	Y+3, r24	; 0x03
				}
				else
				{
					break; // I2C Error, stop reading
				}
			} while (eeprom_address < EEPROM_MAX_ADDRESS);
    1446:	8b 81       	ldd	r24, Y+3	; 0x03
    1448:	9c 81       	ldd	r25, Y+4	; 0x04
    144a:	e7 e0       	ldi	r30, 0x07	; 7
    144c:	8f 3f       	cpi	r24, 0xFF	; 255
    144e:	9e 07       	cpc	r25, r30
    1450:	18 f3       	brcs	.-58     	; 0x1418 <main+0x1fa>

			UART_sendByte(END_OF_FAULTS_MARKER); // Tell HMI we are done
    1452:	8f ef       	ldi	r24, 0xFF	; 255
    1454:	0e 94 78 11 	call	0x22f0	; 0x22f0 <UART_sendByte>
    1458:	7b cf       	rjmp	.-266    	; 0x1350 <main+0x132>
			break;

		case HMI_CMD_STOP_MONITORING:
			monitoring_active = 0;
    145a:	18 86       	std	Y+8, r1	; 0x08
			DcMotor_Rotate(MOTOR_1ID, MOTOR_STOP, 0); // Stop motors
    145c:	80 e0       	ldi	r24, 0x00	; 0
    145e:	60 e0       	ldi	r22, 0x00	; 0
    1460:	40 e0       	ldi	r20, 0x00	; 0
    1462:	0e 94 48 12 	call	0x2490	; 0x2490 <DcMotor_Rotate>
			DcMotor_Rotate(MOTOR_2ID, MOTOR_STOP, 0);
    1466:	81 e0       	ldi	r24, 0x01	; 1
    1468:	60 e0       	ldi	r22, 0x00	; 0
    146a:	40 e0       	ldi	r20, 0x00	; 0
    146c:	0e 94 48 12 	call	0x2490	; 0x2490 <DcMotor_Rotate>
			window1_state = WINDOW_STATE_CLOSED; // Reset states
    1470:	1a 86       	std	Y+10, r1	; 0x0a
			window2_state = WINDOW_STATE_CLOSED;
    1472:	1b 86       	std	Y+11, r1	; 0x0b
    1474:	6d cf       	rjmp	.-294    	; 0x1350 <main+0x132>

00001476 <ADC_init>:
 *******************************************************************************/

#include "ADC_interface.h"

void ADC_init(const ADC_ConfigType *Config_Ptr)
{
    1476:	df 93       	push	r29
    1478:	cf 93       	push	r28
    147a:	00 d0       	rcall	.+0      	; 0x147c <ADC_init+0x6>
    147c:	00 d0       	rcall	.+0      	; 0x147e <ADC_init+0x8>
    147e:	cd b7       	in	r28, 0x3d	; 61
    1480:	de b7       	in	r29, 0x3e	; 62
    1482:	9a 83       	std	Y+2, r25	; 0x02
    1484:	89 83       	std	Y+1, r24	; 0x01
	/* 1. Select Voltage Reference */
	switch (Config_Ptr->ref_volt)
    1486:	e9 81       	ldd	r30, Y+1	; 0x01
    1488:	fa 81       	ldd	r31, Y+2	; 0x02
    148a:	80 81       	ld	r24, Z
    148c:	28 2f       	mov	r18, r24
    148e:	30 e0       	ldi	r19, 0x00	; 0
    1490:	3c 83       	std	Y+4, r19	; 0x04
    1492:	2b 83       	std	Y+3, r18	; 0x03
    1494:	8b 81       	ldd	r24, Y+3	; 0x03
    1496:	9c 81       	ldd	r25, Y+4	; 0x04
    1498:	81 30       	cpi	r24, 0x01	; 1
    149a:	91 05       	cpc	r25, r1
    149c:	c1 f0       	breq	.+48     	; 0x14ce <ADC_init+0x58>
    149e:	2b 81       	ldd	r18, Y+3	; 0x03
    14a0:	3c 81       	ldd	r19, Y+4	; 0x04
    14a2:	22 30       	cpi	r18, 0x02	; 2
    14a4:	31 05       	cpc	r19, r1
    14a6:	11 f1       	breq	.+68     	; 0x14ec <ADC_init+0x76>
    14a8:	8b 81       	ldd	r24, Y+3	; 0x03
    14aa:	9c 81       	ldd	r25, Y+4	; 0x04
    14ac:	00 97       	sbiw	r24, 0x00	; 0
    14ae:	61 f5       	brne	.+88     	; 0x1508 <ADC_init+0x92>
	{
	case AREF_REF:
		CLEAR_BIT(ADMUX, REFS0);
    14b0:	a7 e2       	ldi	r26, 0x27	; 39
    14b2:	b0 e0       	ldi	r27, 0x00	; 0
    14b4:	e7 e2       	ldi	r30, 0x27	; 39
    14b6:	f0 e0       	ldi	r31, 0x00	; 0
    14b8:	80 81       	ld	r24, Z
    14ba:	8f 7b       	andi	r24, 0xBF	; 191
    14bc:	8c 93       	st	X, r24
		CLEAR_BIT(ADMUX, REFS1);
    14be:	a7 e2       	ldi	r26, 0x27	; 39
    14c0:	b0 e0       	ldi	r27, 0x00	; 0
    14c2:	e7 e2       	ldi	r30, 0x27	; 39
    14c4:	f0 e0       	ldi	r31, 0x00	; 0
    14c6:	80 81       	ld	r24, Z
    14c8:	8f 77       	andi	r24, 0x7F	; 127
    14ca:	8c 93       	st	X, r24
    14cc:	1d c0       	rjmp	.+58     	; 0x1508 <ADC_init+0x92>
		break;

	case AVCC_REF:
		SET_BIT(ADMUX, REFS0);
    14ce:	a7 e2       	ldi	r26, 0x27	; 39
    14d0:	b0 e0       	ldi	r27, 0x00	; 0
    14d2:	e7 e2       	ldi	r30, 0x27	; 39
    14d4:	f0 e0       	ldi	r31, 0x00	; 0
    14d6:	80 81       	ld	r24, Z
    14d8:	80 64       	ori	r24, 0x40	; 64
    14da:	8c 93       	st	X, r24
		CLEAR_BIT(ADMUX, REFS1);
    14dc:	a7 e2       	ldi	r26, 0x27	; 39
    14de:	b0 e0       	ldi	r27, 0x00	; 0
    14e0:	e7 e2       	ldi	r30, 0x27	; 39
    14e2:	f0 e0       	ldi	r31, 0x00	; 0
    14e4:	80 81       	ld	r24, Z
    14e6:	8f 77       	andi	r24, 0x7F	; 127
    14e8:	8c 93       	st	X, r24
    14ea:	0e c0       	rjmp	.+28     	; 0x1508 <ADC_init+0x92>
		break;

	case INTERNAL_REF:
		SET_BIT(ADMUX, REFS0);
    14ec:	a7 e2       	ldi	r26, 0x27	; 39
    14ee:	b0 e0       	ldi	r27, 0x00	; 0
    14f0:	e7 e2       	ldi	r30, 0x27	; 39
    14f2:	f0 e0       	ldi	r31, 0x00	; 0
    14f4:	80 81       	ld	r24, Z
    14f6:	80 64       	ori	r24, 0x40	; 64
    14f8:	8c 93       	st	X, r24
		SET_BIT(ADMUX, REFS1);
    14fa:	a7 e2       	ldi	r26, 0x27	; 39
    14fc:	b0 e0       	ldi	r27, 0x00	; 0
    14fe:	e7 e2       	ldi	r30, 0x27	; 39
    1500:	f0 e0       	ldi	r31, 0x00	; 0
    1502:	80 81       	ld	r24, Z
    1504:	80 68       	ori	r24, 0x80	; 128
    1506:	8c 93       	st	X, r24
		break;
	}


	CLEAR_BIT(ADMUX, ADLAR);
    1508:	a7 e2       	ldi	r26, 0x27	; 39
    150a:	b0 e0       	ldi	r27, 0x00	; 0
    150c:	e7 e2       	ldi	r30, 0x27	; 39
    150e:	f0 e0       	ldi	r31, 0x00	; 0
    1510:	80 81       	ld	r24, Z
    1512:	8f 7d       	andi	r24, 0xDF	; 223
    1514:	8c 93       	st	X, r24

	SET_BIT(ADCSRA, ADEN);
    1516:	a6 e2       	ldi	r26, 0x26	; 38
    1518:	b0 e0       	ldi	r27, 0x00	; 0
    151a:	e6 e2       	ldi	r30, 0x26	; 38
    151c:	f0 e0       	ldi	r31, 0x00	; 0
    151e:	80 81       	ld	r24, Z
    1520:	80 68       	ori	r24, 0x80	; 128
    1522:	8c 93       	st	X, r24

	ADCSRA &= 0xF8;
    1524:	a6 e2       	ldi	r26, 0x26	; 38
    1526:	b0 e0       	ldi	r27, 0x00	; 0
    1528:	e6 e2       	ldi	r30, 0x26	; 38
    152a:	f0 e0       	ldi	r31, 0x00	; 0
    152c:	80 81       	ld	r24, Z
    152e:	88 7f       	andi	r24, 0xF8	; 248
    1530:	8c 93       	st	X, r24
	ADCSRA |= (Config_Ptr->prescaler & 0x07);
    1532:	a6 e2       	ldi	r26, 0x26	; 38
    1534:	b0 e0       	ldi	r27, 0x00	; 0
    1536:	e6 e2       	ldi	r30, 0x26	; 38
    1538:	f0 e0       	ldi	r31, 0x00	; 0
    153a:	80 81       	ld	r24, Z
    153c:	98 2f       	mov	r25, r24
    153e:	e9 81       	ldd	r30, Y+1	; 0x01
    1540:	fa 81       	ldd	r31, Y+2	; 0x02
    1542:	81 81       	ldd	r24, Z+1	; 0x01
    1544:	87 70       	andi	r24, 0x07	; 7
    1546:	89 2b       	or	r24, r25
    1548:	8c 93       	st	X, r24

	CLEAR_BIT(ADCSRA, ADIE);
    154a:	a6 e2       	ldi	r26, 0x26	; 38
    154c:	b0 e0       	ldi	r27, 0x00	; 0
    154e:	e6 e2       	ldi	r30, 0x26	; 38
    1550:	f0 e0       	ldi	r31, 0x00	; 0
    1552:	80 81       	ld	r24, Z
    1554:	87 7f       	andi	r24, 0xF7	; 247
    1556:	8c 93       	st	X, r24
}
    1558:	0f 90       	pop	r0
    155a:	0f 90       	pop	r0
    155c:	0f 90       	pop	r0
    155e:	0f 90       	pop	r0
    1560:	cf 91       	pop	r28
    1562:	df 91       	pop	r29
    1564:	08 95       	ret

00001566 <ADC_readChannel>:

u16 ADC_readChannel(u8 channel)
{
    1566:	df 93       	push	r29
    1568:	cf 93       	push	r28
    156a:	0f 92       	push	r0
    156c:	cd b7       	in	r28, 0x3d	; 61
    156e:	de b7       	in	r29, 0x3e	; 62
    1570:	89 83       	std	Y+1, r24	; 0x01
	channel &= 0x07;
    1572:	89 81       	ldd	r24, Y+1	; 0x01
    1574:	87 70       	andi	r24, 0x07	; 7
    1576:	89 83       	std	Y+1, r24	; 0x01
	ADMUX = (ADMUX & 0xE0) | channel;
    1578:	a7 e2       	ldi	r26, 0x27	; 39
    157a:	b0 e0       	ldi	r27, 0x00	; 0
    157c:	e7 e2       	ldi	r30, 0x27	; 39
    157e:	f0 e0       	ldi	r31, 0x00	; 0
    1580:	80 81       	ld	r24, Z
    1582:	98 2f       	mov	r25, r24
    1584:	90 7e       	andi	r25, 0xE0	; 224
    1586:	89 81       	ldd	r24, Y+1	; 0x01
    1588:	89 2b       	or	r24, r25
    158a:	8c 93       	st	X, r24

	SET_BIT(ADCSRA, ADSC);
    158c:	a6 e2       	ldi	r26, 0x26	; 38
    158e:	b0 e0       	ldi	r27, 0x00	; 0
    1590:	e6 e2       	ldi	r30, 0x26	; 38
    1592:	f0 e0       	ldi	r31, 0x00	; 0
    1594:	80 81       	ld	r24, Z
    1596:	80 64       	ori	r24, 0x40	; 64
    1598:	8c 93       	st	X, r24

	while (BIT_IS_SET(ADCSRA, ADSC));
    159a:	e6 e2       	ldi	r30, 0x26	; 38
    159c:	f0 e0       	ldi	r31, 0x00	; 0
    159e:	80 81       	ld	r24, Z
    15a0:	88 2f       	mov	r24, r24
    15a2:	90 e0       	ldi	r25, 0x00	; 0
    15a4:	80 74       	andi	r24, 0x40	; 64
    15a6:	90 70       	andi	r25, 0x00	; 0
    15a8:	00 97       	sbiw	r24, 0x00	; 0
    15aa:	b9 f7       	brne	.-18     	; 0x159a <ADC_readChannel+0x34>

	SET_BIT(ADCSRA, ADIF);
    15ac:	a6 e2       	ldi	r26, 0x26	; 38
    15ae:	b0 e0       	ldi	r27, 0x00	; 0
    15b0:	e6 e2       	ldi	r30, 0x26	; 38
    15b2:	f0 e0       	ldi	r31, 0x00	; 0
    15b4:	80 81       	ld	r24, Z
    15b6:	80 61       	ori	r24, 0x10	; 16
    15b8:	8c 93       	st	X, r24

	return ADC;
    15ba:	e4 e2       	ldi	r30, 0x24	; 36
    15bc:	f0 e0       	ldi	r31, 0x00	; 0
    15be:	80 81       	ld	r24, Z
    15c0:	91 81       	ldd	r25, Z+1	; 0x01
}
    15c2:	0f 90       	pop	r0
    15c4:	cf 91       	pop	r28
    15c6:	df 91       	pop	r29
    15c8:	08 95       	ret

000015ca <GPIO_voidSetPortDirection>:
#include "../MACROS/macros.h"
#include "../MACROS/STD_types.h"
#include "GPIO_inteface.h"

void GPIO_voidSetPortDirection(u8 Copy_u8PortNum,u8 Copy_u8PortDirection)
{
    15ca:	df 93       	push	r29
    15cc:	cf 93       	push	r28
    15ce:	00 d0       	rcall	.+0      	; 0x15d0 <GPIO_voidSetPortDirection+0x6>
    15d0:	00 d0       	rcall	.+0      	; 0x15d2 <GPIO_voidSetPortDirection+0x8>
    15d2:	cd b7       	in	r28, 0x3d	; 61
    15d4:	de b7       	in	r29, 0x3e	; 62
    15d6:	89 83       	std	Y+1, r24	; 0x01
    15d8:	6a 83       	std	Y+2, r22	; 0x02
	switch(Copy_u8PortNum)
    15da:	89 81       	ldd	r24, Y+1	; 0x01
    15dc:	28 2f       	mov	r18, r24
    15de:	30 e0       	ldi	r19, 0x00	; 0
    15e0:	3c 83       	std	Y+4, r19	; 0x04
    15e2:	2b 83       	std	Y+3, r18	; 0x03
    15e4:	8b 81       	ldd	r24, Y+3	; 0x03
    15e6:	9c 81       	ldd	r25, Y+4	; 0x04
    15e8:	81 30       	cpi	r24, 0x01	; 1
    15ea:	91 05       	cpc	r25, r1
    15ec:	d1 f0       	breq	.+52     	; 0x1622 <GPIO_voidSetPortDirection+0x58>
    15ee:	2b 81       	ldd	r18, Y+3	; 0x03
    15f0:	3c 81       	ldd	r19, Y+4	; 0x04
    15f2:	22 30       	cpi	r18, 0x02	; 2
    15f4:	31 05       	cpc	r19, r1
    15f6:	2c f4       	brge	.+10     	; 0x1602 <GPIO_voidSetPortDirection+0x38>
    15f8:	8b 81       	ldd	r24, Y+3	; 0x03
    15fa:	9c 81       	ldd	r25, Y+4	; 0x04
    15fc:	00 97       	sbiw	r24, 0x00	; 0
    15fe:	61 f0       	breq	.+24     	; 0x1618 <GPIO_voidSetPortDirection+0x4e>
    1600:	1e c0       	rjmp	.+60     	; 0x163e <GPIO_voidSetPortDirection+0x74>
    1602:	2b 81       	ldd	r18, Y+3	; 0x03
    1604:	3c 81       	ldd	r19, Y+4	; 0x04
    1606:	22 30       	cpi	r18, 0x02	; 2
    1608:	31 05       	cpc	r19, r1
    160a:	81 f0       	breq	.+32     	; 0x162c <GPIO_voidSetPortDirection+0x62>
    160c:	8b 81       	ldd	r24, Y+3	; 0x03
    160e:	9c 81       	ldd	r25, Y+4	; 0x04
    1610:	83 30       	cpi	r24, 0x03	; 3
    1612:	91 05       	cpc	r25, r1
    1614:	81 f0       	breq	.+32     	; 0x1636 <GPIO_voidSetPortDirection+0x6c>
    1616:	13 c0       	rjmp	.+38     	; 0x163e <GPIO_voidSetPortDirection+0x74>
	{
	case PORT_u8A:DDRA=Copy_u8PortDirection;
    1618:	ea e3       	ldi	r30, 0x3A	; 58
    161a:	f0 e0       	ldi	r31, 0x00	; 0
    161c:	8a 81       	ldd	r24, Y+2	; 0x02
    161e:	80 83       	st	Z, r24
    1620:	0e c0       	rjmp	.+28     	; 0x163e <GPIO_voidSetPortDirection+0x74>
	break;
	case PORT_u8B:DDRB=Copy_u8PortDirection;
    1622:	e7 e3       	ldi	r30, 0x37	; 55
    1624:	f0 e0       	ldi	r31, 0x00	; 0
    1626:	8a 81       	ldd	r24, Y+2	; 0x02
    1628:	80 83       	st	Z, r24
    162a:	09 c0       	rjmp	.+18     	; 0x163e <GPIO_voidSetPortDirection+0x74>
	break;
	case PORT_u8C:DDRC=Copy_u8PortDirection;
    162c:	e4 e3       	ldi	r30, 0x34	; 52
    162e:	f0 e0       	ldi	r31, 0x00	; 0
    1630:	8a 81       	ldd	r24, Y+2	; 0x02
    1632:	80 83       	st	Z, r24
    1634:	04 c0       	rjmp	.+8      	; 0x163e <GPIO_voidSetPortDirection+0x74>
	break;
	case PORT_u8D:DDRD=Copy_u8PortDirection;
    1636:	e1 e3       	ldi	r30, 0x31	; 49
    1638:	f0 e0       	ldi	r31, 0x00	; 0
    163a:	8a 81       	ldd	r24, Y+2	; 0x02
    163c:	80 83       	st	Z, r24
	break;
	}
}
    163e:	0f 90       	pop	r0
    1640:	0f 90       	pop	r0
    1642:	0f 90       	pop	r0
    1644:	0f 90       	pop	r0
    1646:	cf 91       	pop	r28
    1648:	df 91       	pop	r29
    164a:	08 95       	ret

0000164c <GPIO_voidSetPinDirection>:
void GPIO_voidSetPinDirection(u8 Copy_u8PortNum,u8 Copy_u8PinNum,u8
		Copy_u8PinDirection)
{
    164c:	df 93       	push	r29
    164e:	cf 93       	push	r28
    1650:	cd b7       	in	r28, 0x3d	; 61
    1652:	de b7       	in	r29, 0x3e	; 62
    1654:	27 97       	sbiw	r28, 0x07	; 7
    1656:	0f b6       	in	r0, 0x3f	; 63
    1658:	f8 94       	cli
    165a:	de bf       	out	0x3e, r29	; 62
    165c:	0f be       	out	0x3f, r0	; 63
    165e:	cd bf       	out	0x3d, r28	; 61
    1660:	89 83       	std	Y+1, r24	; 0x01
    1662:	6a 83       	std	Y+2, r22	; 0x02
    1664:	4b 83       	std	Y+3, r20	; 0x03
	if(Copy_u8PinDirection==PIN_OUT)
    1666:	8b 81       	ldd	r24, Y+3	; 0x03
    1668:	81 30       	cpi	r24, 0x01	; 1
    166a:	09 f0       	breq	.+2      	; 0x166e <GPIO_voidSetPinDirection+0x22>
    166c:	6f c0       	rjmp	.+222    	; 0x174c <GPIO_voidSetPinDirection+0x100>
	{
		switch(Copy_u8PortNum)
    166e:	89 81       	ldd	r24, Y+1	; 0x01
    1670:	28 2f       	mov	r18, r24
    1672:	30 e0       	ldi	r19, 0x00	; 0
    1674:	3f 83       	std	Y+7, r19	; 0x07
    1676:	2e 83       	std	Y+6, r18	; 0x06
    1678:	8e 81       	ldd	r24, Y+6	; 0x06
    167a:	9f 81       	ldd	r25, Y+7	; 0x07
    167c:	81 30       	cpi	r24, 0x01	; 1
    167e:	91 05       	cpc	r25, r1
    1680:	49 f1       	breq	.+82     	; 0x16d4 <GPIO_voidSetPinDirection+0x88>
    1682:	2e 81       	ldd	r18, Y+6	; 0x06
    1684:	3f 81       	ldd	r19, Y+7	; 0x07
    1686:	22 30       	cpi	r18, 0x02	; 2
    1688:	31 05       	cpc	r19, r1
    168a:	2c f4       	brge	.+10     	; 0x1696 <GPIO_voidSetPinDirection+0x4a>
    168c:	8e 81       	ldd	r24, Y+6	; 0x06
    168e:	9f 81       	ldd	r25, Y+7	; 0x07
    1690:	00 97       	sbiw	r24, 0x00	; 0
    1692:	61 f0       	breq	.+24     	; 0x16ac <GPIO_voidSetPinDirection+0x60>
    1694:	d2 c0       	rjmp	.+420    	; 0x183a <GPIO_voidSetPinDirection+0x1ee>
    1696:	2e 81       	ldd	r18, Y+6	; 0x06
    1698:	3f 81       	ldd	r19, Y+7	; 0x07
    169a:	22 30       	cpi	r18, 0x02	; 2
    169c:	31 05       	cpc	r19, r1
    169e:	71 f1       	breq	.+92     	; 0x16fc <GPIO_voidSetPinDirection+0xb0>
    16a0:	8e 81       	ldd	r24, Y+6	; 0x06
    16a2:	9f 81       	ldd	r25, Y+7	; 0x07
    16a4:	83 30       	cpi	r24, 0x03	; 3
    16a6:	91 05       	cpc	r25, r1
    16a8:	e9 f1       	breq	.+122    	; 0x1724 <GPIO_voidSetPinDirection+0xd8>
    16aa:	c7 c0       	rjmp	.+398    	; 0x183a <GPIO_voidSetPinDirection+0x1ee>
		{
		case PORT_u8A:SET_BIT(DDRA,Copy_u8PinNum);
    16ac:	aa e3       	ldi	r26, 0x3A	; 58
    16ae:	b0 e0       	ldi	r27, 0x00	; 0
    16b0:	ea e3       	ldi	r30, 0x3A	; 58
    16b2:	f0 e0       	ldi	r31, 0x00	; 0
    16b4:	80 81       	ld	r24, Z
    16b6:	48 2f       	mov	r20, r24
    16b8:	8a 81       	ldd	r24, Y+2	; 0x02
    16ba:	28 2f       	mov	r18, r24
    16bc:	30 e0       	ldi	r19, 0x00	; 0
    16be:	81 e0       	ldi	r24, 0x01	; 1
    16c0:	90 e0       	ldi	r25, 0x00	; 0
    16c2:	02 2e       	mov	r0, r18
    16c4:	02 c0       	rjmp	.+4      	; 0x16ca <GPIO_voidSetPinDirection+0x7e>
    16c6:	88 0f       	add	r24, r24
    16c8:	99 1f       	adc	r25, r25
    16ca:	0a 94       	dec	r0
    16cc:	e2 f7       	brpl	.-8      	; 0x16c6 <GPIO_voidSetPinDirection+0x7a>
    16ce:	84 2b       	or	r24, r20
    16d0:	8c 93       	st	X, r24
    16d2:	b3 c0       	rjmp	.+358    	; 0x183a <GPIO_voidSetPinDirection+0x1ee>
		break;
		case PORT_u8B:SET_BIT(DDRB,Copy_u8PinNum);
    16d4:	a7 e3       	ldi	r26, 0x37	; 55
    16d6:	b0 e0       	ldi	r27, 0x00	; 0
    16d8:	e7 e3       	ldi	r30, 0x37	; 55
    16da:	f0 e0       	ldi	r31, 0x00	; 0
    16dc:	80 81       	ld	r24, Z
    16de:	48 2f       	mov	r20, r24
    16e0:	8a 81       	ldd	r24, Y+2	; 0x02
    16e2:	28 2f       	mov	r18, r24
    16e4:	30 e0       	ldi	r19, 0x00	; 0
    16e6:	81 e0       	ldi	r24, 0x01	; 1
    16e8:	90 e0       	ldi	r25, 0x00	; 0
    16ea:	02 2e       	mov	r0, r18
    16ec:	02 c0       	rjmp	.+4      	; 0x16f2 <GPIO_voidSetPinDirection+0xa6>
    16ee:	88 0f       	add	r24, r24
    16f0:	99 1f       	adc	r25, r25
    16f2:	0a 94       	dec	r0
    16f4:	e2 f7       	brpl	.-8      	; 0x16ee <GPIO_voidSetPinDirection+0xa2>
    16f6:	84 2b       	or	r24, r20
    16f8:	8c 93       	st	X, r24
    16fa:	9f c0       	rjmp	.+318    	; 0x183a <GPIO_voidSetPinDirection+0x1ee>
		break;
		case PORT_u8C:SET_BIT(DDRC,Copy_u8PinNum);
    16fc:	a4 e3       	ldi	r26, 0x34	; 52
    16fe:	b0 e0       	ldi	r27, 0x00	; 0
    1700:	e4 e3       	ldi	r30, 0x34	; 52
    1702:	f0 e0       	ldi	r31, 0x00	; 0
    1704:	80 81       	ld	r24, Z
    1706:	48 2f       	mov	r20, r24
    1708:	8a 81       	ldd	r24, Y+2	; 0x02
    170a:	28 2f       	mov	r18, r24
    170c:	30 e0       	ldi	r19, 0x00	; 0
    170e:	81 e0       	ldi	r24, 0x01	; 1
    1710:	90 e0       	ldi	r25, 0x00	; 0
    1712:	02 2e       	mov	r0, r18
    1714:	02 c0       	rjmp	.+4      	; 0x171a <GPIO_voidSetPinDirection+0xce>
    1716:	88 0f       	add	r24, r24
    1718:	99 1f       	adc	r25, r25
    171a:	0a 94       	dec	r0
    171c:	e2 f7       	brpl	.-8      	; 0x1716 <GPIO_voidSetPinDirection+0xca>
    171e:	84 2b       	or	r24, r20
    1720:	8c 93       	st	X, r24
    1722:	8b c0       	rjmp	.+278    	; 0x183a <GPIO_voidSetPinDirection+0x1ee>
		break;
		case PORT_u8D:SET_BIT(DDRD,Copy_u8PinNum);
    1724:	a1 e3       	ldi	r26, 0x31	; 49
    1726:	b0 e0       	ldi	r27, 0x00	; 0
    1728:	e1 e3       	ldi	r30, 0x31	; 49
    172a:	f0 e0       	ldi	r31, 0x00	; 0
    172c:	80 81       	ld	r24, Z
    172e:	48 2f       	mov	r20, r24
    1730:	8a 81       	ldd	r24, Y+2	; 0x02
    1732:	28 2f       	mov	r18, r24
    1734:	30 e0       	ldi	r19, 0x00	; 0
    1736:	81 e0       	ldi	r24, 0x01	; 1
    1738:	90 e0       	ldi	r25, 0x00	; 0
    173a:	02 2e       	mov	r0, r18
    173c:	02 c0       	rjmp	.+4      	; 0x1742 <GPIO_voidSetPinDirection+0xf6>
    173e:	88 0f       	add	r24, r24
    1740:	99 1f       	adc	r25, r25
    1742:	0a 94       	dec	r0
    1744:	e2 f7       	brpl	.-8      	; 0x173e <GPIO_voidSetPinDirection+0xf2>
    1746:	84 2b       	or	r24, r20
    1748:	8c 93       	st	X, r24
    174a:	77 c0       	rjmp	.+238    	; 0x183a <GPIO_voidSetPinDirection+0x1ee>
		break;
		}
	}
	else if(Copy_u8PinDirection==PIN_IN)
    174c:	8b 81       	ldd	r24, Y+3	; 0x03
    174e:	88 23       	and	r24, r24
    1750:	09 f0       	breq	.+2      	; 0x1754 <GPIO_voidSetPinDirection+0x108>
    1752:	73 c0       	rjmp	.+230    	; 0x183a <GPIO_voidSetPinDirection+0x1ee>
	{
		switch(Copy_u8PortNum)
    1754:	89 81       	ldd	r24, Y+1	; 0x01
    1756:	28 2f       	mov	r18, r24
    1758:	30 e0       	ldi	r19, 0x00	; 0
    175a:	3d 83       	std	Y+5, r19	; 0x05
    175c:	2c 83       	std	Y+4, r18	; 0x04
    175e:	8c 81       	ldd	r24, Y+4	; 0x04
    1760:	9d 81       	ldd	r25, Y+5	; 0x05
    1762:	81 30       	cpi	r24, 0x01	; 1
    1764:	91 05       	cpc	r25, r1
    1766:	59 f1       	breq	.+86     	; 0x17be <GPIO_voidSetPinDirection+0x172>
    1768:	2c 81       	ldd	r18, Y+4	; 0x04
    176a:	3d 81       	ldd	r19, Y+5	; 0x05
    176c:	22 30       	cpi	r18, 0x02	; 2
    176e:	31 05       	cpc	r19, r1
    1770:	2c f4       	brge	.+10     	; 0x177c <GPIO_voidSetPinDirection+0x130>
    1772:	8c 81       	ldd	r24, Y+4	; 0x04
    1774:	9d 81       	ldd	r25, Y+5	; 0x05
    1776:	00 97       	sbiw	r24, 0x00	; 0
    1778:	69 f0       	breq	.+26     	; 0x1794 <GPIO_voidSetPinDirection+0x148>
    177a:	5f c0       	rjmp	.+190    	; 0x183a <GPIO_voidSetPinDirection+0x1ee>
    177c:	2c 81       	ldd	r18, Y+4	; 0x04
    177e:	3d 81       	ldd	r19, Y+5	; 0x05
    1780:	22 30       	cpi	r18, 0x02	; 2
    1782:	31 05       	cpc	r19, r1
    1784:	89 f1       	breq	.+98     	; 0x17e8 <GPIO_voidSetPinDirection+0x19c>
    1786:	8c 81       	ldd	r24, Y+4	; 0x04
    1788:	9d 81       	ldd	r25, Y+5	; 0x05
    178a:	83 30       	cpi	r24, 0x03	; 3
    178c:	91 05       	cpc	r25, r1
    178e:	09 f4       	brne	.+2      	; 0x1792 <GPIO_voidSetPinDirection+0x146>
    1790:	40 c0       	rjmp	.+128    	; 0x1812 <GPIO_voidSetPinDirection+0x1c6>
    1792:	53 c0       	rjmp	.+166    	; 0x183a <GPIO_voidSetPinDirection+0x1ee>
		{
		case PORT_u8A:CLEAR_BIT(DDRA,Copy_u8PinNum);
    1794:	aa e3       	ldi	r26, 0x3A	; 58
    1796:	b0 e0       	ldi	r27, 0x00	; 0
    1798:	ea e3       	ldi	r30, 0x3A	; 58
    179a:	f0 e0       	ldi	r31, 0x00	; 0
    179c:	80 81       	ld	r24, Z
    179e:	48 2f       	mov	r20, r24
    17a0:	8a 81       	ldd	r24, Y+2	; 0x02
    17a2:	28 2f       	mov	r18, r24
    17a4:	30 e0       	ldi	r19, 0x00	; 0
    17a6:	81 e0       	ldi	r24, 0x01	; 1
    17a8:	90 e0       	ldi	r25, 0x00	; 0
    17aa:	02 2e       	mov	r0, r18
    17ac:	02 c0       	rjmp	.+4      	; 0x17b2 <GPIO_voidSetPinDirection+0x166>
    17ae:	88 0f       	add	r24, r24
    17b0:	99 1f       	adc	r25, r25
    17b2:	0a 94       	dec	r0
    17b4:	e2 f7       	brpl	.-8      	; 0x17ae <GPIO_voidSetPinDirection+0x162>
    17b6:	80 95       	com	r24
    17b8:	84 23       	and	r24, r20
    17ba:	8c 93       	st	X, r24
    17bc:	3e c0       	rjmp	.+124    	; 0x183a <GPIO_voidSetPinDirection+0x1ee>
		break;
		case PORT_u8B:CLEAR_BIT(DDRB,Copy_u8PinNum);
    17be:	a7 e3       	ldi	r26, 0x37	; 55
    17c0:	b0 e0       	ldi	r27, 0x00	; 0
    17c2:	e7 e3       	ldi	r30, 0x37	; 55
    17c4:	f0 e0       	ldi	r31, 0x00	; 0
    17c6:	80 81       	ld	r24, Z
    17c8:	48 2f       	mov	r20, r24
    17ca:	8a 81       	ldd	r24, Y+2	; 0x02
    17cc:	28 2f       	mov	r18, r24
    17ce:	30 e0       	ldi	r19, 0x00	; 0
    17d0:	81 e0       	ldi	r24, 0x01	; 1
    17d2:	90 e0       	ldi	r25, 0x00	; 0
    17d4:	02 2e       	mov	r0, r18
    17d6:	02 c0       	rjmp	.+4      	; 0x17dc <GPIO_voidSetPinDirection+0x190>
    17d8:	88 0f       	add	r24, r24
    17da:	99 1f       	adc	r25, r25
    17dc:	0a 94       	dec	r0
    17de:	e2 f7       	brpl	.-8      	; 0x17d8 <GPIO_voidSetPinDirection+0x18c>
    17e0:	80 95       	com	r24
    17e2:	84 23       	and	r24, r20
    17e4:	8c 93       	st	X, r24
    17e6:	29 c0       	rjmp	.+82     	; 0x183a <GPIO_voidSetPinDirection+0x1ee>
		break;
		case PORT_u8C:CLEAR_BIT(DDRC,Copy_u8PinNum);
    17e8:	a4 e3       	ldi	r26, 0x34	; 52
    17ea:	b0 e0       	ldi	r27, 0x00	; 0
    17ec:	e4 e3       	ldi	r30, 0x34	; 52
    17ee:	f0 e0       	ldi	r31, 0x00	; 0
    17f0:	80 81       	ld	r24, Z
    17f2:	48 2f       	mov	r20, r24
    17f4:	8a 81       	ldd	r24, Y+2	; 0x02
    17f6:	28 2f       	mov	r18, r24
    17f8:	30 e0       	ldi	r19, 0x00	; 0
    17fa:	81 e0       	ldi	r24, 0x01	; 1
    17fc:	90 e0       	ldi	r25, 0x00	; 0
    17fe:	02 2e       	mov	r0, r18
    1800:	02 c0       	rjmp	.+4      	; 0x1806 <GPIO_voidSetPinDirection+0x1ba>
    1802:	88 0f       	add	r24, r24
    1804:	99 1f       	adc	r25, r25
    1806:	0a 94       	dec	r0
    1808:	e2 f7       	brpl	.-8      	; 0x1802 <GPIO_voidSetPinDirection+0x1b6>
    180a:	80 95       	com	r24
    180c:	84 23       	and	r24, r20
    180e:	8c 93       	st	X, r24
    1810:	14 c0       	rjmp	.+40     	; 0x183a <GPIO_voidSetPinDirection+0x1ee>
		break;
		case PORT_u8D:CLEAR_BIT(DDRD,Copy_u8PinNum);
    1812:	a1 e3       	ldi	r26, 0x31	; 49
    1814:	b0 e0       	ldi	r27, 0x00	; 0
    1816:	e1 e3       	ldi	r30, 0x31	; 49
    1818:	f0 e0       	ldi	r31, 0x00	; 0
    181a:	80 81       	ld	r24, Z
    181c:	48 2f       	mov	r20, r24
    181e:	8a 81       	ldd	r24, Y+2	; 0x02
    1820:	28 2f       	mov	r18, r24
    1822:	30 e0       	ldi	r19, 0x00	; 0
    1824:	81 e0       	ldi	r24, 0x01	; 1
    1826:	90 e0       	ldi	r25, 0x00	; 0
    1828:	02 2e       	mov	r0, r18
    182a:	02 c0       	rjmp	.+4      	; 0x1830 <GPIO_voidSetPinDirection+0x1e4>
    182c:	88 0f       	add	r24, r24
    182e:	99 1f       	adc	r25, r25
    1830:	0a 94       	dec	r0
    1832:	e2 f7       	brpl	.-8      	; 0x182c <GPIO_voidSetPinDirection+0x1e0>
    1834:	80 95       	com	r24
    1836:	84 23       	and	r24, r20
    1838:	8c 93       	st	X, r24
		break;
		}
	}
}
    183a:	27 96       	adiw	r28, 0x07	; 7
    183c:	0f b6       	in	r0, 0x3f	; 63
    183e:	f8 94       	cli
    1840:	de bf       	out	0x3e, r29	; 62
    1842:	0f be       	out	0x3f, r0	; 63
    1844:	cd bf       	out	0x3d, r28	; 61
    1846:	cf 91       	pop	r28
    1848:	df 91       	pop	r29
    184a:	08 95       	ret

0000184c <GPIO_voidSetPortValue>:

void GPIO_voidSetPortValue(u8 Copy_u8PortNum,u8 Copy_u8PortValue)
{
    184c:	df 93       	push	r29
    184e:	cf 93       	push	r28
    1850:	00 d0       	rcall	.+0      	; 0x1852 <GPIO_voidSetPortValue+0x6>
    1852:	00 d0       	rcall	.+0      	; 0x1854 <GPIO_voidSetPortValue+0x8>
    1854:	cd b7       	in	r28, 0x3d	; 61
    1856:	de b7       	in	r29, 0x3e	; 62
    1858:	89 83       	std	Y+1, r24	; 0x01
    185a:	6a 83       	std	Y+2, r22	; 0x02
	switch(Copy_u8PortNum)
    185c:	89 81       	ldd	r24, Y+1	; 0x01
    185e:	28 2f       	mov	r18, r24
    1860:	30 e0       	ldi	r19, 0x00	; 0
    1862:	3c 83       	std	Y+4, r19	; 0x04
    1864:	2b 83       	std	Y+3, r18	; 0x03
    1866:	8b 81       	ldd	r24, Y+3	; 0x03
    1868:	9c 81       	ldd	r25, Y+4	; 0x04
    186a:	81 30       	cpi	r24, 0x01	; 1
    186c:	91 05       	cpc	r25, r1
    186e:	d1 f0       	breq	.+52     	; 0x18a4 <GPIO_voidSetPortValue+0x58>
    1870:	2b 81       	ldd	r18, Y+3	; 0x03
    1872:	3c 81       	ldd	r19, Y+4	; 0x04
    1874:	22 30       	cpi	r18, 0x02	; 2
    1876:	31 05       	cpc	r19, r1
    1878:	2c f4       	brge	.+10     	; 0x1884 <GPIO_voidSetPortValue+0x38>
    187a:	8b 81       	ldd	r24, Y+3	; 0x03
    187c:	9c 81       	ldd	r25, Y+4	; 0x04
    187e:	00 97       	sbiw	r24, 0x00	; 0
    1880:	61 f0       	breq	.+24     	; 0x189a <GPIO_voidSetPortValue+0x4e>
    1882:	1e c0       	rjmp	.+60     	; 0x18c0 <GPIO_voidSetPortValue+0x74>
    1884:	2b 81       	ldd	r18, Y+3	; 0x03
    1886:	3c 81       	ldd	r19, Y+4	; 0x04
    1888:	22 30       	cpi	r18, 0x02	; 2
    188a:	31 05       	cpc	r19, r1
    188c:	81 f0       	breq	.+32     	; 0x18ae <GPIO_voidSetPortValue+0x62>
    188e:	8b 81       	ldd	r24, Y+3	; 0x03
    1890:	9c 81       	ldd	r25, Y+4	; 0x04
    1892:	83 30       	cpi	r24, 0x03	; 3
    1894:	91 05       	cpc	r25, r1
    1896:	81 f0       	breq	.+32     	; 0x18b8 <GPIO_voidSetPortValue+0x6c>
    1898:	13 c0       	rjmp	.+38     	; 0x18c0 <GPIO_voidSetPortValue+0x74>
	{
	case PORT_u8A:PORTA=Copy_u8PortValue;
    189a:	eb e3       	ldi	r30, 0x3B	; 59
    189c:	f0 e0       	ldi	r31, 0x00	; 0
    189e:	8a 81       	ldd	r24, Y+2	; 0x02
    18a0:	80 83       	st	Z, r24
    18a2:	0e c0       	rjmp	.+28     	; 0x18c0 <GPIO_voidSetPortValue+0x74>
	break;
	case PORT_u8B:PORTB=Copy_u8PortValue;
    18a4:	e8 e3       	ldi	r30, 0x38	; 56
    18a6:	f0 e0       	ldi	r31, 0x00	; 0
    18a8:	8a 81       	ldd	r24, Y+2	; 0x02
    18aa:	80 83       	st	Z, r24
    18ac:	09 c0       	rjmp	.+18     	; 0x18c0 <GPIO_voidSetPortValue+0x74>
	break;
	case PORT_u8C:PORTC=Copy_u8PortValue;
    18ae:	e5 e3       	ldi	r30, 0x35	; 53
    18b0:	f0 e0       	ldi	r31, 0x00	; 0
    18b2:	8a 81       	ldd	r24, Y+2	; 0x02
    18b4:	80 83       	st	Z, r24
    18b6:	04 c0       	rjmp	.+8      	; 0x18c0 <GPIO_voidSetPortValue+0x74>
	break;
	case PORT_u8D:PORTD=Copy_u8PortValue;
    18b8:	e2 e3       	ldi	r30, 0x32	; 50
    18ba:	f0 e0       	ldi	r31, 0x00	; 0
    18bc:	8a 81       	ldd	r24, Y+2	; 0x02
    18be:	80 83       	st	Z, r24
	break;
	}
}
    18c0:	0f 90       	pop	r0
    18c2:	0f 90       	pop	r0
    18c4:	0f 90       	pop	r0
    18c6:	0f 90       	pop	r0
    18c8:	cf 91       	pop	r28
    18ca:	df 91       	pop	r29
    18cc:	08 95       	ret

000018ce <GPIO_voidSetPinValue>:
void GPIO_voidSetPinValue(u8 Copy_u8PortNum,u8 Copy_u8PinNum,u8 Copy_u8PinValue)
{
    18ce:	df 93       	push	r29
    18d0:	cf 93       	push	r28
    18d2:	cd b7       	in	r28, 0x3d	; 61
    18d4:	de b7       	in	r29, 0x3e	; 62
    18d6:	27 97       	sbiw	r28, 0x07	; 7
    18d8:	0f b6       	in	r0, 0x3f	; 63
    18da:	f8 94       	cli
    18dc:	de bf       	out	0x3e, r29	; 62
    18de:	0f be       	out	0x3f, r0	; 63
    18e0:	cd bf       	out	0x3d, r28	; 61
    18e2:	89 83       	std	Y+1, r24	; 0x01
    18e4:	6a 83       	std	Y+2, r22	; 0x02
    18e6:	4b 83       	std	Y+3, r20	; 0x03
	if(Copy_u8PinValue==PIN_HIGH)
    18e8:	8b 81       	ldd	r24, Y+3	; 0x03
    18ea:	81 30       	cpi	r24, 0x01	; 1
    18ec:	09 f0       	breq	.+2      	; 0x18f0 <GPIO_voidSetPinValue+0x22>
    18ee:	6f c0       	rjmp	.+222    	; 0x19ce <GPIO_voidSetPinValue+0x100>
	{
		switch(Copy_u8PortNum)
    18f0:	89 81       	ldd	r24, Y+1	; 0x01
    18f2:	28 2f       	mov	r18, r24
    18f4:	30 e0       	ldi	r19, 0x00	; 0
    18f6:	3f 83       	std	Y+7, r19	; 0x07
    18f8:	2e 83       	std	Y+6, r18	; 0x06
    18fa:	8e 81       	ldd	r24, Y+6	; 0x06
    18fc:	9f 81       	ldd	r25, Y+7	; 0x07
    18fe:	81 30       	cpi	r24, 0x01	; 1
    1900:	91 05       	cpc	r25, r1
    1902:	49 f1       	breq	.+82     	; 0x1956 <GPIO_voidSetPinValue+0x88>
    1904:	2e 81       	ldd	r18, Y+6	; 0x06
    1906:	3f 81       	ldd	r19, Y+7	; 0x07
    1908:	22 30       	cpi	r18, 0x02	; 2
    190a:	31 05       	cpc	r19, r1
    190c:	2c f4       	brge	.+10     	; 0x1918 <GPIO_voidSetPinValue+0x4a>
    190e:	8e 81       	ldd	r24, Y+6	; 0x06
    1910:	9f 81       	ldd	r25, Y+7	; 0x07
    1912:	00 97       	sbiw	r24, 0x00	; 0
    1914:	61 f0       	breq	.+24     	; 0x192e <GPIO_voidSetPinValue+0x60>
    1916:	d2 c0       	rjmp	.+420    	; 0x1abc <GPIO_voidSetPinValue+0x1ee>
    1918:	2e 81       	ldd	r18, Y+6	; 0x06
    191a:	3f 81       	ldd	r19, Y+7	; 0x07
    191c:	22 30       	cpi	r18, 0x02	; 2
    191e:	31 05       	cpc	r19, r1
    1920:	71 f1       	breq	.+92     	; 0x197e <GPIO_voidSetPinValue+0xb0>
    1922:	8e 81       	ldd	r24, Y+6	; 0x06
    1924:	9f 81       	ldd	r25, Y+7	; 0x07
    1926:	83 30       	cpi	r24, 0x03	; 3
    1928:	91 05       	cpc	r25, r1
    192a:	e9 f1       	breq	.+122    	; 0x19a6 <GPIO_voidSetPinValue+0xd8>
    192c:	c7 c0       	rjmp	.+398    	; 0x1abc <GPIO_voidSetPinValue+0x1ee>
		{
		case PORT_u8A:SET_BIT(PORTA,Copy_u8PinNum);
    192e:	ab e3       	ldi	r26, 0x3B	; 59
    1930:	b0 e0       	ldi	r27, 0x00	; 0
    1932:	eb e3       	ldi	r30, 0x3B	; 59
    1934:	f0 e0       	ldi	r31, 0x00	; 0
    1936:	80 81       	ld	r24, Z
    1938:	48 2f       	mov	r20, r24
    193a:	8a 81       	ldd	r24, Y+2	; 0x02
    193c:	28 2f       	mov	r18, r24
    193e:	30 e0       	ldi	r19, 0x00	; 0
    1940:	81 e0       	ldi	r24, 0x01	; 1
    1942:	90 e0       	ldi	r25, 0x00	; 0
    1944:	02 2e       	mov	r0, r18
    1946:	02 c0       	rjmp	.+4      	; 0x194c <GPIO_voidSetPinValue+0x7e>
    1948:	88 0f       	add	r24, r24
    194a:	99 1f       	adc	r25, r25
    194c:	0a 94       	dec	r0
    194e:	e2 f7       	brpl	.-8      	; 0x1948 <GPIO_voidSetPinValue+0x7a>
    1950:	84 2b       	or	r24, r20
    1952:	8c 93       	st	X, r24
    1954:	b3 c0       	rjmp	.+358    	; 0x1abc <GPIO_voidSetPinValue+0x1ee>
		break;
		case PORT_u8B:SET_BIT(PORTB,Copy_u8PinNum);
    1956:	a8 e3       	ldi	r26, 0x38	; 56
    1958:	b0 e0       	ldi	r27, 0x00	; 0
    195a:	e8 e3       	ldi	r30, 0x38	; 56
    195c:	f0 e0       	ldi	r31, 0x00	; 0
    195e:	80 81       	ld	r24, Z
    1960:	48 2f       	mov	r20, r24
    1962:	8a 81       	ldd	r24, Y+2	; 0x02
    1964:	28 2f       	mov	r18, r24
    1966:	30 e0       	ldi	r19, 0x00	; 0
    1968:	81 e0       	ldi	r24, 0x01	; 1
    196a:	90 e0       	ldi	r25, 0x00	; 0
    196c:	02 2e       	mov	r0, r18
    196e:	02 c0       	rjmp	.+4      	; 0x1974 <GPIO_voidSetPinValue+0xa6>
    1970:	88 0f       	add	r24, r24
    1972:	99 1f       	adc	r25, r25
    1974:	0a 94       	dec	r0
    1976:	e2 f7       	brpl	.-8      	; 0x1970 <GPIO_voidSetPinValue+0xa2>
    1978:	84 2b       	or	r24, r20
    197a:	8c 93       	st	X, r24
    197c:	9f c0       	rjmp	.+318    	; 0x1abc <GPIO_voidSetPinValue+0x1ee>
		break;
		case PORT_u8C:SET_BIT(PORTC,Copy_u8PinNum);
    197e:	a5 e3       	ldi	r26, 0x35	; 53
    1980:	b0 e0       	ldi	r27, 0x00	; 0
    1982:	e5 e3       	ldi	r30, 0x35	; 53
    1984:	f0 e0       	ldi	r31, 0x00	; 0
    1986:	80 81       	ld	r24, Z
    1988:	48 2f       	mov	r20, r24
    198a:	8a 81       	ldd	r24, Y+2	; 0x02
    198c:	28 2f       	mov	r18, r24
    198e:	30 e0       	ldi	r19, 0x00	; 0
    1990:	81 e0       	ldi	r24, 0x01	; 1
    1992:	90 e0       	ldi	r25, 0x00	; 0
    1994:	02 2e       	mov	r0, r18
    1996:	02 c0       	rjmp	.+4      	; 0x199c <GPIO_voidSetPinValue+0xce>
    1998:	88 0f       	add	r24, r24
    199a:	99 1f       	adc	r25, r25
    199c:	0a 94       	dec	r0
    199e:	e2 f7       	brpl	.-8      	; 0x1998 <GPIO_voidSetPinValue+0xca>
    19a0:	84 2b       	or	r24, r20
    19a2:	8c 93       	st	X, r24
    19a4:	8b c0       	rjmp	.+278    	; 0x1abc <GPIO_voidSetPinValue+0x1ee>
		break;
		case PORT_u8D:SET_BIT(PORTD,Copy_u8PinNum);
    19a6:	a2 e3       	ldi	r26, 0x32	; 50
    19a8:	b0 e0       	ldi	r27, 0x00	; 0
    19aa:	e2 e3       	ldi	r30, 0x32	; 50
    19ac:	f0 e0       	ldi	r31, 0x00	; 0
    19ae:	80 81       	ld	r24, Z
    19b0:	48 2f       	mov	r20, r24
    19b2:	8a 81       	ldd	r24, Y+2	; 0x02
    19b4:	28 2f       	mov	r18, r24
    19b6:	30 e0       	ldi	r19, 0x00	; 0
    19b8:	81 e0       	ldi	r24, 0x01	; 1
    19ba:	90 e0       	ldi	r25, 0x00	; 0
    19bc:	02 2e       	mov	r0, r18
    19be:	02 c0       	rjmp	.+4      	; 0x19c4 <GPIO_voidSetPinValue+0xf6>
    19c0:	88 0f       	add	r24, r24
    19c2:	99 1f       	adc	r25, r25
    19c4:	0a 94       	dec	r0
    19c6:	e2 f7       	brpl	.-8      	; 0x19c0 <GPIO_voidSetPinValue+0xf2>
    19c8:	84 2b       	or	r24, r20
    19ca:	8c 93       	st	X, r24
    19cc:	77 c0       	rjmp	.+238    	; 0x1abc <GPIO_voidSetPinValue+0x1ee>
		break;
		}
	}
	else if(Copy_u8PinValue==PIN_LOW)
    19ce:	8b 81       	ldd	r24, Y+3	; 0x03
    19d0:	88 23       	and	r24, r24
    19d2:	09 f0       	breq	.+2      	; 0x19d6 <GPIO_voidSetPinValue+0x108>
    19d4:	73 c0       	rjmp	.+230    	; 0x1abc <GPIO_voidSetPinValue+0x1ee>
	{
		switch(Copy_u8PortNum)
    19d6:	89 81       	ldd	r24, Y+1	; 0x01
    19d8:	28 2f       	mov	r18, r24
    19da:	30 e0       	ldi	r19, 0x00	; 0
    19dc:	3d 83       	std	Y+5, r19	; 0x05
    19de:	2c 83       	std	Y+4, r18	; 0x04
    19e0:	8c 81       	ldd	r24, Y+4	; 0x04
    19e2:	9d 81       	ldd	r25, Y+5	; 0x05
    19e4:	81 30       	cpi	r24, 0x01	; 1
    19e6:	91 05       	cpc	r25, r1
    19e8:	59 f1       	breq	.+86     	; 0x1a40 <GPIO_voidSetPinValue+0x172>
    19ea:	2c 81       	ldd	r18, Y+4	; 0x04
    19ec:	3d 81       	ldd	r19, Y+5	; 0x05
    19ee:	22 30       	cpi	r18, 0x02	; 2
    19f0:	31 05       	cpc	r19, r1
    19f2:	2c f4       	brge	.+10     	; 0x19fe <GPIO_voidSetPinValue+0x130>
    19f4:	8c 81       	ldd	r24, Y+4	; 0x04
    19f6:	9d 81       	ldd	r25, Y+5	; 0x05
    19f8:	00 97       	sbiw	r24, 0x00	; 0
    19fa:	69 f0       	breq	.+26     	; 0x1a16 <GPIO_voidSetPinValue+0x148>
    19fc:	5f c0       	rjmp	.+190    	; 0x1abc <GPIO_voidSetPinValue+0x1ee>
    19fe:	2c 81       	ldd	r18, Y+4	; 0x04
    1a00:	3d 81       	ldd	r19, Y+5	; 0x05
    1a02:	22 30       	cpi	r18, 0x02	; 2
    1a04:	31 05       	cpc	r19, r1
    1a06:	89 f1       	breq	.+98     	; 0x1a6a <GPIO_voidSetPinValue+0x19c>
    1a08:	8c 81       	ldd	r24, Y+4	; 0x04
    1a0a:	9d 81       	ldd	r25, Y+5	; 0x05
    1a0c:	83 30       	cpi	r24, 0x03	; 3
    1a0e:	91 05       	cpc	r25, r1
    1a10:	09 f4       	brne	.+2      	; 0x1a14 <GPIO_voidSetPinValue+0x146>
    1a12:	40 c0       	rjmp	.+128    	; 0x1a94 <GPIO_voidSetPinValue+0x1c6>
    1a14:	53 c0       	rjmp	.+166    	; 0x1abc <GPIO_voidSetPinValue+0x1ee>
		{
		case PORT_u8A:CLEAR_BIT(PORTA,Copy_u8PinNum);
    1a16:	ab e3       	ldi	r26, 0x3B	; 59
    1a18:	b0 e0       	ldi	r27, 0x00	; 0
    1a1a:	eb e3       	ldi	r30, 0x3B	; 59
    1a1c:	f0 e0       	ldi	r31, 0x00	; 0
    1a1e:	80 81       	ld	r24, Z
    1a20:	48 2f       	mov	r20, r24
    1a22:	8a 81       	ldd	r24, Y+2	; 0x02
    1a24:	28 2f       	mov	r18, r24
    1a26:	30 e0       	ldi	r19, 0x00	; 0
    1a28:	81 e0       	ldi	r24, 0x01	; 1
    1a2a:	90 e0       	ldi	r25, 0x00	; 0
    1a2c:	02 2e       	mov	r0, r18
    1a2e:	02 c0       	rjmp	.+4      	; 0x1a34 <GPIO_voidSetPinValue+0x166>
    1a30:	88 0f       	add	r24, r24
    1a32:	99 1f       	adc	r25, r25
    1a34:	0a 94       	dec	r0
    1a36:	e2 f7       	brpl	.-8      	; 0x1a30 <GPIO_voidSetPinValue+0x162>
    1a38:	80 95       	com	r24
    1a3a:	84 23       	and	r24, r20
    1a3c:	8c 93       	st	X, r24
    1a3e:	3e c0       	rjmp	.+124    	; 0x1abc <GPIO_voidSetPinValue+0x1ee>
		break;
		case PORT_u8B:CLEAR_BIT(PORTB,Copy_u8PinNum);
    1a40:	a8 e3       	ldi	r26, 0x38	; 56
    1a42:	b0 e0       	ldi	r27, 0x00	; 0
    1a44:	e8 e3       	ldi	r30, 0x38	; 56
    1a46:	f0 e0       	ldi	r31, 0x00	; 0
    1a48:	80 81       	ld	r24, Z
    1a4a:	48 2f       	mov	r20, r24
    1a4c:	8a 81       	ldd	r24, Y+2	; 0x02
    1a4e:	28 2f       	mov	r18, r24
    1a50:	30 e0       	ldi	r19, 0x00	; 0
    1a52:	81 e0       	ldi	r24, 0x01	; 1
    1a54:	90 e0       	ldi	r25, 0x00	; 0
    1a56:	02 2e       	mov	r0, r18
    1a58:	02 c0       	rjmp	.+4      	; 0x1a5e <GPIO_voidSetPinValue+0x190>
    1a5a:	88 0f       	add	r24, r24
    1a5c:	99 1f       	adc	r25, r25
    1a5e:	0a 94       	dec	r0
    1a60:	e2 f7       	brpl	.-8      	; 0x1a5a <GPIO_voidSetPinValue+0x18c>
    1a62:	80 95       	com	r24
    1a64:	84 23       	and	r24, r20
    1a66:	8c 93       	st	X, r24
    1a68:	29 c0       	rjmp	.+82     	; 0x1abc <GPIO_voidSetPinValue+0x1ee>
		break;
		case PORT_u8C:CLEAR_BIT(PORTC,Copy_u8PinNum);
    1a6a:	a5 e3       	ldi	r26, 0x35	; 53
    1a6c:	b0 e0       	ldi	r27, 0x00	; 0
    1a6e:	e5 e3       	ldi	r30, 0x35	; 53
    1a70:	f0 e0       	ldi	r31, 0x00	; 0
    1a72:	80 81       	ld	r24, Z
    1a74:	48 2f       	mov	r20, r24
    1a76:	8a 81       	ldd	r24, Y+2	; 0x02
    1a78:	28 2f       	mov	r18, r24
    1a7a:	30 e0       	ldi	r19, 0x00	; 0
    1a7c:	81 e0       	ldi	r24, 0x01	; 1
    1a7e:	90 e0       	ldi	r25, 0x00	; 0
    1a80:	02 2e       	mov	r0, r18
    1a82:	02 c0       	rjmp	.+4      	; 0x1a88 <GPIO_voidSetPinValue+0x1ba>
    1a84:	88 0f       	add	r24, r24
    1a86:	99 1f       	adc	r25, r25
    1a88:	0a 94       	dec	r0
    1a8a:	e2 f7       	brpl	.-8      	; 0x1a84 <GPIO_voidSetPinValue+0x1b6>
    1a8c:	80 95       	com	r24
    1a8e:	84 23       	and	r24, r20
    1a90:	8c 93       	st	X, r24
    1a92:	14 c0       	rjmp	.+40     	; 0x1abc <GPIO_voidSetPinValue+0x1ee>
		break;
		case PORT_u8D:CLEAR_BIT(PORTD,Copy_u8PinNum);
    1a94:	a2 e3       	ldi	r26, 0x32	; 50
    1a96:	b0 e0       	ldi	r27, 0x00	; 0
    1a98:	e2 e3       	ldi	r30, 0x32	; 50
    1a9a:	f0 e0       	ldi	r31, 0x00	; 0
    1a9c:	80 81       	ld	r24, Z
    1a9e:	48 2f       	mov	r20, r24
    1aa0:	8a 81       	ldd	r24, Y+2	; 0x02
    1aa2:	28 2f       	mov	r18, r24
    1aa4:	30 e0       	ldi	r19, 0x00	; 0
    1aa6:	81 e0       	ldi	r24, 0x01	; 1
    1aa8:	90 e0       	ldi	r25, 0x00	; 0
    1aaa:	02 2e       	mov	r0, r18
    1aac:	02 c0       	rjmp	.+4      	; 0x1ab2 <GPIO_voidSetPinValue+0x1e4>
    1aae:	88 0f       	add	r24, r24
    1ab0:	99 1f       	adc	r25, r25
    1ab2:	0a 94       	dec	r0
    1ab4:	e2 f7       	brpl	.-8      	; 0x1aae <GPIO_voidSetPinValue+0x1e0>
    1ab6:	80 95       	com	r24
    1ab8:	84 23       	and	r24, r20
    1aba:	8c 93       	st	X, r24
		break;
		}
	}
}
    1abc:	27 96       	adiw	r28, 0x07	; 7
    1abe:	0f b6       	in	r0, 0x3f	; 63
    1ac0:	f8 94       	cli
    1ac2:	de bf       	out	0x3e, r29	; 62
    1ac4:	0f be       	out	0x3f, r0	; 63
    1ac6:	cd bf       	out	0x3d, r28	; 61
    1ac8:	cf 91       	pop	r28
    1aca:	df 91       	pop	r29
    1acc:	08 95       	ret

00001ace <GPIO_u8GetPinValue>:

u8 GPIO_u8GetPinValue(u8 Copy_u8PortNum,u8 Copy_u8PinNum)
{
    1ace:	df 93       	push	r29
    1ad0:	cf 93       	push	r28
    1ad2:	00 d0       	rcall	.+0      	; 0x1ad4 <GPIO_u8GetPinValue+0x6>
    1ad4:	00 d0       	rcall	.+0      	; 0x1ad6 <GPIO_u8GetPinValue+0x8>
    1ad6:	0f 92       	push	r0
    1ad8:	cd b7       	in	r28, 0x3d	; 61
    1ada:	de b7       	in	r29, 0x3e	; 62
    1adc:	8a 83       	std	Y+2, r24	; 0x02
    1ade:	6b 83       	std	Y+3, r22	; 0x03
	u8 Local_u8PinState=0;
    1ae0:	19 82       	std	Y+1, r1	; 0x01
	switch(Copy_u8PortNum)
    1ae2:	8a 81       	ldd	r24, Y+2	; 0x02
    1ae4:	28 2f       	mov	r18, r24
    1ae6:	30 e0       	ldi	r19, 0x00	; 0
    1ae8:	3d 83       	std	Y+5, r19	; 0x05
    1aea:	2c 83       	std	Y+4, r18	; 0x04
    1aec:	4c 81       	ldd	r20, Y+4	; 0x04
    1aee:	5d 81       	ldd	r21, Y+5	; 0x05
    1af0:	41 30       	cpi	r20, 0x01	; 1
    1af2:	51 05       	cpc	r21, r1
    1af4:	41 f1       	breq	.+80     	; 0x1b46 <GPIO_u8GetPinValue+0x78>
    1af6:	8c 81       	ldd	r24, Y+4	; 0x04
    1af8:	9d 81       	ldd	r25, Y+5	; 0x05
    1afa:	82 30       	cpi	r24, 0x02	; 2
    1afc:	91 05       	cpc	r25, r1
    1afe:	34 f4       	brge	.+12     	; 0x1b0c <GPIO_u8GetPinValue+0x3e>
    1b00:	2c 81       	ldd	r18, Y+4	; 0x04
    1b02:	3d 81       	ldd	r19, Y+5	; 0x05
    1b04:	21 15       	cp	r18, r1
    1b06:	31 05       	cpc	r19, r1
    1b08:	61 f0       	breq	.+24     	; 0x1b22 <GPIO_u8GetPinValue+0x54>
    1b0a:	52 c0       	rjmp	.+164    	; 0x1bb0 <GPIO_u8GetPinValue+0xe2>
    1b0c:	4c 81       	ldd	r20, Y+4	; 0x04
    1b0e:	5d 81       	ldd	r21, Y+5	; 0x05
    1b10:	42 30       	cpi	r20, 0x02	; 2
    1b12:	51 05       	cpc	r21, r1
    1b14:	51 f1       	breq	.+84     	; 0x1b6a <GPIO_u8GetPinValue+0x9c>
    1b16:	8c 81       	ldd	r24, Y+4	; 0x04
    1b18:	9d 81       	ldd	r25, Y+5	; 0x05
    1b1a:	83 30       	cpi	r24, 0x03	; 3
    1b1c:	91 05       	cpc	r25, r1
    1b1e:	b9 f1       	breq	.+110    	; 0x1b8e <GPIO_u8GetPinValue+0xc0>
    1b20:	47 c0       	rjmp	.+142    	; 0x1bb0 <GPIO_u8GetPinValue+0xe2>
	{
	case PORT_u8A:Local_u8PinState=GET_BIT(PINA,Copy_u8PinNum);
    1b22:	e9 e3       	ldi	r30, 0x39	; 57
    1b24:	f0 e0       	ldi	r31, 0x00	; 0
    1b26:	80 81       	ld	r24, Z
    1b28:	28 2f       	mov	r18, r24
    1b2a:	30 e0       	ldi	r19, 0x00	; 0
    1b2c:	8b 81       	ldd	r24, Y+3	; 0x03
    1b2e:	88 2f       	mov	r24, r24
    1b30:	90 e0       	ldi	r25, 0x00	; 0
    1b32:	a9 01       	movw	r20, r18
    1b34:	02 c0       	rjmp	.+4      	; 0x1b3a <GPIO_u8GetPinValue+0x6c>
    1b36:	55 95       	asr	r21
    1b38:	47 95       	ror	r20
    1b3a:	8a 95       	dec	r24
    1b3c:	e2 f7       	brpl	.-8      	; 0x1b36 <GPIO_u8GetPinValue+0x68>
    1b3e:	ca 01       	movw	r24, r20
    1b40:	81 70       	andi	r24, 0x01	; 1
    1b42:	89 83       	std	Y+1, r24	; 0x01
    1b44:	35 c0       	rjmp	.+106    	; 0x1bb0 <GPIO_u8GetPinValue+0xe2>
	break;
	case PORT_u8B:Local_u8PinState=GET_BIT(PINB,Copy_u8PinNum);
    1b46:	e6 e3       	ldi	r30, 0x36	; 54
    1b48:	f0 e0       	ldi	r31, 0x00	; 0
    1b4a:	80 81       	ld	r24, Z
    1b4c:	28 2f       	mov	r18, r24
    1b4e:	30 e0       	ldi	r19, 0x00	; 0
    1b50:	8b 81       	ldd	r24, Y+3	; 0x03
    1b52:	88 2f       	mov	r24, r24
    1b54:	90 e0       	ldi	r25, 0x00	; 0
    1b56:	a9 01       	movw	r20, r18
    1b58:	02 c0       	rjmp	.+4      	; 0x1b5e <GPIO_u8GetPinValue+0x90>
    1b5a:	55 95       	asr	r21
    1b5c:	47 95       	ror	r20
    1b5e:	8a 95       	dec	r24
    1b60:	e2 f7       	brpl	.-8      	; 0x1b5a <GPIO_u8GetPinValue+0x8c>
    1b62:	ca 01       	movw	r24, r20
    1b64:	81 70       	andi	r24, 0x01	; 1
    1b66:	89 83       	std	Y+1, r24	; 0x01
    1b68:	23 c0       	rjmp	.+70     	; 0x1bb0 <GPIO_u8GetPinValue+0xe2>
	break;
	case PORT_u8C:Local_u8PinState=GET_BIT(PINC,Copy_u8PinNum);
    1b6a:	e3 e3       	ldi	r30, 0x33	; 51
    1b6c:	f0 e0       	ldi	r31, 0x00	; 0
    1b6e:	80 81       	ld	r24, Z
    1b70:	28 2f       	mov	r18, r24
    1b72:	30 e0       	ldi	r19, 0x00	; 0
    1b74:	8b 81       	ldd	r24, Y+3	; 0x03
    1b76:	88 2f       	mov	r24, r24
    1b78:	90 e0       	ldi	r25, 0x00	; 0
    1b7a:	a9 01       	movw	r20, r18
    1b7c:	02 c0       	rjmp	.+4      	; 0x1b82 <GPIO_u8GetPinValue+0xb4>
    1b7e:	55 95       	asr	r21
    1b80:	47 95       	ror	r20
    1b82:	8a 95       	dec	r24
    1b84:	e2 f7       	brpl	.-8      	; 0x1b7e <GPIO_u8GetPinValue+0xb0>
    1b86:	ca 01       	movw	r24, r20
    1b88:	81 70       	andi	r24, 0x01	; 1
    1b8a:	89 83       	std	Y+1, r24	; 0x01
    1b8c:	11 c0       	rjmp	.+34     	; 0x1bb0 <GPIO_u8GetPinValue+0xe2>
	break;
	case PORT_u8D:Local_u8PinState=GET_BIT(PIND,Copy_u8PinNum);
    1b8e:	e0 e3       	ldi	r30, 0x30	; 48
    1b90:	f0 e0       	ldi	r31, 0x00	; 0
    1b92:	80 81       	ld	r24, Z
    1b94:	28 2f       	mov	r18, r24
    1b96:	30 e0       	ldi	r19, 0x00	; 0
    1b98:	8b 81       	ldd	r24, Y+3	; 0x03
    1b9a:	88 2f       	mov	r24, r24
    1b9c:	90 e0       	ldi	r25, 0x00	; 0
    1b9e:	a9 01       	movw	r20, r18
    1ba0:	02 c0       	rjmp	.+4      	; 0x1ba6 <GPIO_u8GetPinValue+0xd8>
    1ba2:	55 95       	asr	r21
    1ba4:	47 95       	ror	r20
    1ba6:	8a 95       	dec	r24
    1ba8:	e2 f7       	brpl	.-8      	; 0x1ba2 <GPIO_u8GetPinValue+0xd4>
    1baa:	ca 01       	movw	r24, r20
    1bac:	81 70       	andi	r24, 0x01	; 1
    1bae:	89 83       	std	Y+1, r24	; 0x01
	break;
	}

	return Local_u8PinState;
    1bb0:	89 81       	ldd	r24, Y+1	; 0x01
}
    1bb2:	0f 90       	pop	r0
    1bb4:	0f 90       	pop	r0
    1bb6:	0f 90       	pop	r0
    1bb8:	0f 90       	pop	r0
    1bba:	0f 90       	pop	r0
    1bbc:	cf 91       	pop	r28
    1bbe:	df 91       	pop	r29
    1bc0:	08 95       	ret

00001bc2 <__vector_6>:
/*******************************************************************************
 *                       Interrupt Service Routines                            *
 *******************************************************************************/

ISR(TIMER1_CAPT_vect)
{
    1bc2:	1f 92       	push	r1
    1bc4:	0f 92       	push	r0
    1bc6:	0f b6       	in	r0, 0x3f	; 63
    1bc8:	0f 92       	push	r0
    1bca:	11 24       	eor	r1, r1
    1bcc:	2f 93       	push	r18
    1bce:	3f 93       	push	r19
    1bd0:	4f 93       	push	r20
    1bd2:	5f 93       	push	r21
    1bd4:	6f 93       	push	r22
    1bd6:	7f 93       	push	r23
    1bd8:	8f 93       	push	r24
    1bda:	9f 93       	push	r25
    1bdc:	af 93       	push	r26
    1bde:	bf 93       	push	r27
    1be0:	ef 93       	push	r30
    1be2:	ff 93       	push	r31
    1be4:	df 93       	push	r29
    1be6:	cf 93       	push	r28
    1be8:	cd b7       	in	r28, 0x3d	; 61
    1bea:	de b7       	in	r29, 0x3e	; 62
	if(g_callBackPtr != NULL_PTR)
    1bec:	80 91 78 01 	lds	r24, 0x0178
    1bf0:	90 91 79 01 	lds	r25, 0x0179
    1bf4:	00 97       	sbiw	r24, 0x00	; 0
    1bf6:	29 f0       	breq	.+10     	; 0x1c02 <__vector_6+0x40>
	{
		/* Call the Call Back function in the application after the edge is detected */
		(*g_callBackPtr)(); /* another method to call the function using pointer to function g_callBackPtr(); */
    1bf8:	e0 91 78 01 	lds	r30, 0x0178
    1bfc:	f0 91 79 01 	lds	r31, 0x0179
    1c00:	09 95       	icall
	}
}
    1c02:	cf 91       	pop	r28
    1c04:	df 91       	pop	r29
    1c06:	ff 91       	pop	r31
    1c08:	ef 91       	pop	r30
    1c0a:	bf 91       	pop	r27
    1c0c:	af 91       	pop	r26
    1c0e:	9f 91       	pop	r25
    1c10:	8f 91       	pop	r24
    1c12:	7f 91       	pop	r23
    1c14:	6f 91       	pop	r22
    1c16:	5f 91       	pop	r21
    1c18:	4f 91       	pop	r20
    1c1a:	3f 91       	pop	r19
    1c1c:	2f 91       	pop	r18
    1c1e:	0f 90       	pop	r0
    1c20:	0f be       	out	0x3f, r0	; 63
    1c22:	0f 90       	pop	r0
    1c24:	1f 90       	pop	r1
    1c26:	18 95       	reti

00001c28 <ICU_init>:
 * 	2. Set the required edge detection.
 * 	3. Enable the Input Capture Interrupt.
 * 	4. Initialize Timer1 Registers
 */
void ICU_init(const ICU_ConfigType * Config_Ptr)
{
    1c28:	df 93       	push	r29
    1c2a:	cf 93       	push	r28
    1c2c:	00 d0       	rcall	.+0      	; 0x1c2e <ICU_init+0x6>
    1c2e:	cd b7       	in	r28, 0x3d	; 61
    1c30:	de b7       	in	r29, 0x3e	; 62
    1c32:	9a 83       	std	Y+2, r25	; 0x02
    1c34:	89 83       	std	Y+1, r24	; 0x01
	/* Configure ICP1/PD6 as i/p pin */
	GPIO_voidSetPinDirection(PORT_u8D,PIN6,PIN_IN);
    1c36:	83 e0       	ldi	r24, 0x03	; 3
    1c38:	66 e0       	ldi	r22, 0x06	; 6
    1c3a:	40 e0       	ldi	r20, 0x00	; 0
    1c3c:	0e 94 26 0b 	call	0x164c	; 0x164c <GPIO_voidSetPinDirection>

	/* Timer1 always operates in Normal Mode */
	SET_BIT(TCCR1A,FOC1A);
    1c40:	af e4       	ldi	r26, 0x4F	; 79
    1c42:	b0 e0       	ldi	r27, 0x00	; 0
    1c44:	ef e4       	ldi	r30, 0x4F	; 79
    1c46:	f0 e0       	ldi	r31, 0x00	; 0
    1c48:	80 81       	ld	r24, Z
    1c4a:	88 60       	ori	r24, 0x08	; 8
    1c4c:	8c 93       	st	X, r24
	SET_BIT(TCCR1A,FOC1B);
    1c4e:	af e4       	ldi	r26, 0x4F	; 79
    1c50:	b0 e0       	ldi	r27, 0x00	; 0
    1c52:	ef e4       	ldi	r30, 0x4F	; 79
    1c54:	f0 e0       	ldi	r31, 0x00	; 0
    1c56:	80 81       	ld	r24, Z
    1c58:	84 60       	ori	r24, 0x04	; 4
    1c5a:	8c 93       	st	X, r24

	/*
	 * insert the required clock value in the first three bits (CS10, CS11 and CS12)
	 * of TCCR1B Register
	 */
	TCCR1B = (TCCR1B & 0xF8) | (Config_Ptr->clock);
    1c5c:	ae e4       	ldi	r26, 0x4E	; 78
    1c5e:	b0 e0       	ldi	r27, 0x00	; 0
    1c60:	ee e4       	ldi	r30, 0x4E	; 78
    1c62:	f0 e0       	ldi	r31, 0x00	; 0
    1c64:	80 81       	ld	r24, Z
    1c66:	98 2f       	mov	r25, r24
    1c68:	98 7f       	andi	r25, 0xF8	; 248
    1c6a:	e9 81       	ldd	r30, Y+1	; 0x01
    1c6c:	fa 81       	ldd	r31, Y+2	; 0x02
    1c6e:	80 81       	ld	r24, Z
    1c70:	89 2b       	or	r24, r25
    1c72:	8c 93       	st	X, r24
	/*
     * insert the required edge type in ICES1 bit in TCCR1B Register
	 */
	TCCR1B = (TCCR1B & 0xBF) | ((Config_Ptr->edge)<<6);
    1c74:	ae e4       	ldi	r26, 0x4E	; 78
    1c76:	b0 e0       	ldi	r27, 0x00	; 0
    1c78:	ee e4       	ldi	r30, 0x4E	; 78
    1c7a:	f0 e0       	ldi	r31, 0x00	; 0
    1c7c:	80 81       	ld	r24, Z
    1c7e:	28 2f       	mov	r18, r24
    1c80:	2f 7b       	andi	r18, 0xBF	; 191
    1c82:	e9 81       	ldd	r30, Y+1	; 0x01
    1c84:	fa 81       	ldd	r31, Y+2	; 0x02
    1c86:	81 81       	ldd	r24, Z+1	; 0x01
    1c88:	88 2f       	mov	r24, r24
    1c8a:	90 e0       	ldi	r25, 0x00	; 0
    1c8c:	00 24       	eor	r0, r0
    1c8e:	96 95       	lsr	r25
    1c90:	87 95       	ror	r24
    1c92:	07 94       	ror	r0
    1c94:	96 95       	lsr	r25
    1c96:	87 95       	ror	r24
    1c98:	07 94       	ror	r0
    1c9a:	98 2f       	mov	r25, r24
    1c9c:	80 2d       	mov	r24, r0
    1c9e:	82 2b       	or	r24, r18
    1ca0:	8c 93       	st	X, r24

	/* Initial Value for Timer1 */
	TCNT1 = 0;
    1ca2:	ec e4       	ldi	r30, 0x4C	; 76
    1ca4:	f0 e0       	ldi	r31, 0x00	; 0
    1ca6:	11 82       	std	Z+1, r1	; 0x01
    1ca8:	10 82       	st	Z, r1

	/* Initial Value for the input capture register */
	ICR1 = 0;
    1caa:	e6 e4       	ldi	r30, 0x46	; 70
    1cac:	f0 e0       	ldi	r31, 0x00	; 0
    1cae:	11 82       	std	Z+1, r1	; 0x01
    1cb0:	10 82       	st	Z, r1

	/* Enable the Input Capture interrupt to generate an interrupt when edge is detected on ICP1/PD6 pin */
	SET_BIT(TIMSK,TICIE1);
    1cb2:	a9 e5       	ldi	r26, 0x59	; 89
    1cb4:	b0 e0       	ldi	r27, 0x00	; 0
    1cb6:	e9 e5       	ldi	r30, 0x59	; 89
    1cb8:	f0 e0       	ldi	r31, 0x00	; 0
    1cba:	80 81       	ld	r24, Z
    1cbc:	80 62       	ori	r24, 0x20	; 32
    1cbe:	8c 93       	st	X, r24
}
    1cc0:	0f 90       	pop	r0
    1cc2:	0f 90       	pop	r0
    1cc4:	cf 91       	pop	r28
    1cc6:	df 91       	pop	r29
    1cc8:	08 95       	ret

00001cca <ICU_setCallBack>:

/*
 * Description: Function to set the Call Back function address.
 */
void ICU_setCallBack(void(*a_ptr)(void))
{
    1cca:	df 93       	push	r29
    1ccc:	cf 93       	push	r28
    1cce:	00 d0       	rcall	.+0      	; 0x1cd0 <ICU_setCallBack+0x6>
    1cd0:	cd b7       	in	r28, 0x3d	; 61
    1cd2:	de b7       	in	r29, 0x3e	; 62
    1cd4:	9a 83       	std	Y+2, r25	; 0x02
    1cd6:	89 83       	std	Y+1, r24	; 0x01
	/* Save the address of the Call back function in a global variable */
	g_callBackPtr = a_ptr;
    1cd8:	89 81       	ldd	r24, Y+1	; 0x01
    1cda:	9a 81       	ldd	r25, Y+2	; 0x02
    1cdc:	90 93 79 01 	sts	0x0179, r25
    1ce0:	80 93 78 01 	sts	0x0178, r24
}
    1ce4:	0f 90       	pop	r0
    1ce6:	0f 90       	pop	r0
    1ce8:	cf 91       	pop	r28
    1cea:	df 91       	pop	r29
    1cec:	08 95       	ret

00001cee <ICU_setEdgeDetectionType>:

/*
 * Description: Function to set the required edge detection.
 */
void ICU_setEdgeDetectionType(const ICU_EdgeType a_edgeType)
{
    1cee:	df 93       	push	r29
    1cf0:	cf 93       	push	r28
    1cf2:	0f 92       	push	r0
    1cf4:	cd b7       	in	r28, 0x3d	; 61
    1cf6:	de b7       	in	r29, 0x3e	; 62
    1cf8:	89 83       	std	Y+1, r24	; 0x01
	/*
	 * insert the required edge type in ICES1 bit in TCCR1B Register
	 */
	TCCR1B = (TCCR1B & 0xBF) | (a_edgeType<<6);
    1cfa:	ae e4       	ldi	r26, 0x4E	; 78
    1cfc:	b0 e0       	ldi	r27, 0x00	; 0
    1cfe:	ee e4       	ldi	r30, 0x4E	; 78
    1d00:	f0 e0       	ldi	r31, 0x00	; 0
    1d02:	80 81       	ld	r24, Z
    1d04:	28 2f       	mov	r18, r24
    1d06:	2f 7b       	andi	r18, 0xBF	; 191
    1d08:	89 81       	ldd	r24, Y+1	; 0x01
    1d0a:	88 2f       	mov	r24, r24
    1d0c:	90 e0       	ldi	r25, 0x00	; 0
    1d0e:	00 24       	eor	r0, r0
    1d10:	96 95       	lsr	r25
    1d12:	87 95       	ror	r24
    1d14:	07 94       	ror	r0
    1d16:	96 95       	lsr	r25
    1d18:	87 95       	ror	r24
    1d1a:	07 94       	ror	r0
    1d1c:	98 2f       	mov	r25, r24
    1d1e:	80 2d       	mov	r24, r0
    1d20:	82 2b       	or	r24, r18
    1d22:	8c 93       	st	X, r24
}
    1d24:	0f 90       	pop	r0
    1d26:	cf 91       	pop	r28
    1d28:	df 91       	pop	r29
    1d2a:	08 95       	ret

00001d2c <ICU_getInputCaptureValue>:
/*
 * Description: Function to get the Timer1 Value when the input is captured
 *              The value stored at Input Capture Register ICR1
 */
u16 ICU_getInputCaptureValue(void)
{
    1d2c:	df 93       	push	r29
    1d2e:	cf 93       	push	r28
    1d30:	cd b7       	in	r28, 0x3d	; 61
    1d32:	de b7       	in	r29, 0x3e	; 62
	return ICR1;
    1d34:	e6 e4       	ldi	r30, 0x46	; 70
    1d36:	f0 e0       	ldi	r31, 0x00	; 0
    1d38:	80 81       	ld	r24, Z
    1d3a:	91 81       	ldd	r25, Z+1	; 0x01
}
    1d3c:	cf 91       	pop	r28
    1d3e:	df 91       	pop	r29
    1d40:	08 95       	ret

00001d42 <ICU_clearTimerValue>:

/*
 * Description: Function to clear the Timer1 Value to start count from ZERO
 */
void ICU_clearTimerValue(void)
{
    1d42:	df 93       	push	r29
    1d44:	cf 93       	push	r28
    1d46:	cd b7       	in	r28, 0x3d	; 61
    1d48:	de b7       	in	r29, 0x3e	; 62
	TCNT1 = 0;
    1d4a:	ec e4       	ldi	r30, 0x4C	; 76
    1d4c:	f0 e0       	ldi	r31, 0x00	; 0
    1d4e:	11 82       	std	Z+1, r1	; 0x01
    1d50:	10 82       	st	Z, r1
}
    1d52:	cf 91       	pop	r28
    1d54:	df 91       	pop	r29
    1d56:	08 95       	ret

00001d58 <ICU_deInit>:

/*
 * Description: Function to disable the Timer1 to stop the ICU Driver
 */
void ICU_deInit(void)
{
    1d58:	df 93       	push	r29
    1d5a:	cf 93       	push	r28
    1d5c:	cd b7       	in	r28, 0x3d	; 61
    1d5e:	de b7       	in	r29, 0x3e	; 62
	/* Clear All Timer1/ICU Registers */
	TCCR1A = 0;
    1d60:	ef e4       	ldi	r30, 0x4F	; 79
    1d62:	f0 e0       	ldi	r31, 0x00	; 0
    1d64:	10 82       	st	Z, r1
	TCCR1B = 0;
    1d66:	ee e4       	ldi	r30, 0x4E	; 78
    1d68:	f0 e0       	ldi	r31, 0x00	; 0
    1d6a:	10 82       	st	Z, r1
	TCNT1 = 0;
    1d6c:	ec e4       	ldi	r30, 0x4C	; 76
    1d6e:	f0 e0       	ldi	r31, 0x00	; 0
    1d70:	11 82       	std	Z+1, r1	; 0x01
    1d72:	10 82       	st	Z, r1
	ICR1 = 0;
    1d74:	e6 e4       	ldi	r30, 0x46	; 70
    1d76:	f0 e0       	ldi	r31, 0x00	; 0
    1d78:	11 82       	std	Z+1, r1	; 0x01
    1d7a:	10 82       	st	Z, r1

	/* Disable the Input Capture interrupt */
	TIMSK &= ~(1<<TICIE1);
    1d7c:	a9 e5       	ldi	r26, 0x59	; 89
    1d7e:	b0 e0       	ldi	r27, 0x00	; 0
    1d80:	e9 e5       	ldi	r30, 0x59	; 89
    1d82:	f0 e0       	ldi	r31, 0x00	; 0
    1d84:	80 81       	ld	r24, Z
    1d86:	8f 7d       	andi	r24, 0xDF	; 223
    1d88:	8c 93       	st	X, r24

	/* Reset the global pointer value */
	g_callBackPtr = NULL_PTR;
    1d8a:	10 92 79 01 	sts	0x0179, r1
    1d8e:	10 92 78 01 	sts	0x0178, r1
}
    1d92:	cf 91       	pop	r28
    1d94:	df 91       	pop	r29
    1d96:	08 95       	ret

00001d98 <PWM_Timer0_Init>:

/**
 * @brief Initializes Timer0 for Fast PWM mode.
 */
void PWM_Timer0_Init(void)
{
    1d98:	df 93       	push	r29
    1d9a:	cf 93       	push	r28
    1d9c:	cd b7       	in	r28, 0x3d	; 61
    1d9e:	de b7       	in	r29, 0x3e	; 62
	/* 1. Set OC0 (PB3) as an output pin */
	GPIO_voidSetPinDirection(PWM_OC0_PORT, PWM_OC0_PIN, PIN_OUT);
    1da0:	81 e0       	ldi	r24, 0x01	; 1
    1da2:	63 e0       	ldi	r22, 0x03	; 3
    1da4:	41 e0       	ldi	r20, 0x01	; 1
    1da6:	0e 94 26 0b 	call	0x164c	; 0x164c <GPIO_voidSetPinDirection>

	/* 2. Configure Timer0 for Fast PWM mode */
	SET_BIT(TCCR0, WGM00);
    1daa:	a3 e5       	ldi	r26, 0x53	; 83
    1dac:	b0 e0       	ldi	r27, 0x00	; 0
    1dae:	e3 e5       	ldi	r30, 0x53	; 83
    1db0:	f0 e0       	ldi	r31, 0x00	; 0
    1db2:	80 81       	ld	r24, Z
    1db4:	80 64       	ori	r24, 0x40	; 64
    1db6:	8c 93       	st	X, r24
	SET_BIT(TCCR0, WGM01);
    1db8:	a3 e5       	ldi	r26, 0x53	; 83
    1dba:	b0 e0       	ldi	r27, 0x00	; 0
    1dbc:	e3 e5       	ldi	r30, 0x53	; 83
    1dbe:	f0 e0       	ldi	r31, 0x00	; 0
    1dc0:	80 81       	ld	r24, Z
    1dc2:	88 60       	ori	r24, 0x08	; 8
    1dc4:	8c 93       	st	X, r24

	/* 3. Configure Compare Output Mode:
	 * Clear OC0 on compare match, set OC0 at TOP.
	 * (Non-inverting mode)
	 */
	SET_BIT(TCCR0, COM01);
    1dc6:	a3 e5       	ldi	r26, 0x53	; 83
    1dc8:	b0 e0       	ldi	r27, 0x00	; 0
    1dca:	e3 e5       	ldi	r30, 0x53	; 83
    1dcc:	f0 e0       	ldi	r31, 0x00	; 0
    1dce:	80 81       	ld	r24, Z
    1dd0:	80 62       	ori	r24, 0x20	; 32
    1dd2:	8c 93       	st	X, r24
	CLEAR_BIT(TCCR0, COM00);
    1dd4:	a3 e5       	ldi	r26, 0x53	; 83
    1dd6:	b0 e0       	ldi	r27, 0x00	; 0
    1dd8:	e3 e5       	ldi	r30, 0x53	; 83
    1dda:	f0 e0       	ldi	r31, 0x00	; 0
    1ddc:	80 81       	ld	r24, Z
    1dde:	8f 7e       	andi	r24, 0xEF	; 239
    1de0:	8c 93       	st	X, r24

	/* 4. Set Duty Cycle to 0 initially */
	OCR0 = 0;
    1de2:	ec e5       	ldi	r30, 0x5C	; 92
    1de4:	f0 e0       	ldi	r31, 0x00	; 0
    1de6:	10 82       	st	Z, r1

	/* 5. Set Clock Prescaler (but don't start timer yet)
	 * The prescaler bits will be set by PWM_Timer0_Start()
	 */
	TCCR0 = (TCCR0 & 0xF8);
    1de8:	a3 e5       	ldi	r26, 0x53	; 83
    1dea:	b0 e0       	ldi	r27, 0x00	; 0
    1dec:	e3 e5       	ldi	r30, 0x53	; 83
    1dee:	f0 e0       	ldi	r31, 0x00	; 0
    1df0:	80 81       	ld	r24, Z
    1df2:	88 7f       	andi	r24, 0xF8	; 248
    1df4:	8c 93       	st	X, r24
}
    1df6:	cf 91       	pop	r28
    1df8:	df 91       	pop	r29
    1dfa:	08 95       	ret

00001dfc <PWM_Timer0_Start>:

/**
 * @brief Starts the PWM signal or updates its duty cycle.
 */
void PWM_Timer0_Start(u8 duty_cycle)
{
    1dfc:	0f 93       	push	r16
    1dfe:	1f 93       	push	r17
    1e00:	df 93       	push	r29
    1e02:	cf 93       	push	r28
    1e04:	0f 92       	push	r0
    1e06:	cd b7       	in	r28, 0x3d	; 61
    1e08:	de b7       	in	r29, 0x3e	; 62
    1e0a:	89 83       	std	Y+1, r24	; 0x01
	/* 1. Set the compare value (duty cycle) */
	/* Calculate (duty_cycle * 255) / 100 */
	OCR0 = (u8)(((u32)duty_cycle * 255) / 100);
    1e0c:	0c e5       	ldi	r16, 0x5C	; 92
    1e0e:	10 e0       	ldi	r17, 0x00	; 0
    1e10:	89 81       	ldd	r24, Y+1	; 0x01
    1e12:	88 2f       	mov	r24, r24
    1e14:	90 e0       	ldi	r25, 0x00	; 0
    1e16:	a0 e0       	ldi	r26, 0x00	; 0
    1e18:	b0 e0       	ldi	r27, 0x00	; 0
    1e1a:	2f ef       	ldi	r18, 0xFF	; 255
    1e1c:	30 e0       	ldi	r19, 0x00	; 0
    1e1e:	40 e0       	ldi	r20, 0x00	; 0
    1e20:	50 e0       	ldi	r21, 0x00	; 0
    1e22:	bc 01       	movw	r22, r24
    1e24:	cd 01       	movw	r24, r26
    1e26:	0e 94 3e 15 	call	0x2a7c	; 0x2a7c <__mulsi3>
    1e2a:	dc 01       	movw	r26, r24
    1e2c:	cb 01       	movw	r24, r22
    1e2e:	24 e6       	ldi	r18, 0x64	; 100
    1e30:	30 e0       	ldi	r19, 0x00	; 0
    1e32:	40 e0       	ldi	r20, 0x00	; 0
    1e34:	50 e0       	ldi	r21, 0x00	; 0
    1e36:	bc 01       	movw	r22, r24
    1e38:	cd 01       	movw	r24, r26
    1e3a:	0e 94 5d 15 	call	0x2aba	; 0x2aba <__udivmodsi4>
    1e3e:	da 01       	movw	r26, r20
    1e40:	c9 01       	movw	r24, r18
    1e42:	f8 01       	movw	r30, r16
    1e44:	80 83       	st	Z, r24

	/* 2. Set the prescaler bits to start the timer */
	TCCR0 = (TCCR0 & 0xF8) | (0b011); /* Prescaler 64 */
    1e46:	a3 e5       	ldi	r26, 0x53	; 83
    1e48:	b0 e0       	ldi	r27, 0x00	; 0
    1e4a:	e3 e5       	ldi	r30, 0x53	; 83
    1e4c:	f0 e0       	ldi	r31, 0x00	; 0
    1e4e:	80 81       	ld	r24, Z
    1e50:	88 7f       	andi	r24, 0xF8	; 248
    1e52:	83 60       	ori	r24, 0x03	; 3
    1e54:	8c 93       	st	X, r24

    /* NOTE: This assumes PWM_PRESCALER_64.
     * If you want to use the #if block, make sure it is correct.
     * For 8MHz clock, 64 is a good choice. F_PWM = 8MHz / (64 * 256) = 488 Hz
     */
}
    1e56:	0f 90       	pop	r0
    1e58:	cf 91       	pop	r28
    1e5a:	df 91       	pop	r29
    1e5c:	1f 91       	pop	r17
    1e5e:	0f 91       	pop	r16
    1e60:	08 95       	ret

00001e62 <PWM_Timer0_Stop>:

/**
 * @brief Stops the PWM timer clock.
 */
void PWM_Timer0_Stop(void)
{
    1e62:	df 93       	push	r29
    1e64:	cf 93       	push	r28
    1e66:	cd b7       	in	r28, 0x3d	; 61
    1e68:	de b7       	in	r29, 0x3e	; 62
	/* Clear clock select bits (CS00, CS01, CS02) */
	TCCR0 = (TCCR0 & 0xF8);
    1e6a:	a3 e5       	ldi	r26, 0x53	; 83
    1e6c:	b0 e0       	ldi	r27, 0x00	; 0
    1e6e:	e3 e5       	ldi	r30, 0x53	; 83
    1e70:	f0 e0       	ldi	r31, 0x00	; 0
    1e72:	80 81       	ld	r24, Z
    1e74:	88 7f       	andi	r24, 0xF8	; 248
    1e76:	8c 93       	st	X, r24
}
    1e78:	cf 91       	pop	r28
    1e7a:	df 91       	pop	r29
    1e7c:	08 95       	ret

00001e7e <TWI_init>:
#include "../MACROS/macros.h"
#include"../MACROS/STD_types.h"
#include <avr/io.h>

void TWI_init(const TWI_ConfigType *Config_Ptr)
{
    1e7e:	0f 93       	push	r16
    1e80:	1f 93       	push	r17
    1e82:	df 93       	push	r29
    1e84:	cf 93       	push	r28
    1e86:	00 d0       	rcall	.+0      	; 0x1e88 <TWI_init+0xa>
    1e88:	cd b7       	in	r28, 0x3d	; 61
    1e8a:	de b7       	in	r29, 0x3e	; 62
    1e8c:	9a 83       	std	Y+2, r25	; 0x02
    1e8e:	89 83       	std	Y+1, r24	; 0x01

    CLEAR_BIT(TWSR, TWPS0);
    1e90:	a1 e2       	ldi	r26, 0x21	; 33
    1e92:	b0 e0       	ldi	r27, 0x00	; 0
    1e94:	e1 e2       	ldi	r30, 0x21	; 33
    1e96:	f0 e0       	ldi	r31, 0x00	; 0
    1e98:	80 81       	ld	r24, Z
    1e9a:	8e 7f       	andi	r24, 0xFE	; 254
    1e9c:	8c 93       	st	X, r24
    CLEAR_BIT(TWSR, TWPS1);
    1e9e:	a1 e2       	ldi	r26, 0x21	; 33
    1ea0:	b0 e0       	ldi	r27, 0x00	; 0
    1ea2:	e1 e2       	ldi	r30, 0x21	; 33
    1ea4:	f0 e0       	ldi	r31, 0x00	; 0
    1ea6:	80 81       	ld	r24, Z
    1ea8:	8d 7f       	andi	r24, 0xFD	; 253
    1eaa:	8c 93       	st	X, r24

    TWBR = (u8)(((F_CPU / (Config_Ptr->bit_rate * 1000UL)) - 16) / 2);
    1eac:	00 e2       	ldi	r16, 0x20	; 32
    1eae:	10 e0       	ldi	r17, 0x00	; 0
    1eb0:	e9 81       	ldd	r30, Y+1	; 0x01
    1eb2:	fa 81       	ldd	r31, Y+2	; 0x02
    1eb4:	81 81       	ldd	r24, Z+1	; 0x01
    1eb6:	92 81       	ldd	r25, Z+2	; 0x02
    1eb8:	a3 81       	ldd	r26, Z+3	; 0x03
    1eba:	b4 81       	ldd	r27, Z+4	; 0x04
    1ebc:	28 ee       	ldi	r18, 0xE8	; 232
    1ebe:	33 e0       	ldi	r19, 0x03	; 3
    1ec0:	40 e0       	ldi	r20, 0x00	; 0
    1ec2:	50 e0       	ldi	r21, 0x00	; 0
    1ec4:	bc 01       	movw	r22, r24
    1ec6:	cd 01       	movw	r24, r26
    1ec8:	0e 94 3e 15 	call	0x2a7c	; 0x2a7c <__mulsi3>
    1ecc:	9b 01       	movw	r18, r22
    1ece:	ac 01       	movw	r20, r24
    1ed0:	80 e0       	ldi	r24, 0x00	; 0
    1ed2:	92 e1       	ldi	r25, 0x12	; 18
    1ed4:	aa e7       	ldi	r26, 0x7A	; 122
    1ed6:	b0 e0       	ldi	r27, 0x00	; 0
    1ed8:	bc 01       	movw	r22, r24
    1eda:	cd 01       	movw	r24, r26
    1edc:	0e 94 5d 15 	call	0x2aba	; 0x2aba <__udivmodsi4>
    1ee0:	da 01       	movw	r26, r20
    1ee2:	c9 01       	movw	r24, r18
    1ee4:	40 97       	sbiw	r24, 0x10	; 16
    1ee6:	a1 09       	sbc	r26, r1
    1ee8:	b1 09       	sbc	r27, r1
    1eea:	b6 95       	lsr	r27
    1eec:	a7 95       	ror	r26
    1eee:	97 95       	ror	r25
    1ef0:	87 95       	ror	r24
    1ef2:	f8 01       	movw	r30, r16
    1ef4:	80 83       	st	Z, r24

    TWAR = (Config_Ptr->address << 1);
    1ef6:	a2 e2       	ldi	r26, 0x22	; 34
    1ef8:	b0 e0       	ldi	r27, 0x00	; 0
    1efa:	e9 81       	ldd	r30, Y+1	; 0x01
    1efc:	fa 81       	ldd	r31, Y+2	; 0x02
    1efe:	80 81       	ld	r24, Z
    1f00:	88 0f       	add	r24, r24
    1f02:	8c 93       	st	X, r24

    SET_BIT(TWCR, TWEN);
    1f04:	a6 e5       	ldi	r26, 0x56	; 86
    1f06:	b0 e0       	ldi	r27, 0x00	; 0
    1f08:	e6 e5       	ldi	r30, 0x56	; 86
    1f0a:	f0 e0       	ldi	r31, 0x00	; 0
    1f0c:	80 81       	ld	r24, Z
    1f0e:	84 60       	ori	r24, 0x04	; 4
    1f10:	8c 93       	st	X, r24
}
    1f12:	0f 90       	pop	r0
    1f14:	0f 90       	pop	r0
    1f16:	cf 91       	pop	r28
    1f18:	df 91       	pop	r29
    1f1a:	1f 91       	pop	r17
    1f1c:	0f 91       	pop	r16
    1f1e:	08 95       	ret

00001f20 <TWI_start>:

void TWI_start(void)
{
    1f20:	df 93       	push	r29
    1f22:	cf 93       	push	r28
    1f24:	cd b7       	in	r28, 0x3d	; 61
    1f26:	de b7       	in	r29, 0x3e	; 62
    /* Clear TWINT, send START, enable TWI */
    SET_BIT(TWCR, TWINT);
    1f28:	a6 e5       	ldi	r26, 0x56	; 86
    1f2a:	b0 e0       	ldi	r27, 0x00	; 0
    1f2c:	e6 e5       	ldi	r30, 0x56	; 86
    1f2e:	f0 e0       	ldi	r31, 0x00	; 0
    1f30:	80 81       	ld	r24, Z
    1f32:	80 68       	ori	r24, 0x80	; 128
    1f34:	8c 93       	st	X, r24
    SET_BIT(TWCR, TWSTA);
    1f36:	a6 e5       	ldi	r26, 0x56	; 86
    1f38:	b0 e0       	ldi	r27, 0x00	; 0
    1f3a:	e6 e5       	ldi	r30, 0x56	; 86
    1f3c:	f0 e0       	ldi	r31, 0x00	; 0
    1f3e:	80 81       	ld	r24, Z
    1f40:	80 62       	ori	r24, 0x20	; 32
    1f42:	8c 93       	st	X, r24
    SET_BIT(TWCR, TWEN);
    1f44:	a6 e5       	ldi	r26, 0x56	; 86
    1f46:	b0 e0       	ldi	r27, 0x00	; 0
    1f48:	e6 e5       	ldi	r30, 0x56	; 86
    1f4a:	f0 e0       	ldi	r31, 0x00	; 0
    1f4c:	80 81       	ld	r24, Z
    1f4e:	84 60       	ori	r24, 0x04	; 4
    1f50:	8c 93       	st	X, r24

    /* Wait for TWINT flag set */
    while (BIT_IS_CLEAR(TWCR, TWINT));
    1f52:	e6 e5       	ldi	r30, 0x56	; 86
    1f54:	f0 e0       	ldi	r31, 0x00	; 0
    1f56:	80 81       	ld	r24, Z
    1f58:	88 23       	and	r24, r24
    1f5a:	dc f7       	brge	.-10     	; 0x1f52 <TWI_start+0x32>
}
    1f5c:	cf 91       	pop	r28
    1f5e:	df 91       	pop	r29
    1f60:	08 95       	ret

00001f62 <TWI_stop>:

void TWI_stop(void)
{
    1f62:	df 93       	push	r29
    1f64:	cf 93       	push	r28
    1f66:	cd b7       	in	r28, 0x3d	; 61
    1f68:	de b7       	in	r29, 0x3e	; 62
    /* Clear TWINT, send STOP, enable TWI */
    SET_BIT(TWCR, TWINT);
    1f6a:	a6 e5       	ldi	r26, 0x56	; 86
    1f6c:	b0 e0       	ldi	r27, 0x00	; 0
    1f6e:	e6 e5       	ldi	r30, 0x56	; 86
    1f70:	f0 e0       	ldi	r31, 0x00	; 0
    1f72:	80 81       	ld	r24, Z
    1f74:	80 68       	ori	r24, 0x80	; 128
    1f76:	8c 93       	st	X, r24
    SET_BIT(TWCR, TWSTO);
    1f78:	a6 e5       	ldi	r26, 0x56	; 86
    1f7a:	b0 e0       	ldi	r27, 0x00	; 0
    1f7c:	e6 e5       	ldi	r30, 0x56	; 86
    1f7e:	f0 e0       	ldi	r31, 0x00	; 0
    1f80:	80 81       	ld	r24, Z
    1f82:	80 61       	ori	r24, 0x10	; 16
    1f84:	8c 93       	st	X, r24
    SET_BIT(TWCR, TWEN);
    1f86:	a6 e5       	ldi	r26, 0x56	; 86
    1f88:	b0 e0       	ldi	r27, 0x00	; 0
    1f8a:	e6 e5       	ldi	r30, 0x56	; 86
    1f8c:	f0 e0       	ldi	r31, 0x00	; 0
    1f8e:	80 81       	ld	r24, Z
    1f90:	84 60       	ori	r24, 0x04	; 4
    1f92:	8c 93       	st	X, r24
}
    1f94:	cf 91       	pop	r28
    1f96:	df 91       	pop	r29
    1f98:	08 95       	ret

00001f9a <TWI_writeByte>:

void TWI_writeByte(u8 data)
{
    1f9a:	df 93       	push	r29
    1f9c:	cf 93       	push	r28
    1f9e:	0f 92       	push	r0
    1fa0:	cd b7       	in	r28, 0x3d	; 61
    1fa2:	de b7       	in	r29, 0x3e	; 62
    1fa4:	89 83       	std	Y+1, r24	; 0x01
    TWDR = data;
    1fa6:	e3 e2       	ldi	r30, 0x23	; 35
    1fa8:	f0 e0       	ldi	r31, 0x00	; 0
    1faa:	89 81       	ldd	r24, Y+1	; 0x01
    1fac:	80 83       	st	Z, r24
    SET_BIT(TWCR, TWINT);
    1fae:	a6 e5       	ldi	r26, 0x56	; 86
    1fb0:	b0 e0       	ldi	r27, 0x00	; 0
    1fb2:	e6 e5       	ldi	r30, 0x56	; 86
    1fb4:	f0 e0       	ldi	r31, 0x00	; 0
    1fb6:	80 81       	ld	r24, Z
    1fb8:	80 68       	ori	r24, 0x80	; 128
    1fba:	8c 93       	st	X, r24
    SET_BIT(TWCR, TWEN);
    1fbc:	a6 e5       	ldi	r26, 0x56	; 86
    1fbe:	b0 e0       	ldi	r27, 0x00	; 0
    1fc0:	e6 e5       	ldi	r30, 0x56	; 86
    1fc2:	f0 e0       	ldi	r31, 0x00	; 0
    1fc4:	80 81       	ld	r24, Z
    1fc6:	84 60       	ori	r24, 0x04	; 4
    1fc8:	8c 93       	st	X, r24
    while (BIT_IS_CLEAR(TWCR, TWINT));
    1fca:	e6 e5       	ldi	r30, 0x56	; 86
    1fcc:	f0 e0       	ldi	r31, 0x00	; 0
    1fce:	80 81       	ld	r24, Z
    1fd0:	88 23       	and	r24, r24
    1fd2:	dc f7       	brge	.-10     	; 0x1fca <TWI_writeByte+0x30>
}
    1fd4:	0f 90       	pop	r0
    1fd6:	cf 91       	pop	r28
    1fd8:	df 91       	pop	r29
    1fda:	08 95       	ret

00001fdc <TWI_readByteWithACK>:

u8 TWI_readByteWithACK(void)
{
    1fdc:	df 93       	push	r29
    1fde:	cf 93       	push	r28
    1fe0:	cd b7       	in	r28, 0x3d	; 61
    1fe2:	de b7       	in	r29, 0x3e	; 62
    SET_BIT(TWCR, TWINT);
    1fe4:	a6 e5       	ldi	r26, 0x56	; 86
    1fe6:	b0 e0       	ldi	r27, 0x00	; 0
    1fe8:	e6 e5       	ldi	r30, 0x56	; 86
    1fea:	f0 e0       	ldi	r31, 0x00	; 0
    1fec:	80 81       	ld	r24, Z
    1fee:	80 68       	ori	r24, 0x80	; 128
    1ff0:	8c 93       	st	X, r24
    SET_BIT(TWCR, TWEN);
    1ff2:	a6 e5       	ldi	r26, 0x56	; 86
    1ff4:	b0 e0       	ldi	r27, 0x00	; 0
    1ff6:	e6 e5       	ldi	r30, 0x56	; 86
    1ff8:	f0 e0       	ldi	r31, 0x00	; 0
    1ffa:	80 81       	ld	r24, Z
    1ffc:	84 60       	ori	r24, 0x04	; 4
    1ffe:	8c 93       	st	X, r24
    SET_BIT(TWCR, TWEA);
    2000:	a6 e5       	ldi	r26, 0x56	; 86
    2002:	b0 e0       	ldi	r27, 0x00	; 0
    2004:	e6 e5       	ldi	r30, 0x56	; 86
    2006:	f0 e0       	ldi	r31, 0x00	; 0
    2008:	80 81       	ld	r24, Z
    200a:	80 64       	ori	r24, 0x40	; 64
    200c:	8c 93       	st	X, r24
    while (BIT_IS_CLEAR(TWCR, TWINT));
    200e:	e6 e5       	ldi	r30, 0x56	; 86
    2010:	f0 e0       	ldi	r31, 0x00	; 0
    2012:	80 81       	ld	r24, Z
    2014:	88 23       	and	r24, r24
    2016:	dc f7       	brge	.-10     	; 0x200e <TWI_readByteWithACK+0x32>
    return TWDR;
    2018:	e3 e2       	ldi	r30, 0x23	; 35
    201a:	f0 e0       	ldi	r31, 0x00	; 0
    201c:	80 81       	ld	r24, Z
}
    201e:	cf 91       	pop	r28
    2020:	df 91       	pop	r29
    2022:	08 95       	ret

00002024 <TWI_readByteWithNACK>:

u8 TWI_readByteWithNACK(void)
{
    2024:	df 93       	push	r29
    2026:	cf 93       	push	r28
    2028:	cd b7       	in	r28, 0x3d	; 61
    202a:	de b7       	in	r29, 0x3e	; 62
    SET_BIT(TWCR, TWINT);
    202c:	a6 e5       	ldi	r26, 0x56	; 86
    202e:	b0 e0       	ldi	r27, 0x00	; 0
    2030:	e6 e5       	ldi	r30, 0x56	; 86
    2032:	f0 e0       	ldi	r31, 0x00	; 0
    2034:	80 81       	ld	r24, Z
    2036:	80 68       	ori	r24, 0x80	; 128
    2038:	8c 93       	st	X, r24
    SET_BIT(TWCR, TWEN);
    203a:	a6 e5       	ldi	r26, 0x56	; 86
    203c:	b0 e0       	ldi	r27, 0x00	; 0
    203e:	e6 e5       	ldi	r30, 0x56	; 86
    2040:	f0 e0       	ldi	r31, 0x00	; 0
    2042:	80 81       	ld	r24, Z
    2044:	84 60       	ori	r24, 0x04	; 4
    2046:	8c 93       	st	X, r24
    while (BIT_IS_CLEAR(TWCR, TWINT));
    2048:	e6 e5       	ldi	r30, 0x56	; 86
    204a:	f0 e0       	ldi	r31, 0x00	; 0
    204c:	80 81       	ld	r24, Z
    204e:	88 23       	and	r24, r24
    2050:	dc f7       	brge	.-10     	; 0x2048 <TWI_readByteWithNACK+0x24>
    return TWDR;
    2052:	e3 e2       	ldi	r30, 0x23	; 35
    2054:	f0 e0       	ldi	r31, 0x00	; 0
    2056:	80 81       	ld	r24, Z
}
    2058:	cf 91       	pop	r28
    205a:	df 91       	pop	r29
    205c:	08 95       	ret

0000205e <TWI_getStatus>:

u8 TWI_getStatus(void)
{
    205e:	df 93       	push	r29
    2060:	cf 93       	push	r28
    2062:	cd b7       	in	r28, 0x3d	; 61
    2064:	de b7       	in	r29, 0x3e	; 62
    return (TWSR & 0xF8);
    2066:	e1 e2       	ldi	r30, 0x21	; 33
    2068:	f0 e0       	ldi	r31, 0x00	; 0
    206a:	80 81       	ld	r24, Z
    206c:	88 7f       	andi	r24, 0xF8	; 248
}
    206e:	cf 91       	pop	r28
    2070:	df 91       	pop	r29
    2072:	08 95       	ret

00002074 <UART_init>:
 * 1. Setup the Frame format like number of data bits, parity bit type and number of stop bits.
 * 2. Enable the UART.
 * 3. Setup the UART baud rate.
 */
void UART_init(const UART_ConfigType *Config_Ptr)
{
    2074:	df 93       	push	r29
    2076:	cf 93       	push	r28
    2078:	cd b7       	in	r28, 0x3d	; 61
    207a:	de b7       	in	r29, 0x3e	; 62
    207c:	28 97       	sbiw	r28, 0x08	; 8
    207e:	0f b6       	in	r0, 0x3f	; 63
    2080:	f8 94       	cli
    2082:	de bf       	out	0x3e, r29	; 62
    2084:	0f be       	out	0x3f, r0	; 63
    2086:	cd bf       	out	0x3d, r28	; 61
    2088:	9c 83       	std	Y+4, r25	; 0x04
    208a:	8b 83       	std	Y+3, r24	; 0x03
	u16 ubrr_value = 0;
    208c:	1a 82       	std	Y+2, r1	; 0x02
    208e:	19 82       	std	Y+1, r1	; 0x01

	/* U2X = 1 for double transmission speed */
	SET_BIT(UCSRA, U2X);
    2090:	ab e2       	ldi	r26, 0x2B	; 43
    2092:	b0 e0       	ldi	r27, 0x00	; 0
    2094:	eb e2       	ldi	r30, 0x2B	; 43
    2096:	f0 e0       	ldi	r31, 0x00	; 0
    2098:	80 81       	ld	r24, Z
    209a:	82 60       	ori	r24, 0x02	; 2
    209c:	8c 93       	st	X, r24
	 * RXEN  = 1 Receiver Enable
	 * RXEN  = 1 Transmitter Enable
	 * UCSZ2 = 0 For 8-bit data mode
	 * RXB8 & TXB8 not used for 8-bit data mode
	 ***********************************************************************/ 
	UCSRB = 0;
    209e:	ea e2       	ldi	r30, 0x2A	; 42
    20a0:	f0 e0       	ldi	r31, 0x00	; 0
    20a2:	10 82       	st	Z, r1

	SET_BIT(UCSRB, RXEN);
    20a4:	aa e2       	ldi	r26, 0x2A	; 42
    20a6:	b0 e0       	ldi	r27, 0x00	; 0
    20a8:	ea e2       	ldi	r30, 0x2A	; 42
    20aa:	f0 e0       	ldi	r31, 0x00	; 0
    20ac:	80 81       	ld	r24, Z
    20ae:	80 61       	ori	r24, 0x10	; 16
    20b0:	8c 93       	st	X, r24
	SET_BIT(UCSRB, TXEN);
    20b2:	aa e2       	ldi	r26, 0x2A	; 42
    20b4:	b0 e0       	ldi	r27, 0x00	; 0
    20b6:	ea e2       	ldi	r30, 0x2A	; 42
    20b8:	f0 e0       	ldi	r31, 0x00	; 0
    20ba:	80 81       	ld	r24, Z
    20bc:	88 60       	ori	r24, 0x08	; 8
    20be:	8c 93       	st	X, r24

	if(Config_Ptr->bit_data == UART_9_BIT_DATA)
    20c0:	eb 81       	ldd	r30, Y+3	; 0x03
    20c2:	fc 81       	ldd	r31, Y+4	; 0x04
    20c4:	80 81       	ld	r24, Z
    20c6:	84 30       	cpi	r24, 0x04	; 4
    20c8:	41 f4       	brne	.+16     	; 0x20da <UART_init+0x66>
	{
		SET_BIT(UCSRB, UCSZ2);
    20ca:	aa e2       	ldi	r26, 0x2A	; 42
    20cc:	b0 e0       	ldi	r27, 0x00	; 0
    20ce:	ea e2       	ldi	r30, 0x2A	; 42
    20d0:	f0 e0       	ldi	r31, 0x00	; 0
    20d2:	80 81       	ld	r24, Z
    20d4:	84 60       	ori	r24, 0x04	; 4
    20d6:	8c 93       	st	X, r24
    20d8:	07 c0       	rjmp	.+14     	; 0x20e8 <UART_init+0x74>
	}
	else
	{
		CLEAR_BIT(UCSRB, UCSZ2);
    20da:	aa e2       	ldi	r26, 0x2A	; 42
    20dc:	b0 e0       	ldi	r27, 0x00	; 0
    20de:	ea e2       	ldi	r30, 0x2A	; 42
    20e0:	f0 e0       	ldi	r31, 0x00	; 0
    20e2:	80 81       	ld	r24, Z
    20e4:	8b 7f       	andi	r24, 0xFB	; 251
    20e6:	8c 93       	st	X, r24
	 * UPM1:0  = 00 Disable parity bit
	 * USBS    = 0 One stop bit
	 * UCSZ1:0 = 11 For 8-bit data mode
	 * UCPOL   = 0 Used with the Synchronous operation only
	 ***********************************************************************/ 	
	UCSRC = 0;
    20e8:	e0 e4       	ldi	r30, 0x40	; 64
    20ea:	f0 e0       	ldi	r31, 0x00	; 0
    20ec:	10 82       	st	Z, r1
	SET_BIT(UCSRC, URSEL);
    20ee:	a0 e4       	ldi	r26, 0x40	; 64
    20f0:	b0 e0       	ldi	r27, 0x00	; 0
    20f2:	e0 e4       	ldi	r30, 0x40	; 64
    20f4:	f0 e0       	ldi	r31, 0x00	; 0
    20f6:	80 81       	ld	r24, Z
    20f8:	80 68       	ori	r24, 0x80	; 128
    20fa:	8c 93       	st	X, r24

	switch(Config_Ptr->bit_data)
    20fc:	eb 81       	ldd	r30, Y+3	; 0x03
    20fe:	fc 81       	ldd	r31, Y+4	; 0x04
    2100:	80 81       	ld	r24, Z
    2102:	28 2f       	mov	r18, r24
    2104:	30 e0       	ldi	r19, 0x00	; 0
    2106:	38 87       	std	Y+8, r19	; 0x08
    2108:	2f 83       	std	Y+7, r18	; 0x07
    210a:	8f 81       	ldd	r24, Y+7	; 0x07
    210c:	98 85       	ldd	r25, Y+8	; 0x08
    210e:	82 30       	cpi	r24, 0x02	; 2
    2110:	91 05       	cpc	r25, r1
    2112:	c1 f1       	breq	.+112    	; 0x2184 <UART_init+0x110>
    2114:	2f 81       	ldd	r18, Y+7	; 0x07
    2116:	38 85       	ldd	r19, Y+8	; 0x08
    2118:	23 30       	cpi	r18, 0x03	; 3
    211a:	31 05       	cpc	r19, r1
    211c:	54 f4       	brge	.+20     	; 0x2132 <UART_init+0xbe>
    211e:	8f 81       	ldd	r24, Y+7	; 0x07
    2120:	98 85       	ldd	r25, Y+8	; 0x08
    2122:	00 97       	sbiw	r24, 0x00	; 0
    2124:	89 f0       	breq	.+34     	; 0x2148 <UART_init+0xd4>
    2126:	2f 81       	ldd	r18, Y+7	; 0x07
    2128:	38 85       	ldd	r19, Y+8	; 0x08
    212a:	21 30       	cpi	r18, 0x01	; 1
    212c:	31 05       	cpc	r19, r1
    212e:	d9 f0       	breq	.+54     	; 0x2166 <UART_init+0xf2>
    2130:	55 c0       	rjmp	.+170    	; 0x21dc <UART_init+0x168>
    2132:	8f 81       	ldd	r24, Y+7	; 0x07
    2134:	98 85       	ldd	r25, Y+8	; 0x08
    2136:	83 30       	cpi	r24, 0x03	; 3
    2138:	91 05       	cpc	r25, r1
    213a:	99 f1       	breq	.+102    	; 0x21a2 <UART_init+0x12e>
    213c:	2f 81       	ldd	r18, Y+7	; 0x07
    213e:	38 85       	ldd	r19, Y+8	; 0x08
    2140:	24 30       	cpi	r18, 0x04	; 4
    2142:	31 05       	cpc	r19, r1
    2144:	e9 f1       	breq	.+122    	; 0x21c0 <UART_init+0x14c>
    2146:	4a c0       	rjmp	.+148    	; 0x21dc <UART_init+0x168>
	{
	case UART_5_BIT_DATA:
		CLEAR_BIT(UCSRC, UCSZ0);
    2148:	a0 e4       	ldi	r26, 0x40	; 64
    214a:	b0 e0       	ldi	r27, 0x00	; 0
    214c:	e0 e4       	ldi	r30, 0x40	; 64
    214e:	f0 e0       	ldi	r31, 0x00	; 0
    2150:	80 81       	ld	r24, Z
    2152:	8d 7f       	andi	r24, 0xFD	; 253
    2154:	8c 93       	st	X, r24
		CLEAR_BIT(UCSRC, UCSZ1);
    2156:	a0 e4       	ldi	r26, 0x40	; 64
    2158:	b0 e0       	ldi	r27, 0x00	; 0
    215a:	e0 e4       	ldi	r30, 0x40	; 64
    215c:	f0 e0       	ldi	r31, 0x00	; 0
    215e:	80 81       	ld	r24, Z
    2160:	8b 7f       	andi	r24, 0xFB	; 251
    2162:	8c 93       	st	X, r24
    2164:	3b c0       	rjmp	.+118    	; 0x21dc <UART_init+0x168>
		break;
	case UART_6_BIT_DATA:
		SET_BIT(UCSRC, UCSZ0);
    2166:	a0 e4       	ldi	r26, 0x40	; 64
    2168:	b0 e0       	ldi	r27, 0x00	; 0
    216a:	e0 e4       	ldi	r30, 0x40	; 64
    216c:	f0 e0       	ldi	r31, 0x00	; 0
    216e:	80 81       	ld	r24, Z
    2170:	82 60       	ori	r24, 0x02	; 2
    2172:	8c 93       	st	X, r24
		CLEAR_BIT(UCSRC, UCSZ1);
    2174:	a0 e4       	ldi	r26, 0x40	; 64
    2176:	b0 e0       	ldi	r27, 0x00	; 0
    2178:	e0 e4       	ldi	r30, 0x40	; 64
    217a:	f0 e0       	ldi	r31, 0x00	; 0
    217c:	80 81       	ld	r24, Z
    217e:	8b 7f       	andi	r24, 0xFB	; 251
    2180:	8c 93       	st	X, r24
    2182:	2c c0       	rjmp	.+88     	; 0x21dc <UART_init+0x168>
		break;
	case UART_7_BIT_DATA:
		CLEAR_BIT(UCSRC, UCSZ0);
    2184:	a0 e4       	ldi	r26, 0x40	; 64
    2186:	b0 e0       	ldi	r27, 0x00	; 0
    2188:	e0 e4       	ldi	r30, 0x40	; 64
    218a:	f0 e0       	ldi	r31, 0x00	; 0
    218c:	80 81       	ld	r24, Z
    218e:	8d 7f       	andi	r24, 0xFD	; 253
    2190:	8c 93       	st	X, r24
		SET_BIT(UCSRC, UCSZ1);
    2192:	a0 e4       	ldi	r26, 0x40	; 64
    2194:	b0 e0       	ldi	r27, 0x00	; 0
    2196:	e0 e4       	ldi	r30, 0x40	; 64
    2198:	f0 e0       	ldi	r31, 0x00	; 0
    219a:	80 81       	ld	r24, Z
    219c:	84 60       	ori	r24, 0x04	; 4
    219e:	8c 93       	st	X, r24
    21a0:	1d c0       	rjmp	.+58     	; 0x21dc <UART_init+0x168>
		break;
	case UART_8_BIT_DATA:
		SET_BIT(UCSRC, UCSZ0);
    21a2:	a0 e4       	ldi	r26, 0x40	; 64
    21a4:	b0 e0       	ldi	r27, 0x00	; 0
    21a6:	e0 e4       	ldi	r30, 0x40	; 64
    21a8:	f0 e0       	ldi	r31, 0x00	; 0
    21aa:	80 81       	ld	r24, Z
    21ac:	82 60       	ori	r24, 0x02	; 2
    21ae:	8c 93       	st	X, r24
		SET_BIT(UCSRC, UCSZ1);
    21b0:	a0 e4       	ldi	r26, 0x40	; 64
    21b2:	b0 e0       	ldi	r27, 0x00	; 0
    21b4:	e0 e4       	ldi	r30, 0x40	; 64
    21b6:	f0 e0       	ldi	r31, 0x00	; 0
    21b8:	80 81       	ld	r24, Z
    21ba:	84 60       	ori	r24, 0x04	; 4
    21bc:	8c 93       	st	X, r24
    21be:	0e c0       	rjmp	.+28     	; 0x21dc <UART_init+0x168>
		break;
	case UART_9_BIT_DATA:
		SET_BIT(UCSRC, UCSZ0);
    21c0:	a0 e4       	ldi	r26, 0x40	; 64
    21c2:	b0 e0       	ldi	r27, 0x00	; 0
    21c4:	e0 e4       	ldi	r30, 0x40	; 64
    21c6:	f0 e0       	ldi	r31, 0x00	; 0
    21c8:	80 81       	ld	r24, Z
    21ca:	82 60       	ori	r24, 0x02	; 2
    21cc:	8c 93       	st	X, r24
		SET_BIT(UCSRC, UCSZ1);
    21ce:	a0 e4       	ldi	r26, 0x40	; 64
    21d0:	b0 e0       	ldi	r27, 0x00	; 0
    21d2:	e0 e4       	ldi	r30, 0x40	; 64
    21d4:	f0 e0       	ldi	r31, 0x00	; 0
    21d6:	80 81       	ld	r24, Z
    21d8:	84 60       	ori	r24, 0x04	; 4
    21da:	8c 93       	st	X, r24
		break;
	}

	/* Configure parity */
	switch(Config_Ptr->parity)
    21dc:	eb 81       	ldd	r30, Y+3	; 0x03
    21de:	fc 81       	ldd	r31, Y+4	; 0x04
    21e0:	81 81       	ldd	r24, Z+1	; 0x01
    21e2:	28 2f       	mov	r18, r24
    21e4:	30 e0       	ldi	r19, 0x00	; 0
    21e6:	3e 83       	std	Y+6, r19	; 0x06
    21e8:	2d 83       	std	Y+5, r18	; 0x05
    21ea:	8d 81       	ldd	r24, Y+5	; 0x05
    21ec:	9e 81       	ldd	r25, Y+6	; 0x06
    21ee:	82 30       	cpi	r24, 0x02	; 2
    21f0:	91 05       	cpc	r25, r1
    21f2:	c1 f0       	breq	.+48     	; 0x2224 <UART_init+0x1b0>
    21f4:	2d 81       	ldd	r18, Y+5	; 0x05
    21f6:	3e 81       	ldd	r19, Y+6	; 0x06
    21f8:	23 30       	cpi	r18, 0x03	; 3
    21fa:	31 05       	cpc	r19, r1
    21fc:	11 f1       	breq	.+68     	; 0x2242 <UART_init+0x1ce>
    21fe:	8d 81       	ldd	r24, Y+5	; 0x05
    2200:	9e 81       	ldd	r25, Y+6	; 0x06
    2202:	00 97       	sbiw	r24, 0x00	; 0
    2204:	61 f5       	brne	.+88     	; 0x225e <UART_init+0x1ea>
	{
	case UART_NO_PARITY:
		CLEAR_BIT(UCSRC, UPM0);
    2206:	a0 e4       	ldi	r26, 0x40	; 64
    2208:	b0 e0       	ldi	r27, 0x00	; 0
    220a:	e0 e4       	ldi	r30, 0x40	; 64
    220c:	f0 e0       	ldi	r31, 0x00	; 0
    220e:	80 81       	ld	r24, Z
    2210:	8f 7e       	andi	r24, 0xEF	; 239
    2212:	8c 93       	st	X, r24
		CLEAR_BIT(UCSRC, UPM1);
    2214:	a0 e4       	ldi	r26, 0x40	; 64
    2216:	b0 e0       	ldi	r27, 0x00	; 0
    2218:	e0 e4       	ldi	r30, 0x40	; 64
    221a:	f0 e0       	ldi	r31, 0x00	; 0
    221c:	80 81       	ld	r24, Z
    221e:	8f 7d       	andi	r24, 0xDF	; 223
    2220:	8c 93       	st	X, r24
    2222:	1d c0       	rjmp	.+58     	; 0x225e <UART_init+0x1ea>
		break;
	case UART_EVEN_PARITY:
		CLEAR_BIT(UCSRC, UPM0);
    2224:	a0 e4       	ldi	r26, 0x40	; 64
    2226:	b0 e0       	ldi	r27, 0x00	; 0
    2228:	e0 e4       	ldi	r30, 0x40	; 64
    222a:	f0 e0       	ldi	r31, 0x00	; 0
    222c:	80 81       	ld	r24, Z
    222e:	8f 7e       	andi	r24, 0xEF	; 239
    2230:	8c 93       	st	X, r24
		SET_BIT(UCSRC, UPM1);
    2232:	a0 e4       	ldi	r26, 0x40	; 64
    2234:	b0 e0       	ldi	r27, 0x00	; 0
    2236:	e0 e4       	ldi	r30, 0x40	; 64
    2238:	f0 e0       	ldi	r31, 0x00	; 0
    223a:	80 81       	ld	r24, Z
    223c:	80 62       	ori	r24, 0x20	; 32
    223e:	8c 93       	st	X, r24
    2240:	0e c0       	rjmp	.+28     	; 0x225e <UART_init+0x1ea>
		break;
	case UART_ODD_PARITY:
		SET_BIT(UCSRC, UPM0);
    2242:	a0 e4       	ldi	r26, 0x40	; 64
    2244:	b0 e0       	ldi	r27, 0x00	; 0
    2246:	e0 e4       	ldi	r30, 0x40	; 64
    2248:	f0 e0       	ldi	r31, 0x00	; 0
    224a:	80 81       	ld	r24, Z
    224c:	80 61       	ori	r24, 0x10	; 16
    224e:	8c 93       	st	X, r24
		SET_BIT(UCSRC, UPM1);
    2250:	a0 e4       	ldi	r26, 0x40	; 64
    2252:	b0 e0       	ldi	r27, 0x00	; 0
    2254:	e0 e4       	ldi	r30, 0x40	; 64
    2256:	f0 e0       	ldi	r31, 0x00	; 0
    2258:	80 81       	ld	r24, Z
    225a:	80 62       	ori	r24, 0x20	; 32
    225c:	8c 93       	st	X, r24
		break;
	}

	/* Configure stop bits  */
	if(Config_Ptr->stop_bit == UART_2_STOP_BIT)
    225e:	eb 81       	ldd	r30, Y+3	; 0x03
    2260:	fc 81       	ldd	r31, Y+4	; 0x04
    2262:	82 81       	ldd	r24, Z+2	; 0x02
    2264:	81 30       	cpi	r24, 0x01	; 1
    2266:	41 f4       	brne	.+16     	; 0x2278 <UART_init+0x204>
	{
		SET_BIT(UCSRC, USBS);
    2268:	a0 e4       	ldi	r26, 0x40	; 64
    226a:	b0 e0       	ldi	r27, 0x00	; 0
    226c:	e0 e4       	ldi	r30, 0x40	; 64
    226e:	f0 e0       	ldi	r31, 0x00	; 0
    2270:	80 81       	ld	r24, Z
    2272:	88 60       	ori	r24, 0x08	; 8
    2274:	8c 93       	st	X, r24
    2276:	07 c0       	rjmp	.+14     	; 0x2286 <UART_init+0x212>
	}
	else
	{
		CLEAR_BIT(UCSRC, USBS);
    2278:	a0 e4       	ldi	r26, 0x40	; 64
    227a:	b0 e0       	ldi	r27, 0x00	; 0
    227c:	e0 e4       	ldi	r30, 0x40	; 64
    227e:	f0 e0       	ldi	r31, 0x00	; 0
    2280:	80 81       	ld	r24, Z
    2282:	87 7f       	andi	r24, 0xF7	; 247
    2284:	8c 93       	st	X, r24
	}



	/* Calculate the UBRR register value */
	ubrr_value = (u16)(((F_CPU / (Config_Ptr->baud_rate * 8UL))) - 1);
    2286:	eb 81       	ldd	r30, Y+3	; 0x03
    2288:	fc 81       	ldd	r31, Y+4	; 0x04
    228a:	83 81       	ldd	r24, Z+3	; 0x03
    228c:	94 81       	ldd	r25, Z+4	; 0x04
    228e:	a5 81       	ldd	r26, Z+5	; 0x05
    2290:	b6 81       	ldd	r27, Z+6	; 0x06
    2292:	88 0f       	add	r24, r24
    2294:	99 1f       	adc	r25, r25
    2296:	aa 1f       	adc	r26, r26
    2298:	bb 1f       	adc	r27, r27
    229a:	88 0f       	add	r24, r24
    229c:	99 1f       	adc	r25, r25
    229e:	aa 1f       	adc	r26, r26
    22a0:	bb 1f       	adc	r27, r27
    22a2:	88 0f       	add	r24, r24
    22a4:	99 1f       	adc	r25, r25
    22a6:	aa 1f       	adc	r26, r26
    22a8:	bb 1f       	adc	r27, r27
    22aa:	9c 01       	movw	r18, r24
    22ac:	ad 01       	movw	r20, r26
    22ae:	80 e0       	ldi	r24, 0x00	; 0
    22b0:	92 e1       	ldi	r25, 0x12	; 18
    22b2:	aa e7       	ldi	r26, 0x7A	; 122
    22b4:	b0 e0       	ldi	r27, 0x00	; 0
    22b6:	bc 01       	movw	r22, r24
    22b8:	cd 01       	movw	r24, r26
    22ba:	0e 94 5d 15 	call	0x2aba	; 0x2aba <__udivmodsi4>
    22be:	da 01       	movw	r26, r20
    22c0:	c9 01       	movw	r24, r18
    22c2:	01 97       	sbiw	r24, 0x01	; 1
    22c4:	9a 83       	std	Y+2, r25	; 0x02
    22c6:	89 83       	std	Y+1, r24	; 0x01

	/* First 8 bits from the BAUD_PRESCALE inside UBRRL and last 4 bits in UBRRH*/
	UBRRH = ubrr_value>>8;
    22c8:	e0 e4       	ldi	r30, 0x40	; 64
    22ca:	f0 e0       	ldi	r31, 0x00	; 0
    22cc:	89 81       	ldd	r24, Y+1	; 0x01
    22ce:	9a 81       	ldd	r25, Y+2	; 0x02
    22d0:	89 2f       	mov	r24, r25
    22d2:	99 27       	eor	r25, r25
    22d4:	80 83       	st	Z, r24
	UBRRL = ubrr_value;
    22d6:	e9 e2       	ldi	r30, 0x29	; 41
    22d8:	f0 e0       	ldi	r31, 0x00	; 0
    22da:	89 81       	ldd	r24, Y+1	; 0x01
    22dc:	80 83       	st	Z, r24
}
    22de:	28 96       	adiw	r28, 0x08	; 8
    22e0:	0f b6       	in	r0, 0x3f	; 63
    22e2:	f8 94       	cli
    22e4:	de bf       	out	0x3e, r29	; 62
    22e6:	0f be       	out	0x3f, r0	; 63
    22e8:	cd bf       	out	0x3d, r28	; 61
    22ea:	cf 91       	pop	r28
    22ec:	df 91       	pop	r29
    22ee:	08 95       	ret

000022f0 <UART_sendByte>:
/*
 * Description :
 * Functional responsible for send byte to another UART device.
 */
void UART_sendByte(const u8 data)
{
    22f0:	df 93       	push	r29
    22f2:	cf 93       	push	r28
    22f4:	0f 92       	push	r0
    22f6:	cd b7       	in	r28, 0x3d	; 61
    22f8:	de b7       	in	r29, 0x3e	; 62
    22fa:	89 83       	std	Y+1, r24	; 0x01
	/*
	 * UDRE flag is set when the Tx buffer (UDR) is empty and ready for
	 * transmitting a new byte so wait until this flag is set to one
	 */
	while(BIT_IS_CLEAR(UCSRA,UDRE)){}
    22fc:	eb e2       	ldi	r30, 0x2B	; 43
    22fe:	f0 e0       	ldi	r31, 0x00	; 0
    2300:	80 81       	ld	r24, Z
    2302:	88 2f       	mov	r24, r24
    2304:	90 e0       	ldi	r25, 0x00	; 0
    2306:	80 72       	andi	r24, 0x20	; 32
    2308:	90 70       	andi	r25, 0x00	; 0
    230a:	00 97       	sbiw	r24, 0x00	; 0
    230c:	b9 f3       	breq	.-18     	; 0x22fc <UART_sendByte+0xc>

	/*
	 * Put the required data in the UDR register and it also clear the UDRE flag as
	 * the UDR register is not empty now
	 */
	UDR = data;
    230e:	ec e2       	ldi	r30, 0x2C	; 44
    2310:	f0 e0       	ldi	r31, 0x00	; 0
    2312:	89 81       	ldd	r24, Y+1	; 0x01
    2314:	80 83       	st	Z, r24
	/************************* Another Method *************************
	UDR = data;
	while(BIT_IS_CLEAR(UCSRA,TXC)){} // Wait until the transmission is complete TXC = 1
	SET_BIT(UCSRA,TXC); // Clear the TXC flag
	 *******************************************************************/
}
    2316:	0f 90       	pop	r0
    2318:	cf 91       	pop	r28
    231a:	df 91       	pop	r29
    231c:	08 95       	ret

0000231e <UART_recieveByte>:
/*
 * Description :
 * Functional responsible for receive byte from another UART device.
 */
u8 UART_recieveByte(void)
{
    231e:	df 93       	push	r29
    2320:	cf 93       	push	r28
    2322:	cd b7       	in	r28, 0x3d	; 61
    2324:	de b7       	in	r29, 0x3e	; 62
	/* RXC flag is set when the UART receive data so wait until this flag is set to one */
	while(BIT_IS_CLEAR(UCSRA,RXC)){}
    2326:	eb e2       	ldi	r30, 0x2B	; 43
    2328:	f0 e0       	ldi	r31, 0x00	; 0
    232a:	80 81       	ld	r24, Z
    232c:	88 23       	and	r24, r24
    232e:	dc f7       	brge	.-10     	; 0x2326 <UART_recieveByte+0x8>

	/*
	 * Read the received data from the Rx buffer (UDR)
	 * The RXC flag will be cleared after read the data
	 */
	return UDR;
    2330:	ec e2       	ldi	r30, 0x2C	; 44
    2332:	f0 e0       	ldi	r31, 0x00	; 0
    2334:	80 81       	ld	r24, Z
}
    2336:	cf 91       	pop	r28
    2338:	df 91       	pop	r29
    233a:	08 95       	ret

0000233c <UART_sendString>:
/*
 * Description :
 * Send the required string through UART to the other UART device.
 */
void UART_sendString(const u8 *Str)
{
    233c:	df 93       	push	r29
    233e:	cf 93       	push	r28
    2340:	00 d0       	rcall	.+0      	; 0x2342 <UART_sendString+0x6>
    2342:	0f 92       	push	r0
    2344:	cd b7       	in	r28, 0x3d	; 61
    2346:	de b7       	in	r29, 0x3e	; 62
    2348:	9b 83       	std	Y+3, r25	; 0x03
    234a:	8a 83       	std	Y+2, r24	; 0x02
	u8 i = 0;
    234c:	19 82       	std	Y+1, r1	; 0x01
    234e:	0e c0       	rjmp	.+28     	; 0x236c <UART_sendString+0x30>

	/* Send the whole string */
	while(Str[i] != '\0')
	{
		UART_sendByte(Str[i]);
    2350:	89 81       	ldd	r24, Y+1	; 0x01
    2352:	28 2f       	mov	r18, r24
    2354:	30 e0       	ldi	r19, 0x00	; 0
    2356:	8a 81       	ldd	r24, Y+2	; 0x02
    2358:	9b 81       	ldd	r25, Y+3	; 0x03
    235a:	fc 01       	movw	r30, r24
    235c:	e2 0f       	add	r30, r18
    235e:	f3 1f       	adc	r31, r19
    2360:	80 81       	ld	r24, Z
    2362:	0e 94 78 11 	call	0x22f0	; 0x22f0 <UART_sendByte>
		i++;
    2366:	89 81       	ldd	r24, Y+1	; 0x01
    2368:	8f 5f       	subi	r24, 0xFF	; 255
    236a:	89 83       	std	Y+1, r24	; 0x01
void UART_sendString(const u8 *Str)
{
	u8 i = 0;

	/* Send the whole string */
	while(Str[i] != '\0')
    236c:	89 81       	ldd	r24, Y+1	; 0x01
    236e:	28 2f       	mov	r18, r24
    2370:	30 e0       	ldi	r19, 0x00	; 0
    2372:	8a 81       	ldd	r24, Y+2	; 0x02
    2374:	9b 81       	ldd	r25, Y+3	; 0x03
    2376:	fc 01       	movw	r30, r24
    2378:	e2 0f       	add	r30, r18
    237a:	f3 1f       	adc	r31, r19
    237c:	80 81       	ld	r24, Z
    237e:	88 23       	and	r24, r24
    2380:	39 f7       	brne	.-50     	; 0x2350 <UART_sendString+0x14>
	{
		UART_sendByte(*Str);
		Str++;
	}		
	 *******************************************************************/
}
    2382:	0f 90       	pop	r0
    2384:	0f 90       	pop	r0
    2386:	0f 90       	pop	r0
    2388:	cf 91       	pop	r28
    238a:	df 91       	pop	r29
    238c:	08 95       	ret

0000238e <UART_receiveString>:
/*
 * Description :
 * Receive the required string until the '#' symbol through UART from the other UART device.
 */
void UART_receiveString(u8 *Str)
{
    238e:	0f 93       	push	r16
    2390:	1f 93       	push	r17
    2392:	df 93       	push	r29
    2394:	cf 93       	push	r28
    2396:	00 d0       	rcall	.+0      	; 0x2398 <UART_receiveString+0xa>
    2398:	0f 92       	push	r0
    239a:	cd b7       	in	r28, 0x3d	; 61
    239c:	de b7       	in	r29, 0x3e	; 62
    239e:	9b 83       	std	Y+3, r25	; 0x03
    23a0:	8a 83       	std	Y+2, r24	; 0x02
	u8 i = 0;
    23a2:	19 82       	std	Y+1, r1	; 0x01

	/* Receive the first byte */
	Str[i] = UART_recieveByte();
    23a4:	89 81       	ldd	r24, Y+1	; 0x01
    23a6:	28 2f       	mov	r18, r24
    23a8:	30 e0       	ldi	r19, 0x00	; 0
    23aa:	8a 81       	ldd	r24, Y+2	; 0x02
    23ac:	9b 81       	ldd	r25, Y+3	; 0x03
    23ae:	8c 01       	movw	r16, r24
    23b0:	02 0f       	add	r16, r18
    23b2:	13 1f       	adc	r17, r19
    23b4:	0e 94 8f 11 	call	0x231e	; 0x231e <UART_recieveByte>
    23b8:	f8 01       	movw	r30, r16
    23ba:	80 83       	st	Z, r24
    23bc:	0f c0       	rjmp	.+30     	; 0x23dc <UART_receiveString+0x4e>

	/* Receive the whole string until the '#' */
	while(Str[i] != '#')
	{
		i++;
    23be:	89 81       	ldd	r24, Y+1	; 0x01
    23c0:	8f 5f       	subi	r24, 0xFF	; 255
    23c2:	89 83       	std	Y+1, r24	; 0x01
		Str[i] = UART_recieveByte();
    23c4:	89 81       	ldd	r24, Y+1	; 0x01
    23c6:	28 2f       	mov	r18, r24
    23c8:	30 e0       	ldi	r19, 0x00	; 0
    23ca:	8a 81       	ldd	r24, Y+2	; 0x02
    23cc:	9b 81       	ldd	r25, Y+3	; 0x03
    23ce:	8c 01       	movw	r16, r24
    23d0:	02 0f       	add	r16, r18
    23d2:	13 1f       	adc	r17, r19
    23d4:	0e 94 8f 11 	call	0x231e	; 0x231e <UART_recieveByte>
    23d8:	f8 01       	movw	r30, r16
    23da:	80 83       	st	Z, r24

	/* Receive the first byte */
	Str[i] = UART_recieveByte();

	/* Receive the whole string until the '#' */
	while(Str[i] != '#')
    23dc:	89 81       	ldd	r24, Y+1	; 0x01
    23de:	28 2f       	mov	r18, r24
    23e0:	30 e0       	ldi	r19, 0x00	; 0
    23e2:	8a 81       	ldd	r24, Y+2	; 0x02
    23e4:	9b 81       	ldd	r25, Y+3	; 0x03
    23e6:	fc 01       	movw	r30, r24
    23e8:	e2 0f       	add	r30, r18
    23ea:	f3 1f       	adc	r31, r19
    23ec:	80 81       	ld	r24, Z
    23ee:	83 32       	cpi	r24, 0x23	; 35
    23f0:	31 f7       	brne	.-52     	; 0x23be <UART_receiveString+0x30>
		i++;
		Str[i] = UART_recieveByte();
	}

	/* After receiving the whole string plus the '#', replace the '#' with '\0' */
	Str[i] = '\0';
    23f2:	89 81       	ldd	r24, Y+1	; 0x01
    23f4:	28 2f       	mov	r18, r24
    23f6:	30 e0       	ldi	r19, 0x00	; 0
    23f8:	8a 81       	ldd	r24, Y+2	; 0x02
    23fa:	9b 81       	ldd	r25, Y+3	; 0x03
    23fc:	fc 01       	movw	r30, r24
    23fe:	e2 0f       	add	r30, r18
    2400:	f3 1f       	adc	r31, r19
    2402:	10 82       	st	Z, r1
}
    2404:	0f 90       	pop	r0
    2406:	0f 90       	pop	r0
    2408:	0f 90       	pop	r0
    240a:	cf 91       	pop	r28
    240c:	df 91       	pop	r29
    240e:	1f 91       	pop	r17
    2410:	0f 91       	pop	r16
    2412:	08 95       	ret

00002414 <DcMotor_Init>:
#include "DcMotor_driver.h"
#include "../MCAL/GPIO_inteface.h"
#include "../MCAL/PWM_inteface.h"

void DcMotor_Init(void)
{
    2414:	df 93       	push	r29
    2416:	cf 93       	push	r28
    2418:	cd b7       	in	r28, 0x3d	; 61
    241a:	de b7       	in	r29, 0x3e	; 62
	GPIO_voidSetPinDirection(MOTOR1_IN1_PORT, MOTOR1_IN1_PIN, PIN_OUT);
    241c:	80 e0       	ldi	r24, 0x00	; 0
    241e:	62 e0       	ldi	r22, 0x02	; 2
    2420:	41 e0       	ldi	r20, 0x01	; 1
    2422:	0e 94 26 0b 	call	0x164c	; 0x164c <GPIO_voidSetPinDirection>
	GPIO_voidSetPinDirection(MOTOR1_IN2_PORT, MOTOR1_IN2_PIN, PIN_OUT);
    2426:	80 e0       	ldi	r24, 0x00	; 0
    2428:	63 e0       	ldi	r22, 0x03	; 3
    242a:	41 e0       	ldi	r20, 0x01	; 1
    242c:	0e 94 26 0b 	call	0x164c	; 0x164c <GPIO_voidSetPinDirection>
	GPIO_voidSetPinDirection(MOTOR1_ENABLE_PORT, MOTOR1_ENABLE_PIN, PIN_OUT); /* PB3 (OC0) */
    2430:	81 e0       	ldi	r24, 0x01	; 1
    2432:	63 e0       	ldi	r22, 0x03	; 3
    2434:	41 e0       	ldi	r20, 0x01	; 1
    2436:	0e 94 26 0b 	call	0x164c	; 0x164c <GPIO_voidSetPinDirection>

	/* Stop motor initially */
	GPIO_voidSetPinValue(MOTOR1_IN1_PORT, MOTOR1_IN1_PIN, PIN_LOW);
    243a:	80 e0       	ldi	r24, 0x00	; 0
    243c:	62 e0       	ldi	r22, 0x02	; 2
    243e:	40 e0       	ldi	r20, 0x00	; 0
    2440:	0e 94 67 0c 	call	0x18ce	; 0x18ce <GPIO_voidSetPinValue>
	GPIO_voidSetPinValue(MOTOR1_IN2_PORT, MOTOR1_IN2_PIN, PIN_LOW);
    2444:	80 e0       	ldi	r24, 0x00	; 0
    2446:	63 e0       	ldi	r22, 0x03	; 3
    2448:	40 e0       	ldi	r20, 0x00	; 0
    244a:	0e 94 67 0c 	call	0x18ce	; 0x18ce <GPIO_voidSetPinValue>

	GPIO_voidSetPinDirection(MOTOR2_IN1_PORT, MOTOR2_IN1_PIN, PIN_OUT);
    244e:	80 e0       	ldi	r24, 0x00	; 0
    2450:	66 e0       	ldi	r22, 0x06	; 6
    2452:	41 e0       	ldi	r20, 0x01	; 1
    2454:	0e 94 26 0b 	call	0x164c	; 0x164c <GPIO_voidSetPinDirection>
	GPIO_voidSetPinDirection(MOTOR2_IN2_PORT, MOTOR2_IN2_PIN, PIN_OUT);
    2458:	80 e0       	ldi	r24, 0x00	; 0
    245a:	67 e0       	ldi	r22, 0x07	; 7
    245c:	41 e0       	ldi	r20, 0x01	; 1
    245e:	0e 94 26 0b 	call	0x164c	; 0x164c <GPIO_voidSetPinDirection>
	GPIO_voidSetPinDirection(MOTOR2_ENABLE_PORT, MOTOR2_ENABLE_PIN, PIN_OUT); /* PB6 (GPIO) */
    2462:	81 e0       	ldi	r24, 0x01	; 1
    2464:	63 e0       	ldi	r22, 0x03	; 3
    2466:	41 e0       	ldi	r20, 0x01	; 1
    2468:	0e 94 26 0b 	call	0x164c	; 0x164c <GPIO_voidSetPinDirection>

	/* Stop motor initially */
	GPIO_voidSetPinValue(MOTOR2_IN1_PORT, MOTOR2_IN1_PIN, PIN_LOW);
    246c:	80 e0       	ldi	r24, 0x00	; 0
    246e:	66 e0       	ldi	r22, 0x06	; 6
    2470:	40 e0       	ldi	r20, 0x00	; 0
    2472:	0e 94 67 0c 	call	0x18ce	; 0x18ce <GPIO_voidSetPinValue>
	GPIO_voidSetPinValue(MOTOR2_IN2_PORT, MOTOR2_IN2_PIN, PIN_LOW);
    2476:	80 e0       	ldi	r24, 0x00	; 0
    2478:	67 e0       	ldi	r22, 0x07	; 7
    247a:	40 e0       	ldi	r20, 0x00	; 0
    247c:	0e 94 67 0c 	call	0x18ce	; 0x18ce <GPIO_voidSetPinValue>
	GPIO_voidSetPinValue(MOTOR2_ENABLE_PORT, MOTOR2_ENABLE_PIN, PIN_LOW); /* Turn off motor 2 */
    2480:	81 e0       	ldi	r24, 0x01	; 1
    2482:	63 e0       	ldi	r22, 0x03	; 3
    2484:	40 e0       	ldi	r20, 0x00	; 0
    2486:	0e 94 67 0c 	call	0x18ce	; 0x18ce <GPIO_voidSetPinValue>
}
    248a:	cf 91       	pop	r28
    248c:	df 91       	pop	r29
    248e:	08 95       	ret

00002490 <DcMotor_Rotate>:

void DcMotor_Rotate(DcMotor_ID motorid ,DcMotor_State state, u8 speed)
{
    2490:	df 93       	push	r29
    2492:	cf 93       	push	r28
    2494:	cd b7       	in	r28, 0x3d	; 61
    2496:	de b7       	in	r29, 0x3e	; 62
    2498:	27 97       	sbiw	r28, 0x07	; 7
    249a:	0f b6       	in	r0, 0x3f	; 63
    249c:	f8 94       	cli
    249e:	de bf       	out	0x3e, r29	; 62
    24a0:	0f be       	out	0x3f, r0	; 63
    24a2:	cd bf       	out	0x3d, r28	; 61
    24a4:	89 83       	std	Y+1, r24	; 0x01
    24a6:	6a 83       	std	Y+2, r22	; 0x02
    24a8:	4b 83       	std	Y+3, r20	; 0x03
	/* Limit speed to maximum 100% */
	if(speed > 100)
    24aa:	8b 81       	ldd	r24, Y+3	; 0x03
    24ac:	85 36       	cpi	r24, 0x65	; 101
    24ae:	10 f0       	brcs	.+4      	; 0x24b4 <DcMotor_Rotate+0x24>
		speed = 100;
    24b0:	84 e6       	ldi	r24, 0x64	; 100
    24b2:	8b 83       	std	Y+3, r24	; 0x03
	/*
	 * !!! CRITICAL FIX !!!
	 * Use an "if... else if..." structure to separate motor logic.
	 */

	if(motorid == MOTOR_1ID)
    24b4:	89 81       	ldd	r24, Y+1	; 0x01
    24b6:	88 23       	and	r24, r24
    24b8:	09 f0       	breq	.+2      	; 0x24bc <DcMotor_Rotate+0x2c>
    24ba:	4b c0       	rjmp	.+150    	; 0x2552 <DcMotor_Rotate+0xc2>
	{
		/* --- Logic for Motor 1 (Uses PWM) --- */
		switch(state)
    24bc:	8a 81       	ldd	r24, Y+2	; 0x02
    24be:	28 2f       	mov	r18, r24
    24c0:	30 e0       	ldi	r19, 0x00	; 0
    24c2:	3f 83       	std	Y+7, r19	; 0x07
    24c4:	2e 83       	std	Y+6, r18	; 0x06
    24c6:	8e 81       	ldd	r24, Y+6	; 0x06
    24c8:	9f 81       	ldd	r25, Y+7	; 0x07
    24ca:	81 30       	cpi	r24, 0x01	; 1
    24cc:	91 05       	cpc	r25, r1
    24ce:	b9 f0       	breq	.+46     	; 0x24fe <DcMotor_Rotate+0x6e>
    24d0:	2e 81       	ldd	r18, Y+6	; 0x06
    24d2:	3f 81       	ldd	r19, Y+7	; 0x07
    24d4:	22 30       	cpi	r18, 0x02	; 2
    24d6:	31 05       	cpc	r19, r1
    24d8:	01 f1       	breq	.+64     	; 0x251a <DcMotor_Rotate+0x8a>
    24da:	8e 81       	ldd	r24, Y+6	; 0x06
    24dc:	9f 81       	ldd	r25, Y+7	; 0x07
    24de:	00 97       	sbiw	r24, 0x00	; 0
    24e0:	51 f5       	brne	.+84     	; 0x2536 <DcMotor_Rotate+0xa6>
		{
		case MOTOR_STOP:
			GPIO_voidSetPinValue(MOTOR1_IN1_PORT, MOTOR1_IN1_PIN, PIN_LOW);
    24e2:	80 e0       	ldi	r24, 0x00	; 0
    24e4:	62 e0       	ldi	r22, 0x02	; 2
    24e6:	40 e0       	ldi	r20, 0x00	; 0
    24e8:	0e 94 67 0c 	call	0x18ce	; 0x18ce <GPIO_voidSetPinValue>
			GPIO_voidSetPinValue(MOTOR1_IN2_PORT, MOTOR1_IN2_PIN, PIN_LOW);
    24ec:	80 e0       	ldi	r24, 0x00	; 0
    24ee:	63 e0       	ldi	r22, 0x03	; 3
    24f0:	40 e0       	ldi	r20, 0x00	; 0
    24f2:	0e 94 67 0c 	call	0x18ce	; 0x18ce <GPIO_voidSetPinValue>
			PWM_Timer0_Start(0); /* Speed = 0 */
    24f6:	80 e0       	ldi	r24, 0x00	; 0
    24f8:	0e 94 fe 0e 	call	0x1dfc	; 0x1dfc <PWM_Timer0_Start>
    24fc:	80 c0       	rjmp	.+256    	; 0x25fe <DcMotor_Rotate+0x16e>
			break;

		case MOTOR_CW:
			GPIO_voidSetPinValue(MOTOR1_IN1_PORT, MOTOR1_IN1_PIN, PIN_HIGH);
    24fe:	80 e0       	ldi	r24, 0x00	; 0
    2500:	62 e0       	ldi	r22, 0x02	; 2
    2502:	41 e0       	ldi	r20, 0x01	; 1
    2504:	0e 94 67 0c 	call	0x18ce	; 0x18ce <GPIO_voidSetPinValue>
			GPIO_voidSetPinValue(MOTOR1_IN2_PORT, MOTOR1_IN2_PIN, PIN_LOW);
    2508:	80 e0       	ldi	r24, 0x00	; 0
    250a:	63 e0       	ldi	r22, 0x03	; 3
    250c:	40 e0       	ldi	r20, 0x00	; 0
    250e:	0e 94 67 0c 	call	0x18ce	; 0x18ce <GPIO_voidSetPinValue>
			PWM_Timer0_Start(speed); /* Set speed */
    2512:	8b 81       	ldd	r24, Y+3	; 0x03
    2514:	0e 94 fe 0e 	call	0x1dfc	; 0x1dfc <PWM_Timer0_Start>
    2518:	72 c0       	rjmp	.+228    	; 0x25fe <DcMotor_Rotate+0x16e>
			break;

		case MOTOR_ACW:
			GPIO_voidSetPinValue(MOTOR1_IN1_PORT, MOTOR1_IN1_PIN, PIN_LOW);
    251a:	80 e0       	ldi	r24, 0x00	; 0
    251c:	62 e0       	ldi	r22, 0x02	; 2
    251e:	40 e0       	ldi	r20, 0x00	; 0
    2520:	0e 94 67 0c 	call	0x18ce	; 0x18ce <GPIO_voidSetPinValue>
			GPIO_voidSetPinValue(MOTOR1_IN2_PORT, MOTOR1_IN2_PIN, PIN_HIGH);
    2524:	80 e0       	ldi	r24, 0x00	; 0
    2526:	63 e0       	ldi	r22, 0x03	; 3
    2528:	41 e0       	ldi	r20, 0x01	; 1
    252a:	0e 94 67 0c 	call	0x18ce	; 0x18ce <GPIO_voidSetPinValue>
			PWM_Timer0_Start(speed); /* Set speed */
    252e:	8b 81       	ldd	r24, Y+3	; 0x03
    2530:	0e 94 fe 0e 	call	0x1dfc	; 0x1dfc <PWM_Timer0_Start>
    2534:	64 c0       	rjmp	.+200    	; 0x25fe <DcMotor_Rotate+0x16e>
			break;

		default:
			GPIO_voidSetPinValue(MOTOR1_IN1_PORT, MOTOR1_IN1_PIN, PIN_LOW);
    2536:	80 e0       	ldi	r24, 0x00	; 0
    2538:	62 e0       	ldi	r22, 0x02	; 2
    253a:	40 e0       	ldi	r20, 0x00	; 0
    253c:	0e 94 67 0c 	call	0x18ce	; 0x18ce <GPIO_voidSetPinValue>
			GPIO_voidSetPinValue(MOTOR1_IN2_PORT, MOTOR1_IN2_PIN, PIN_LOW);
    2540:	80 e0       	ldi	r24, 0x00	; 0
    2542:	63 e0       	ldi	r22, 0x03	; 3
    2544:	40 e0       	ldi	r20, 0x00	; 0
    2546:	0e 94 67 0c 	call	0x18ce	; 0x18ce <GPIO_voidSetPinValue>
			PWM_Timer0_Start(0);
    254a:	80 e0       	ldi	r24, 0x00	; 0
    254c:	0e 94 fe 0e 	call	0x1dfc	; 0x1dfc <PWM_Timer0_Start>
    2550:	56 c0       	rjmp	.+172    	; 0x25fe <DcMotor_Rotate+0x16e>
			break;
		}
	}
	else if (motorid == MOTOR_2ID)
    2552:	89 81       	ldd	r24, Y+1	; 0x01
    2554:	81 30       	cpi	r24, 0x01	; 1
    2556:	09 f0       	breq	.+2      	; 0x255a <DcMotor_Rotate+0xca>
    2558:	52 c0       	rjmp	.+164    	; 0x25fe <DcMotor_Rotate+0x16e>
	{
		/* --- Logic for Motor 2 (Uses GPIO Enable) --- */
		/* Note: The 'speed' parameter is ignored for this motor */
		switch(state)
    255a:	8a 81       	ldd	r24, Y+2	; 0x02
    255c:	28 2f       	mov	r18, r24
    255e:	30 e0       	ldi	r19, 0x00	; 0
    2560:	3d 83       	std	Y+5, r19	; 0x05
    2562:	2c 83       	std	Y+4, r18	; 0x04
    2564:	8c 81       	ldd	r24, Y+4	; 0x04
    2566:	9d 81       	ldd	r25, Y+5	; 0x05
    2568:	81 30       	cpi	r24, 0x01	; 1
    256a:	91 05       	cpc	r25, r1
    256c:	c9 f0       	breq	.+50     	; 0x25a0 <DcMotor_Rotate+0x110>
    256e:	2c 81       	ldd	r18, Y+4	; 0x04
    2570:	3d 81       	ldd	r19, Y+5	; 0x05
    2572:	22 30       	cpi	r18, 0x02	; 2
    2574:	31 05       	cpc	r19, r1
    2576:	21 f1       	breq	.+72     	; 0x25c0 <DcMotor_Rotate+0x130>
    2578:	8c 81       	ldd	r24, Y+4	; 0x04
    257a:	9d 81       	ldd	r25, Y+5	; 0x05
    257c:	00 97       	sbiw	r24, 0x00	; 0
    257e:	81 f5       	brne	.+96     	; 0x25e0 <DcMotor_Rotate+0x150>
		{
		case MOTOR_STOP:
			GPIO_voidSetPinValue(MOTOR2_IN1_PORT, MOTOR2_IN1_PIN, PIN_LOW);
    2580:	80 e0       	ldi	r24, 0x00	; 0
    2582:	66 e0       	ldi	r22, 0x06	; 6
    2584:	40 e0       	ldi	r20, 0x00	; 0
    2586:	0e 94 67 0c 	call	0x18ce	; 0x18ce <GPIO_voidSetPinValue>
			GPIO_voidSetPinValue(MOTOR2_IN2_PORT, MOTOR2_IN2_PIN, PIN_LOW);
    258a:	80 e0       	ldi	r24, 0x00	; 0
    258c:	67 e0       	ldi	r22, 0x07	; 7
    258e:	40 e0       	ldi	r20, 0x00	; 0
    2590:	0e 94 67 0c 	call	0x18ce	; 0x18ce <GPIO_voidSetPinValue>
			/* Turn off motor enable */
			GPIO_voidSetPinValue(MOTOR2_ENABLE_PORT, MOTOR2_ENABLE_PIN, PIN_LOW);
    2594:	81 e0       	ldi	r24, 0x01	; 1
    2596:	63 e0       	ldi	r22, 0x03	; 3
    2598:	40 e0       	ldi	r20, 0x00	; 0
    259a:	0e 94 67 0c 	call	0x18ce	; 0x18ce <GPIO_voidSetPinValue>
    259e:	2f c0       	rjmp	.+94     	; 0x25fe <DcMotor_Rotate+0x16e>
			break;

		case MOTOR_CW:
			GPIO_voidSetPinValue(MOTOR2_IN1_PORT, MOTOR2_IN1_PIN, PIN_HIGH);
    25a0:	80 e0       	ldi	r24, 0x00	; 0
    25a2:	66 e0       	ldi	r22, 0x06	; 6
    25a4:	41 e0       	ldi	r20, 0x01	; 1
    25a6:	0e 94 67 0c 	call	0x18ce	; 0x18ce <GPIO_voidSetPinValue>
			GPIO_voidSetPinValue(MOTOR2_IN2_PORT, MOTOR2_IN2_PIN, PIN_LOW);
    25aa:	80 e0       	ldi	r24, 0x00	; 0
    25ac:	67 e0       	ldi	r22, 0x07	; 7
    25ae:	40 e0       	ldi	r20, 0x00	; 0
    25b0:	0e 94 67 0c 	call	0x18ce	; 0x18ce <GPIO_voidSetPinValue>
			/* Turn on motor enable */
			GPIO_voidSetPinValue(MOTOR2_ENABLE_PORT, MOTOR2_ENABLE_PIN, PIN_HIGH);
    25b4:	81 e0       	ldi	r24, 0x01	; 1
    25b6:	63 e0       	ldi	r22, 0x03	; 3
    25b8:	41 e0       	ldi	r20, 0x01	; 1
    25ba:	0e 94 67 0c 	call	0x18ce	; 0x18ce <GPIO_voidSetPinValue>
    25be:	1f c0       	rjmp	.+62     	; 0x25fe <DcMotor_Rotate+0x16e>
			break;

		case MOTOR_ACW:
			GPIO_voidSetPinValue(MOTOR2_IN1_PORT, MOTOR2_IN1_PIN, PIN_LOW);
    25c0:	80 e0       	ldi	r24, 0x00	; 0
    25c2:	66 e0       	ldi	r22, 0x06	; 6
    25c4:	40 e0       	ldi	r20, 0x00	; 0
    25c6:	0e 94 67 0c 	call	0x18ce	; 0x18ce <GPIO_voidSetPinValue>
			GPIO_voidSetPinValue(MOTOR2_IN2_PORT, MOTOR2_IN2_PIN, PIN_HIGH);
    25ca:	80 e0       	ldi	r24, 0x00	; 0
    25cc:	67 e0       	ldi	r22, 0x07	; 7
    25ce:	41 e0       	ldi	r20, 0x01	; 1
    25d0:	0e 94 67 0c 	call	0x18ce	; 0x18ce <GPIO_voidSetPinValue>
			/* Turn on motor enable */
			GPIO_voidSetPinValue(MOTOR2_ENABLE_PORT, MOTOR2_ENABLE_PIN, PIN_HIGH);
    25d4:	81 e0       	ldi	r24, 0x01	; 1
    25d6:	63 e0       	ldi	r22, 0x03	; 3
    25d8:	41 e0       	ldi	r20, 0x01	; 1
    25da:	0e 94 67 0c 	call	0x18ce	; 0x18ce <GPIO_voidSetPinValue>
    25de:	0f c0       	rjmp	.+30     	; 0x25fe <DcMotor_Rotate+0x16e>
			break;

		default:
			GPIO_voidSetPinValue(MOTOR2_IN1_PORT, MOTOR2_IN1_PIN, PIN_LOW);
    25e0:	80 e0       	ldi	r24, 0x00	; 0
    25e2:	66 e0       	ldi	r22, 0x06	; 6
    25e4:	40 e0       	ldi	r20, 0x00	; 0
    25e6:	0e 94 67 0c 	call	0x18ce	; 0x18ce <GPIO_voidSetPinValue>
			GPIO_voidSetPinValue(MOTOR2_IN2_PORT, MOTOR2_IN2_PIN, PIN_LOW);
    25ea:	80 e0       	ldi	r24, 0x00	; 0
    25ec:	67 e0       	ldi	r22, 0x07	; 7
    25ee:	40 e0       	ldi	r20, 0x00	; 0
    25f0:	0e 94 67 0c 	call	0x18ce	; 0x18ce <GPIO_voidSetPinValue>
			GPIO_voidSetPinValue(MOTOR2_ENABLE_PORT, MOTOR2_ENABLE_PIN, PIN_LOW);
    25f4:	81 e0       	ldi	r24, 0x01	; 1
    25f6:	63 e0       	ldi	r22, 0x03	; 3
    25f8:	40 e0       	ldi	r20, 0x00	; 0
    25fa:	0e 94 67 0c 	call	0x18ce	; 0x18ce <GPIO_voidSetPinValue>
			break;
		}
	}
}
    25fe:	27 96       	adiw	r28, 0x07	; 7
    2600:	0f b6       	in	r0, 0x3f	; 63
    2602:	f8 94       	cli
    2604:	de bf       	out	0x3e, r29	; 62
    2606:	0f be       	out	0x3f, r0	; 63
    2608:	cd bf       	out	0x3d, r28	; 61
    260a:	cf 91       	pop	r28
    260c:	df 91       	pop	r29
    260e:	08 95       	ret

00002610 <LM35_getTemperature>:

#include "LM35_driver.h"
#include "../MCAL/ADC_interface.h"

u8 LM35_getTemperature(void)
{
    2610:	df 93       	push	r29
    2612:	cf 93       	push	r28
    2614:	00 d0       	rcall	.+0      	; 0x2616 <LM35_getTemperature+0x6>
    2616:	0f 92       	push	r0
    2618:	cd b7       	in	r28, 0x3d	; 61
    261a:	de b7       	in	r29, 0x3e	; 62
    u16 adc_value = ADC_readChannel(SENSOR_CHANNEL_ID);
    261c:	80 e0       	ldi	r24, 0x00	; 0
    261e:	0e 94 b3 0a 	call	0x1566	; 0x1566 <ADC_readChannel>
    2622:	9b 83       	std	Y+3, r25	; 0x03
    2624:	8a 83       	std	Y+2, r24	; 0x02

    /* Temp = (ADC * Vref * 100) / 1024 */
    u8 temp_value = (u8)(((u32)adc_value * (ADC_REF_VOLT_VALUE) * 100) / ADC_MAXIMUM_VALUE);
    2626:	8a 81       	ldd	r24, Y+2	; 0x02
    2628:	9b 81       	ldd	r25, Y+3	; 0x03
    262a:	cc 01       	movw	r24, r24
    262c:	a0 e0       	ldi	r26, 0x00	; 0
    262e:	b0 e0       	ldi	r27, 0x00	; 0
    2630:	bc 01       	movw	r22, r24
    2632:	cd 01       	movw	r24, r26
    2634:	0e 94 a9 04 	call	0x952	; 0x952 <__floatunsisf>
    2638:	dc 01       	movw	r26, r24
    263a:	cb 01       	movw	r24, r22
    263c:	bc 01       	movw	r22, r24
    263e:	cd 01       	movw	r24, r26
    2640:	2a e0       	ldi	r18, 0x0A	; 10
    2642:	37 ed       	ldi	r19, 0xD7	; 215
    2644:	43 e2       	ldi	r20, 0x23	; 35
    2646:	50 e4       	ldi	r21, 0x40	; 64
    2648:	0e 94 1f 02 	call	0x43e	; 0x43e <__mulsf3>
    264c:	dc 01       	movw	r26, r24
    264e:	cb 01       	movw	r24, r22
    2650:	bc 01       	movw	r22, r24
    2652:	cd 01       	movw	r24, r26
    2654:	20 e0       	ldi	r18, 0x00	; 0
    2656:	30 e0       	ldi	r19, 0x00	; 0
    2658:	48 ec       	ldi	r20, 0xC8	; 200
    265a:	52 e4       	ldi	r21, 0x42	; 66
    265c:	0e 94 1f 02 	call	0x43e	; 0x43e <__mulsf3>
    2660:	dc 01       	movw	r26, r24
    2662:	cb 01       	movw	r24, r22
    2664:	bc 01       	movw	r22, r24
    2666:	cd 01       	movw	r24, r26
    2668:	20 e0       	ldi	r18, 0x00	; 0
    266a:	30 ec       	ldi	r19, 0xC0	; 192
    266c:	4f e7       	ldi	r20, 0x7F	; 127
    266e:	54 e4       	ldi	r21, 0x44	; 68
    2670:	0e 94 19 03 	call	0x632	; 0x632 <__divsf3>
    2674:	dc 01       	movw	r26, r24
    2676:	cb 01       	movw	r24, r22
    2678:	bc 01       	movw	r22, r24
    267a:	cd 01       	movw	r24, r26
    267c:	0e 94 49 00 	call	0x92	; 0x92 <__fixunssfsi>
    2680:	dc 01       	movw	r26, r24
    2682:	cb 01       	movw	r24, r22
    2684:	89 83       	std	Y+1, r24	; 0x01

    return temp_value;
    2686:	89 81       	ldd	r24, Y+1	; 0x01
}
    2688:	0f 90       	pop	r0
    268a:	0f 90       	pop	r0
    268c:	0f 90       	pop	r0
    268e:	cf 91       	pop	r28
    2690:	df 91       	pop	r29
    2692:	08 95       	ret

00002694 <Ultrasonic_init>:
static volatile u8 g_edgeCount = 0;

static volatile u16 g_timeHigh = 0;

void Ultrasonic_init(void)
{
    2694:	df 93       	push	r29
    2696:	cf 93       	push	r28
    2698:	00 d0       	rcall	.+0      	; 0x269a <Ultrasonic_init+0x6>
    269a:	cd b7       	in	r28, 0x3d	; 61
    269c:	de b7       	in	r29, 0x3e	; 62
    ICU_ConfigType ICU_config;

    ICU_config.clock = F_CPU_8;
    269e:	82 e0       	ldi	r24, 0x02	; 2
    26a0:	89 83       	std	Y+1, r24	; 0x01
    ICU_config.edge  = RAISING;
    26a2:	81 e0       	ldi	r24, 0x01	; 1
    26a4:	8a 83       	std	Y+2, r24	; 0x02

    ICU_init(&ICU_config);
    26a6:	ce 01       	movw	r24, r28
    26a8:	01 96       	adiw	r24, 0x01	; 1
    26aa:	0e 94 14 0e 	call	0x1c28	; 0x1c28 <ICU_init>
    ICU_setCallBack(Ultrasonic_edgeProcessing);
    26ae:	8a e7       	ldi	r24, 0x7A	; 122
    26b0:	94 e1       	ldi	r25, 0x14	; 20
    26b2:	0e 94 65 0e 	call	0x1cca	; 0x1cca <ICU_setCallBack>

    GPIO_voidSetPinDirection(Ultrasonic_PORT, Ultrasonic_TRIGGER_PIN, PIN_OUT);
    26b6:	83 e0       	ldi	r24, 0x03	; 3
    26b8:	67 e0       	ldi	r22, 0x07	; 7
    26ba:	41 e0       	ldi	r20, 0x01	; 1
    26bc:	0e 94 26 0b 	call	0x164c	; 0x164c <GPIO_voidSetPinDirection>
    GPIO_voidSetPinDirection(Ultrasonic_PORT, Ultrasonic_ECHO_PIN, PIN_IN);
    26c0:	83 e0       	ldi	r24, 0x03	; 3
    26c2:	66 e0       	ldi	r22, 0x06	; 6
    26c4:	40 e0       	ldi	r20, 0x00	; 0
    26c6:	0e 94 26 0b 	call	0x164c	; 0x164c <GPIO_voidSetPinDirection>
}
    26ca:	0f 90       	pop	r0
    26cc:	0f 90       	pop	r0
    26ce:	cf 91       	pop	r28
    26d0:	df 91       	pop	r29
    26d2:	08 95       	ret

000026d4 <Ultrasonic_Trigger>:

void Ultrasonic_Trigger(void)
{
    26d4:	df 93       	push	r29
    26d6:	cf 93       	push	r28
    26d8:	cd b7       	in	r28, 0x3d	; 61
    26da:	de b7       	in	r29, 0x3e	; 62
    26dc:	68 97       	sbiw	r28, 0x18	; 24
    26de:	0f b6       	in	r0, 0x3f	; 63
    26e0:	f8 94       	cli
    26e2:	de bf       	out	0x3e, r29	; 62
    26e4:	0f be       	out	0x3f, r0	; 63
    26e6:	cd bf       	out	0x3d, r28	; 61
    GPIO_voidSetPinValue(Ultrasonic_PORT, Ultrasonic_TRIGGER_PIN, PIN_HIGH);
    26e8:	83 e0       	ldi	r24, 0x03	; 3
    26ea:	67 e0       	ldi	r22, 0x07	; 7
    26ec:	41 e0       	ldi	r20, 0x01	; 1
    26ee:	0e 94 67 0c 	call	0x18ce	; 0x18ce <GPIO_voidSetPinValue>
    26f2:	80 e0       	ldi	r24, 0x00	; 0
    26f4:	90 e0       	ldi	r25, 0x00	; 0
    26f6:	a0 e2       	ldi	r26, 0x20	; 32
    26f8:	b1 e4       	ldi	r27, 0x41	; 65
    26fa:	8d 8b       	std	Y+21, r24	; 0x15
    26fc:	9e 8b       	std	Y+22, r25	; 0x16
    26fe:	af 8b       	std	Y+23, r26	; 0x17
    2700:	b8 8f       	std	Y+24, r27	; 0x18
 */
void
_delay_us(double __us)
{
	uint8_t __ticks;
	double __tmp = ((F_CPU) / 3e6) * __us;
    2702:	6d 89       	ldd	r22, Y+21	; 0x15
    2704:	7e 89       	ldd	r23, Y+22	; 0x16
    2706:	8f 89       	ldd	r24, Y+23	; 0x17
    2708:	98 8d       	ldd	r25, Y+24	; 0x18
    270a:	2b ea       	ldi	r18, 0xAB	; 171
    270c:	3a ea       	ldi	r19, 0xAA	; 170
    270e:	4a e2       	ldi	r20, 0x2A	; 42
    2710:	50 e4       	ldi	r21, 0x40	; 64
    2712:	0e 94 1f 02 	call	0x43e	; 0x43e <__mulsf3>
    2716:	dc 01       	movw	r26, r24
    2718:	cb 01       	movw	r24, r22
    271a:	89 8b       	std	Y+17, r24	; 0x11
    271c:	9a 8b       	std	Y+18, r25	; 0x12
    271e:	ab 8b       	std	Y+19, r26	; 0x13
    2720:	bc 8b       	std	Y+20, r27	; 0x14
	if (__tmp < 1.0)
    2722:	69 89       	ldd	r22, Y+17	; 0x11
    2724:	7a 89       	ldd	r23, Y+18	; 0x12
    2726:	8b 89       	ldd	r24, Y+19	; 0x13
    2728:	9c 89       	ldd	r25, Y+20	; 0x14
    272a:	20 e0       	ldi	r18, 0x00	; 0
    272c:	30 e0       	ldi	r19, 0x00	; 0
    272e:	40 e8       	ldi	r20, 0x80	; 128
    2730:	5f e3       	ldi	r21, 0x3F	; 63
    2732:	0e 94 25 04 	call	0x84a	; 0x84a <__ltsf2>
    2736:	88 23       	and	r24, r24
    2738:	1c f4       	brge	.+6      	; 0x2740 <Ultrasonic_Trigger+0x6c>
		__ticks = 1;
    273a:	81 e0       	ldi	r24, 0x01	; 1
    273c:	88 8b       	std	Y+16, r24	; 0x10
    273e:	91 c0       	rjmp	.+290    	; 0x2862 <Ultrasonic_Trigger+0x18e>
	else if (__tmp > 255)
    2740:	69 89       	ldd	r22, Y+17	; 0x11
    2742:	7a 89       	ldd	r23, Y+18	; 0x12
    2744:	8b 89       	ldd	r24, Y+19	; 0x13
    2746:	9c 89       	ldd	r25, Y+20	; 0x14
    2748:	20 e0       	ldi	r18, 0x00	; 0
    274a:	30 e0       	ldi	r19, 0x00	; 0
    274c:	4f e7       	ldi	r20, 0x7F	; 127
    274e:	53 e4       	ldi	r21, 0x43	; 67
    2750:	0e 94 c5 03 	call	0x78a	; 0x78a <__gtsf2>
    2754:	18 16       	cp	r1, r24
    2756:	0c f0       	brlt	.+2      	; 0x275a <Ultrasonic_Trigger+0x86>
    2758:	7b c0       	rjmp	.+246    	; 0x2850 <Ultrasonic_Trigger+0x17c>
	{
		_delay_ms(__us / 1000.0);
    275a:	6d 89       	ldd	r22, Y+21	; 0x15
    275c:	7e 89       	ldd	r23, Y+22	; 0x16
    275e:	8f 89       	ldd	r24, Y+23	; 0x17
    2760:	98 8d       	ldd	r25, Y+24	; 0x18
    2762:	20 e0       	ldi	r18, 0x00	; 0
    2764:	30 e0       	ldi	r19, 0x00	; 0
    2766:	4a e7       	ldi	r20, 0x7A	; 122
    2768:	54 e4       	ldi	r21, 0x44	; 68
    276a:	0e 94 19 03 	call	0x632	; 0x632 <__divsf3>
    276e:	dc 01       	movw	r26, r24
    2770:	cb 01       	movw	r24, r22
    2772:	8c 87       	std	Y+12, r24	; 0x0c
    2774:	9d 87       	std	Y+13, r25	; 0x0d
    2776:	ae 87       	std	Y+14, r26	; 0x0e
    2778:	bf 87       	std	Y+15, r27	; 0x0f
 */
void
_delay_ms(double __ms)
{
	uint16_t __ticks;
	double __tmp = ((F_CPU) / 4e3) * __ms;
    277a:	6c 85       	ldd	r22, Y+12	; 0x0c
    277c:	7d 85       	ldd	r23, Y+13	; 0x0d
    277e:	8e 85       	ldd	r24, Y+14	; 0x0e
    2780:	9f 85       	ldd	r25, Y+15	; 0x0f
    2782:	20 e0       	ldi	r18, 0x00	; 0
    2784:	30 e0       	ldi	r19, 0x00	; 0
    2786:	4a ef       	ldi	r20, 0xFA	; 250
    2788:	54 e4       	ldi	r21, 0x44	; 68
    278a:	0e 94 1f 02 	call	0x43e	; 0x43e <__mulsf3>
    278e:	dc 01       	movw	r26, r24
    2790:	cb 01       	movw	r24, r22
    2792:	88 87       	std	Y+8, r24	; 0x08
    2794:	99 87       	std	Y+9, r25	; 0x09
    2796:	aa 87       	std	Y+10, r26	; 0x0a
    2798:	bb 87       	std	Y+11, r27	; 0x0b
	if (__tmp < 1.0)
    279a:	68 85       	ldd	r22, Y+8	; 0x08
    279c:	79 85       	ldd	r23, Y+9	; 0x09
    279e:	8a 85       	ldd	r24, Y+10	; 0x0a
    27a0:	9b 85       	ldd	r25, Y+11	; 0x0b
    27a2:	20 e0       	ldi	r18, 0x00	; 0
    27a4:	30 e0       	ldi	r19, 0x00	; 0
    27a6:	40 e8       	ldi	r20, 0x80	; 128
    27a8:	5f e3       	ldi	r21, 0x3F	; 63
    27aa:	0e 94 25 04 	call	0x84a	; 0x84a <__ltsf2>
    27ae:	88 23       	and	r24, r24
    27b0:	2c f4       	brge	.+10     	; 0x27bc <Ultrasonic_Trigger+0xe8>
		__ticks = 1;
    27b2:	81 e0       	ldi	r24, 0x01	; 1
    27b4:	90 e0       	ldi	r25, 0x00	; 0
    27b6:	9f 83       	std	Y+7, r25	; 0x07
    27b8:	8e 83       	std	Y+6, r24	; 0x06
    27ba:	3f c0       	rjmp	.+126    	; 0x283a <Ultrasonic_Trigger+0x166>
	else if (__tmp > 65535)
    27bc:	68 85       	ldd	r22, Y+8	; 0x08
    27be:	79 85       	ldd	r23, Y+9	; 0x09
    27c0:	8a 85       	ldd	r24, Y+10	; 0x0a
    27c2:	9b 85       	ldd	r25, Y+11	; 0x0b
    27c4:	20 e0       	ldi	r18, 0x00	; 0
    27c6:	3f ef       	ldi	r19, 0xFF	; 255
    27c8:	4f e7       	ldi	r20, 0x7F	; 127
    27ca:	57 e4       	ldi	r21, 0x47	; 71
    27cc:	0e 94 c5 03 	call	0x78a	; 0x78a <__gtsf2>
    27d0:	18 16       	cp	r1, r24
    27d2:	4c f5       	brge	.+82     	; 0x2826 <Ultrasonic_Trigger+0x152>
	{
		//	__ticks = requested delay in 1/10 ms
		__ticks = (uint16_t) (__ms * 10.0);
    27d4:	6c 85       	ldd	r22, Y+12	; 0x0c
    27d6:	7d 85       	ldd	r23, Y+13	; 0x0d
    27d8:	8e 85       	ldd	r24, Y+14	; 0x0e
    27da:	9f 85       	ldd	r25, Y+15	; 0x0f
    27dc:	20 e0       	ldi	r18, 0x00	; 0
    27de:	30 e0       	ldi	r19, 0x00	; 0
    27e0:	40 e2       	ldi	r20, 0x20	; 32
    27e2:	51 e4       	ldi	r21, 0x41	; 65
    27e4:	0e 94 1f 02 	call	0x43e	; 0x43e <__mulsf3>
    27e8:	dc 01       	movw	r26, r24
    27ea:	cb 01       	movw	r24, r22
    27ec:	bc 01       	movw	r22, r24
    27ee:	cd 01       	movw	r24, r26
    27f0:	0e 94 49 00 	call	0x92	; 0x92 <__fixunssfsi>
    27f4:	dc 01       	movw	r26, r24
    27f6:	cb 01       	movw	r24, r22
    27f8:	9f 83       	std	Y+7, r25	; 0x07
    27fa:	8e 83       	std	Y+6, r24	; 0x06
    27fc:	0f c0       	rjmp	.+30     	; 0x281c <Ultrasonic_Trigger+0x148>
    27fe:	88 ec       	ldi	r24, 0xC8	; 200
    2800:	90 e0       	ldi	r25, 0x00	; 0
    2802:	9d 83       	std	Y+5, r25	; 0x05
    2804:	8c 83       	std	Y+4, r24	; 0x04
    2806:	8c 81       	ldd	r24, Y+4	; 0x04
    2808:	9d 81       	ldd	r25, Y+5	; 0x05
    280a:	01 97       	sbiw	r24, 0x01	; 1
    280c:	f1 f7       	brne	.-4      	; 0x280a <Ultrasonic_Trigger+0x136>
    280e:	9d 83       	std	Y+5, r25	; 0x05
    2810:	8c 83       	std	Y+4, r24	; 0x04
		while(__ticks)
		{
			// wait 1/10 ms
			_delay_loop_2(((F_CPU) / 4e3) / 10);
			__ticks --;
    2812:	8e 81       	ldd	r24, Y+6	; 0x06
    2814:	9f 81       	ldd	r25, Y+7	; 0x07
    2816:	01 97       	sbiw	r24, 0x01	; 1
    2818:	9f 83       	std	Y+7, r25	; 0x07
    281a:	8e 83       	std	Y+6, r24	; 0x06
		__ticks = 1;
	else if (__tmp > 65535)
	{
		//	__ticks = requested delay in 1/10 ms
		__ticks = (uint16_t) (__ms * 10.0);
		while(__ticks)
    281c:	8e 81       	ldd	r24, Y+6	; 0x06
    281e:	9f 81       	ldd	r25, Y+7	; 0x07
    2820:	00 97       	sbiw	r24, 0x00	; 0
    2822:	69 f7       	brne	.-38     	; 0x27fe <Ultrasonic_Trigger+0x12a>
    2824:	24 c0       	rjmp	.+72     	; 0x286e <Ultrasonic_Trigger+0x19a>
			__ticks --;
		}
		return;
	}
	else
		__ticks = (uint16_t)__tmp;
    2826:	68 85       	ldd	r22, Y+8	; 0x08
    2828:	79 85       	ldd	r23, Y+9	; 0x09
    282a:	8a 85       	ldd	r24, Y+10	; 0x0a
    282c:	9b 85       	ldd	r25, Y+11	; 0x0b
    282e:	0e 94 49 00 	call	0x92	; 0x92 <__fixunssfsi>
    2832:	dc 01       	movw	r26, r24
    2834:	cb 01       	movw	r24, r22
    2836:	9f 83       	std	Y+7, r25	; 0x07
    2838:	8e 83       	std	Y+6, r24	; 0x06
    283a:	8e 81       	ldd	r24, Y+6	; 0x06
    283c:	9f 81       	ldd	r25, Y+7	; 0x07
    283e:	9b 83       	std	Y+3, r25	; 0x03
    2840:	8a 83       	std	Y+2, r24	; 0x02
    2842:	8a 81       	ldd	r24, Y+2	; 0x02
    2844:	9b 81       	ldd	r25, Y+3	; 0x03
    2846:	01 97       	sbiw	r24, 0x01	; 1
    2848:	f1 f7       	brne	.-4      	; 0x2846 <Ultrasonic_Trigger+0x172>
    284a:	9b 83       	std	Y+3, r25	; 0x03
    284c:	8a 83       	std	Y+2, r24	; 0x02
    284e:	0f c0       	rjmp	.+30     	; 0x286e <Ultrasonic_Trigger+0x19a>
	{
		_delay_ms(__us / 1000.0);
		return;
	}
	else
		__ticks = (uint8_t)__tmp;
    2850:	69 89       	ldd	r22, Y+17	; 0x11
    2852:	7a 89       	ldd	r23, Y+18	; 0x12
    2854:	8b 89       	ldd	r24, Y+19	; 0x13
    2856:	9c 89       	ldd	r25, Y+20	; 0x14
    2858:	0e 94 49 00 	call	0x92	; 0x92 <__fixunssfsi>
    285c:	dc 01       	movw	r26, r24
    285e:	cb 01       	movw	r24, r22
    2860:	88 8b       	std	Y+16, r24	; 0x10
    2862:	88 89       	ldd	r24, Y+16	; 0x10
    2864:	89 83       	std	Y+1, r24	; 0x01
    can be achieved.
*/
void
_delay_loop_1(uint8_t __count)
{
	__asm__ volatile (
    2866:	89 81       	ldd	r24, Y+1	; 0x01
    2868:	8a 95       	dec	r24
    286a:	f1 f7       	brne	.-4      	; 0x2868 <Ultrasonic_Trigger+0x194>
    286c:	89 83       	std	Y+1, r24	; 0x01
    _delay_us(10);
    GPIO_voidSetPinValue(Ultrasonic_PORT, Ultrasonic_TRIGGER_PIN, PIN_LOW);
    286e:	83 e0       	ldi	r24, 0x03	; 3
    2870:	67 e0       	ldi	r22, 0x07	; 7
    2872:	40 e0       	ldi	r20, 0x00	; 0
    2874:	0e 94 67 0c 	call	0x18ce	; 0x18ce <GPIO_voidSetPinValue>
}
    2878:	68 96       	adiw	r28, 0x18	; 24
    287a:	0f b6       	in	r0, 0x3f	; 63
    287c:	f8 94       	cli
    287e:	de bf       	out	0x3e, r29	; 62
    2880:	0f be       	out	0x3f, r0	; 63
    2882:	cd bf       	out	0x3d, r28	; 61
    2884:	cf 91       	pop	r28
    2886:	df 91       	pop	r29
    2888:	08 95       	ret

0000288a <Ultrasonic_readDistance>:

u16 Ultrasonic_readDistance(void)
{
    288a:	df 93       	push	r29
    288c:	cf 93       	push	r28
    288e:	00 d0       	rcall	.+0      	; 0x2890 <Ultrasonic_readDistance+0x6>
    2890:	cd b7       	in	r28, 0x3d	; 61
    2892:	de b7       	in	r29, 0x3e	; 62
    u16 distance = 0;
    2894:	1a 82       	std	Y+2, r1	; 0x02
    2896:	19 82       	std	Y+1, r1	; 0x01
    g_edgeCount = 0;
    2898:	10 92 7a 01 	sts	0x017A, r1

    Ultrasonic_Trigger();
    289c:	0e 94 6a 13 	call	0x26d4	; 0x26d4 <Ultrasonic_Trigger>

    while(g_edgeCount < 2);
    28a0:	80 91 7a 01 	lds	r24, 0x017A
    28a4:	82 30       	cpi	r24, 0x02	; 2
    28a6:	e0 f3       	brcs	.-8      	; 0x28a0 <Ultrasonic_readDistance+0x16>
    distance = g_timeHigh * 0.01715;
    28a8:	80 91 7b 01 	lds	r24, 0x017B
    28ac:	90 91 7c 01 	lds	r25, 0x017C
    28b0:	cc 01       	movw	r24, r24
    28b2:	a0 e0       	ldi	r26, 0x00	; 0
    28b4:	b0 e0       	ldi	r27, 0x00	; 0
    28b6:	bc 01       	movw	r22, r24
    28b8:	cd 01       	movw	r24, r26
    28ba:	0e 94 a9 04 	call	0x952	; 0x952 <__floatunsisf>
    28be:	dc 01       	movw	r26, r24
    28c0:	cb 01       	movw	r24, r22
    28c2:	bc 01       	movw	r22, r24
    28c4:	cd 01       	movw	r24, r26
    28c6:	28 e2       	ldi	r18, 0x28	; 40
    28c8:	3e e7       	ldi	r19, 0x7E	; 126
    28ca:	4c e8       	ldi	r20, 0x8C	; 140
    28cc:	5c e3       	ldi	r21, 0x3C	; 60
    28ce:	0e 94 1f 02 	call	0x43e	; 0x43e <__mulsf3>
    28d2:	dc 01       	movw	r26, r24
    28d4:	cb 01       	movw	r24, r22
    28d6:	bc 01       	movw	r22, r24
    28d8:	cd 01       	movw	r24, r26
    28da:	0e 94 49 00 	call	0x92	; 0x92 <__fixunssfsi>
    28de:	dc 01       	movw	r26, r24
    28e0:	cb 01       	movw	r24, r22
    28e2:	9a 83       	std	Y+2, r25	; 0x02
    28e4:	89 83       	std	Y+1, r24	; 0x01

    return distance;
    28e6:	89 81       	ldd	r24, Y+1	; 0x01
    28e8:	9a 81       	ldd	r25, Y+2	; 0x02
}
    28ea:	0f 90       	pop	r0
    28ec:	0f 90       	pop	r0
    28ee:	cf 91       	pop	r28
    28f0:	df 91       	pop	r29
    28f2:	08 95       	ret

000028f4 <Ultrasonic_edgeProcessing>:

void Ultrasonic_edgeProcessing(void)
{
    28f4:	df 93       	push	r29
    28f6:	cf 93       	push	r28
    28f8:	cd b7       	in	r28, 0x3d	; 61
    28fa:	de b7       	in	r29, 0x3e	; 62
    g_edgeCount++;
    28fc:	80 91 7a 01 	lds	r24, 0x017A
    2900:	8f 5f       	subi	r24, 0xFF	; 255
    2902:	80 93 7a 01 	sts	0x017A, r24

    if(g_edgeCount == 1)
    2906:	80 91 7a 01 	lds	r24, 0x017A
    290a:	81 30       	cpi	r24, 0x01	; 1
    290c:	31 f4       	brne	.+12     	; 0x291a <Ultrasonic_edgeProcessing+0x26>
    {
        ICU_clearTimerValue();
    290e:	0e 94 a1 0e 	call	0x1d42	; 0x1d42 <ICU_clearTimerValue>
        ICU_setEdgeDetectionType(FALLING);
    2912:	80 e0       	ldi	r24, 0x00	; 0
    2914:	0e 94 77 0e 	call	0x1cee	; 0x1cee <ICU_setEdgeDetectionType>
    2918:	0d c0       	rjmp	.+26     	; 0x2934 <Ultrasonic_edgeProcessing+0x40>
    }
    else if(g_edgeCount == 2)
    291a:	80 91 7a 01 	lds	r24, 0x017A
    291e:	82 30       	cpi	r24, 0x02	; 2
    2920:	49 f4       	brne	.+18     	; 0x2934 <Ultrasonic_edgeProcessing+0x40>
    {
        g_timeHigh = ICU_getInputCaptureValue();
    2922:	0e 94 96 0e 	call	0x1d2c	; 0x1d2c <ICU_getInputCaptureValue>
    2926:	90 93 7c 01 	sts	0x017C, r25
    292a:	80 93 7b 01 	sts	0x017B, r24
        ICU_setEdgeDetectionType(RAISING);
    292e:	81 e0       	ldi	r24, 0x01	; 1
    2930:	0e 94 77 0e 	call	0x1cee	; 0x1cee <ICU_setEdgeDetectionType>
    }
}
    2934:	cf 91       	pop	r28
    2936:	df 91       	pop	r29
    2938:	08 95       	ret

0000293a <EEPROM_writeByte>:
#include "external_eeprom.h"
#include "../MACROS/STD_types.h"
#include "../MCAL/twi.h"

u8 EEPROM_writeByte(u16 u16addr, u8 u8data)
{
    293a:	df 93       	push	r29
    293c:	cf 93       	push	r28
    293e:	00 d0       	rcall	.+0      	; 0x2940 <EEPROM_writeByte+0x6>
    2940:	00 d0       	rcall	.+0      	; 0x2942 <EEPROM_writeByte+0x8>
    2942:	cd b7       	in	r28, 0x3d	; 61
    2944:	de b7       	in	r29, 0x3e	; 62
    2946:	9a 83       	std	Y+2, r25	; 0x02
    2948:	89 83       	std	Y+1, r24	; 0x01
    294a:	6b 83       	std	Y+3, r22	; 0x03
	/* Send the Start Bit */
    TWI_start();
    294c:	0e 94 90 0f 	call	0x1f20	; 0x1f20 <TWI_start>
    if (TWI_getStatus() != TWI_START)
    2950:	0e 94 2f 10 	call	0x205e	; 0x205e <TWI_getStatus>
    2954:	88 30       	cpi	r24, 0x08	; 8
    2956:	11 f0       	breq	.+4      	; 0x295c <EEPROM_writeByte+0x22>
        return ERROR;
    2958:	1c 82       	std	Y+4, r1	; 0x04
    295a:	28 c0       	rjmp	.+80     	; 0x29ac <EEPROM_writeByte+0x72>
		
    /* Send the device address, we need to get A8 A9 A10 address bits from the
     * memory location address and R/W=0 (write) */
    TWI_writeByte((u8)(0xA0 | ((u16addr & 0x0700)>>7)));
    295c:	89 81       	ldd	r24, Y+1	; 0x01
    295e:	9a 81       	ldd	r25, Y+2	; 0x02
    2960:	80 70       	andi	r24, 0x00	; 0
    2962:	97 70       	andi	r25, 0x07	; 7
    2964:	88 0f       	add	r24, r24
    2966:	89 2f       	mov	r24, r25
    2968:	88 1f       	adc	r24, r24
    296a:	99 0b       	sbc	r25, r25
    296c:	91 95       	neg	r25
    296e:	80 6a       	ori	r24, 0xA0	; 160
    2970:	0e 94 cd 0f 	call	0x1f9a	; 0x1f9a <TWI_writeByte>
    if (TWI_getStatus() != TWI_MT_SLA_W_ACK)
    2974:	0e 94 2f 10 	call	0x205e	; 0x205e <TWI_getStatus>
    2978:	88 31       	cpi	r24, 0x18	; 24
    297a:	11 f0       	breq	.+4      	; 0x2980 <EEPROM_writeByte+0x46>
        return ERROR; 
    297c:	1c 82       	std	Y+4, r1	; 0x04
    297e:	16 c0       	rjmp	.+44     	; 0x29ac <EEPROM_writeByte+0x72>
		 
    /* Send the required memory location address */
    TWI_writeByte((u8)(u16addr));
    2980:	89 81       	ldd	r24, Y+1	; 0x01
    2982:	0e 94 cd 0f 	call	0x1f9a	; 0x1f9a <TWI_writeByte>
    if (TWI_getStatus() != TWI_MT_DATA_ACK)
    2986:	0e 94 2f 10 	call	0x205e	; 0x205e <TWI_getStatus>
    298a:	88 32       	cpi	r24, 0x28	; 40
    298c:	11 f0       	breq	.+4      	; 0x2992 <EEPROM_writeByte+0x58>
        return ERROR;
    298e:	1c 82       	std	Y+4, r1	; 0x04
    2990:	0d c0       	rjmp	.+26     	; 0x29ac <EEPROM_writeByte+0x72>
		
    /* write byte to eeprom */
    TWI_writeByte(u8data);
    2992:	8b 81       	ldd	r24, Y+3	; 0x03
    2994:	0e 94 cd 0f 	call	0x1f9a	; 0x1f9a <TWI_writeByte>
    if (TWI_getStatus() != TWI_MT_DATA_ACK)
    2998:	0e 94 2f 10 	call	0x205e	; 0x205e <TWI_getStatus>
    299c:	88 32       	cpi	r24, 0x28	; 40
    299e:	11 f0       	breq	.+4      	; 0x29a4 <EEPROM_writeByte+0x6a>
        return ERROR;
    29a0:	1c 82       	std	Y+4, r1	; 0x04
    29a2:	04 c0       	rjmp	.+8      	; 0x29ac <EEPROM_writeByte+0x72>

    /* Send the Stop Bit */
    TWI_stop();
    29a4:	0e 94 b1 0f 	call	0x1f62	; 0x1f62 <TWI_stop>
	
    return SUCCESS;
    29a8:	81 e0       	ldi	r24, 0x01	; 1
    29aa:	8c 83       	std	Y+4, r24	; 0x04
    29ac:	8c 81       	ldd	r24, Y+4	; 0x04
}
    29ae:	0f 90       	pop	r0
    29b0:	0f 90       	pop	r0
    29b2:	0f 90       	pop	r0
    29b4:	0f 90       	pop	r0
    29b6:	cf 91       	pop	r28
    29b8:	df 91       	pop	r29
    29ba:	08 95       	ret

000029bc <EEPROM_readByte>:

u8 EEPROM_readByte(u16 u16addr, u8 *u8data)
{
    29bc:	df 93       	push	r29
    29be:	cf 93       	push	r28
    29c0:	00 d0       	rcall	.+0      	; 0x29c2 <EEPROM_readByte+0x6>
    29c2:	00 d0       	rcall	.+0      	; 0x29c4 <EEPROM_readByte+0x8>
    29c4:	0f 92       	push	r0
    29c6:	cd b7       	in	r28, 0x3d	; 61
    29c8:	de b7       	in	r29, 0x3e	; 62
    29ca:	9a 83       	std	Y+2, r25	; 0x02
    29cc:	89 83       	std	Y+1, r24	; 0x01
    29ce:	7c 83       	std	Y+4, r23	; 0x04
    29d0:	6b 83       	std	Y+3, r22	; 0x03
	/* Send the Start Bit */
    TWI_start();
    29d2:	0e 94 90 0f 	call	0x1f20	; 0x1f20 <TWI_start>
    if (TWI_getStatus() != TWI_START)
    29d6:	0e 94 2f 10 	call	0x205e	; 0x205e <TWI_getStatus>
    29da:	88 30       	cpi	r24, 0x08	; 8
    29dc:	11 f0       	breq	.+4      	; 0x29e2 <EEPROM_readByte+0x26>
        return ERROR;
    29de:	1d 82       	std	Y+5, r1	; 0x05
    29e0:	44 c0       	rjmp	.+136    	; 0x2a6a <EEPROM_readByte+0xae>
		
    /* Send the device address, we need to get A8 A9 A10 address bits from the
     * memory location address and R/W=0 (write) */
    TWI_writeByte((u8)((0xA0) | ((u16addr & 0x0700)>>7)));
    29e2:	89 81       	ldd	r24, Y+1	; 0x01
    29e4:	9a 81       	ldd	r25, Y+2	; 0x02
    29e6:	80 70       	andi	r24, 0x00	; 0
    29e8:	97 70       	andi	r25, 0x07	; 7
    29ea:	88 0f       	add	r24, r24
    29ec:	89 2f       	mov	r24, r25
    29ee:	88 1f       	adc	r24, r24
    29f0:	99 0b       	sbc	r25, r25
    29f2:	91 95       	neg	r25
    29f4:	80 6a       	ori	r24, 0xA0	; 160
    29f6:	0e 94 cd 0f 	call	0x1f9a	; 0x1f9a <TWI_writeByte>
    if (TWI_getStatus() != TWI_MT_SLA_W_ACK)
    29fa:	0e 94 2f 10 	call	0x205e	; 0x205e <TWI_getStatus>
    29fe:	88 31       	cpi	r24, 0x18	; 24
    2a00:	11 f0       	breq	.+4      	; 0x2a06 <EEPROM_readByte+0x4a>
        return ERROR;
    2a02:	1d 82       	std	Y+5, r1	; 0x05
    2a04:	32 c0       	rjmp	.+100    	; 0x2a6a <EEPROM_readByte+0xae>
		
    /* Send the required memory location address */
    TWI_writeByte((u8)(u16addr));
    2a06:	89 81       	ldd	r24, Y+1	; 0x01
    2a08:	0e 94 cd 0f 	call	0x1f9a	; 0x1f9a <TWI_writeByte>
    if (TWI_getStatus() != TWI_MT_DATA_ACK)
    2a0c:	0e 94 2f 10 	call	0x205e	; 0x205e <TWI_getStatus>
    2a10:	88 32       	cpi	r24, 0x28	; 40
    2a12:	11 f0       	breq	.+4      	; 0x2a18 <EEPROM_readByte+0x5c>
        return ERROR;
    2a14:	1d 82       	std	Y+5, r1	; 0x05
    2a16:	29 c0       	rjmp	.+82     	; 0x2a6a <EEPROM_readByte+0xae>
		
    /* Send the Repeated Start Bit */
    TWI_start();
    2a18:	0e 94 90 0f 	call	0x1f20	; 0x1f20 <TWI_start>
    if (TWI_getStatus() != TWI_REP_START)
    2a1c:	0e 94 2f 10 	call	0x205e	; 0x205e <TWI_getStatus>
    2a20:	80 31       	cpi	r24, 0x10	; 16
    2a22:	11 f0       	breq	.+4      	; 0x2a28 <EEPROM_readByte+0x6c>
        return ERROR;
    2a24:	1d 82       	std	Y+5, r1	; 0x05
    2a26:	21 c0       	rjmp	.+66     	; 0x2a6a <EEPROM_readByte+0xae>
		
    /* Send the device address, we need to get A8 A9 A10 address bits from the
     * memory location address and R/W=1 (Read) */
    TWI_writeByte((u8)((0xA0) | ((u16addr & 0x0700)>>7) | 1));
    2a28:	89 81       	ldd	r24, Y+1	; 0x01
    2a2a:	9a 81       	ldd	r25, Y+2	; 0x02
    2a2c:	80 70       	andi	r24, 0x00	; 0
    2a2e:	97 70       	andi	r25, 0x07	; 7
    2a30:	88 0f       	add	r24, r24
    2a32:	89 2f       	mov	r24, r25
    2a34:	88 1f       	adc	r24, r24
    2a36:	99 0b       	sbc	r25, r25
    2a38:	91 95       	neg	r25
    2a3a:	81 6a       	ori	r24, 0xA1	; 161
    2a3c:	0e 94 cd 0f 	call	0x1f9a	; 0x1f9a <TWI_writeByte>
    if (TWI_getStatus() != TWI_MT_SLA_R_ACK)
    2a40:	0e 94 2f 10 	call	0x205e	; 0x205e <TWI_getStatus>
    2a44:	80 34       	cpi	r24, 0x40	; 64
    2a46:	11 f0       	breq	.+4      	; 0x2a4c <EEPROM_readByte+0x90>
        return ERROR;
    2a48:	1d 82       	std	Y+5, r1	; 0x05
    2a4a:	0f c0       	rjmp	.+30     	; 0x2a6a <EEPROM_readByte+0xae>

    /* Read Byte from Memory without send ACK */
    *u8data = TWI_readByteWithNACK();
    2a4c:	0e 94 12 10 	call	0x2024	; 0x2024 <TWI_readByteWithNACK>
    2a50:	eb 81       	ldd	r30, Y+3	; 0x03
    2a52:	fc 81       	ldd	r31, Y+4	; 0x04
    2a54:	80 83       	st	Z, r24
    if (TWI_getStatus() != TWI_MR_DATA_NACK)
    2a56:	0e 94 2f 10 	call	0x205e	; 0x205e <TWI_getStatus>
    2a5a:	88 35       	cpi	r24, 0x58	; 88
    2a5c:	11 f0       	breq	.+4      	; 0x2a62 <EEPROM_readByte+0xa6>
        return ERROR;
    2a5e:	1d 82       	std	Y+5, r1	; 0x05
    2a60:	04 c0       	rjmp	.+8      	; 0x2a6a <EEPROM_readByte+0xae>

    /* Send the Stop Bit */
    TWI_stop();
    2a62:	0e 94 b1 0f 	call	0x1f62	; 0x1f62 <TWI_stop>

    return SUCCESS;
    2a66:	81 e0       	ldi	r24, 0x01	; 1
    2a68:	8d 83       	std	Y+5, r24	; 0x05
    2a6a:	8d 81       	ldd	r24, Y+5	; 0x05
}
    2a6c:	0f 90       	pop	r0
    2a6e:	0f 90       	pop	r0
    2a70:	0f 90       	pop	r0
    2a72:	0f 90       	pop	r0
    2a74:	0f 90       	pop	r0
    2a76:	cf 91       	pop	r28
    2a78:	df 91       	pop	r29
    2a7a:	08 95       	ret

00002a7c <__mulsi3>:
    2a7c:	62 9f       	mul	r22, r18
    2a7e:	d0 01       	movw	r26, r0
    2a80:	73 9f       	mul	r23, r19
    2a82:	f0 01       	movw	r30, r0
    2a84:	82 9f       	mul	r24, r18
    2a86:	e0 0d       	add	r30, r0
    2a88:	f1 1d       	adc	r31, r1
    2a8a:	64 9f       	mul	r22, r20
    2a8c:	e0 0d       	add	r30, r0
    2a8e:	f1 1d       	adc	r31, r1
    2a90:	92 9f       	mul	r25, r18
    2a92:	f0 0d       	add	r31, r0
    2a94:	83 9f       	mul	r24, r19
    2a96:	f0 0d       	add	r31, r0
    2a98:	74 9f       	mul	r23, r20
    2a9a:	f0 0d       	add	r31, r0
    2a9c:	65 9f       	mul	r22, r21
    2a9e:	f0 0d       	add	r31, r0
    2aa0:	99 27       	eor	r25, r25
    2aa2:	72 9f       	mul	r23, r18
    2aa4:	b0 0d       	add	r27, r0
    2aa6:	e1 1d       	adc	r30, r1
    2aa8:	f9 1f       	adc	r31, r25
    2aaa:	63 9f       	mul	r22, r19
    2aac:	b0 0d       	add	r27, r0
    2aae:	e1 1d       	adc	r30, r1
    2ab0:	f9 1f       	adc	r31, r25
    2ab2:	bd 01       	movw	r22, r26
    2ab4:	cf 01       	movw	r24, r30
    2ab6:	11 24       	eor	r1, r1
    2ab8:	08 95       	ret

00002aba <__udivmodsi4>:
    2aba:	a1 e2       	ldi	r26, 0x21	; 33
    2abc:	1a 2e       	mov	r1, r26
    2abe:	aa 1b       	sub	r26, r26
    2ac0:	bb 1b       	sub	r27, r27
    2ac2:	fd 01       	movw	r30, r26
    2ac4:	0d c0       	rjmp	.+26     	; 0x2ae0 <__udivmodsi4_ep>

00002ac6 <__udivmodsi4_loop>:
    2ac6:	aa 1f       	adc	r26, r26
    2ac8:	bb 1f       	adc	r27, r27
    2aca:	ee 1f       	adc	r30, r30
    2acc:	ff 1f       	adc	r31, r31
    2ace:	a2 17       	cp	r26, r18
    2ad0:	b3 07       	cpc	r27, r19
    2ad2:	e4 07       	cpc	r30, r20
    2ad4:	f5 07       	cpc	r31, r21
    2ad6:	20 f0       	brcs	.+8      	; 0x2ae0 <__udivmodsi4_ep>
    2ad8:	a2 1b       	sub	r26, r18
    2ada:	b3 0b       	sbc	r27, r19
    2adc:	e4 0b       	sbc	r30, r20
    2ade:	f5 0b       	sbc	r31, r21

00002ae0 <__udivmodsi4_ep>:
    2ae0:	66 1f       	adc	r22, r22
    2ae2:	77 1f       	adc	r23, r23
    2ae4:	88 1f       	adc	r24, r24
    2ae6:	99 1f       	adc	r25, r25
    2ae8:	1a 94       	dec	r1
    2aea:	69 f7       	brne	.-38     	; 0x2ac6 <__udivmodsi4_loop>
    2aec:	60 95       	com	r22
    2aee:	70 95       	com	r23
    2af0:	80 95       	com	r24
    2af2:	90 95       	com	r25
    2af4:	9b 01       	movw	r18, r22
    2af6:	ac 01       	movw	r20, r24
    2af8:	bd 01       	movw	r22, r26
    2afa:	cf 01       	movw	r24, r30
    2afc:	08 95       	ret

00002afe <__prologue_saves__>:
    2afe:	2f 92       	push	r2
    2b00:	3f 92       	push	r3
    2b02:	4f 92       	push	r4
    2b04:	5f 92       	push	r5
    2b06:	6f 92       	push	r6
    2b08:	7f 92       	push	r7
    2b0a:	8f 92       	push	r8
    2b0c:	9f 92       	push	r9
    2b0e:	af 92       	push	r10
    2b10:	bf 92       	push	r11
    2b12:	cf 92       	push	r12
    2b14:	df 92       	push	r13
    2b16:	ef 92       	push	r14
    2b18:	ff 92       	push	r15
    2b1a:	0f 93       	push	r16
    2b1c:	1f 93       	push	r17
    2b1e:	cf 93       	push	r28
    2b20:	df 93       	push	r29
    2b22:	cd b7       	in	r28, 0x3d	; 61
    2b24:	de b7       	in	r29, 0x3e	; 62
    2b26:	ca 1b       	sub	r28, r26
    2b28:	db 0b       	sbc	r29, r27
    2b2a:	0f b6       	in	r0, 0x3f	; 63
    2b2c:	f8 94       	cli
    2b2e:	de bf       	out	0x3e, r29	; 62
    2b30:	0f be       	out	0x3f, r0	; 63
    2b32:	cd bf       	out	0x3d, r28	; 61
    2b34:	09 94       	ijmp

00002b36 <__epilogue_restores__>:
    2b36:	2a 88       	ldd	r2, Y+18	; 0x12
    2b38:	39 88       	ldd	r3, Y+17	; 0x11
    2b3a:	48 88       	ldd	r4, Y+16	; 0x10
    2b3c:	5f 84       	ldd	r5, Y+15	; 0x0f
    2b3e:	6e 84       	ldd	r6, Y+14	; 0x0e
    2b40:	7d 84       	ldd	r7, Y+13	; 0x0d
    2b42:	8c 84       	ldd	r8, Y+12	; 0x0c
    2b44:	9b 84       	ldd	r9, Y+11	; 0x0b
    2b46:	aa 84       	ldd	r10, Y+10	; 0x0a
    2b48:	b9 84       	ldd	r11, Y+9	; 0x09
    2b4a:	c8 84       	ldd	r12, Y+8	; 0x08
    2b4c:	df 80       	ldd	r13, Y+7	; 0x07
    2b4e:	ee 80       	ldd	r14, Y+6	; 0x06
    2b50:	fd 80       	ldd	r15, Y+5	; 0x05
    2b52:	0c 81       	ldd	r16, Y+4	; 0x04
    2b54:	1b 81       	ldd	r17, Y+3	; 0x03
    2b56:	aa 81       	ldd	r26, Y+2	; 0x02
    2b58:	b9 81       	ldd	r27, Y+1	; 0x01
    2b5a:	ce 0f       	add	r28, r30
    2b5c:	d1 1d       	adc	r29, r1
    2b5e:	0f b6       	in	r0, 0x3f	; 63
    2b60:	f8 94       	cli
    2b62:	de bf       	out	0x3e, r29	; 62
    2b64:	0f be       	out	0x3f, r0	; 63
    2b66:	cd bf       	out	0x3d, r28	; 61
    2b68:	ed 01       	movw	r28, r26
    2b6a:	08 95       	ret

00002b6c <_exit>:
    2b6c:	f8 94       	cli

00002b6e <__stop_program>:
    2b6e:	ff cf       	rjmp	.-2      	; 0x2b6e <__stop_program>
